version,phase,index,started_at_utc,duration_ms,headers_ms,status,body_bytes,cache_status,edge_colo,valid
v0,warmup,0,2026-09-08T14:47:22.539Z,523.519,521.697,200,4,absent,HKG,true
v1,warmup,0,2026-09-08T14:47:23.063Z,290.646,290.050,200,785,REVALIDATED,KIX,true
v0,warmup,1,2026-09-08T14:47:23.455Z,233.584,233.460,200,4,absent,HKG,true
v1,warmup,1,2026-09-08T14:47:23.689Z,60.376,60.072,200,785,HIT,KIX,true
v0,warmup,2,2026-09-08T14:47:23.851Z,228.039,227.701,200,4,absent,HKG,true
v1,warmup,2,2026-09-08T14:47:24.079Z,44.060,43.544,200,785,HIT,KIX,true
v0,warmup,3,2026-09-08T14:47:24.223Z,252.490,251.596,200,4,absent,HKG,true
v1,warmup,3,2026-09-08T14:47:24.475Z,47.536,46.830,200,785,HIT,KIX,true
v0,warmup,4,2026-09-08T14:47:24.624Z,235.638,235.508,200,4,absent,HKG,true
v1,warmup,4,2026-09-08T14:47:24.860Z,45.374,45.085,200,785,HIT,KIX,true
v0,warmup,5,2026-09-08T14:47:25.006Z,245.392,245.018,200,4,absent,HKG,true
v1,warmup,5,2026-09-08T14:47:25.251Z,54.821,54.462,200,785,HIT,KIX,true
v0,warmup,6,2026-09-08T14:47:25.407Z,225.655,225.355,200,4,absent,HKG,true
v1,warmup,6,2026-09-08T14:47:25.632Z,46.684,46.240,200,785,HIT,KIX,true
v0,warmup,7,2026-09-08T14:47:25.780Z,233.080,232.934,200,4,absent,HKG,true
v1,warmup,7,2026-09-08T14:47:26.013Z,44.233,43.831,200,785,HIT,KIX,true
v0,warmup,8,2026-09-08T14:47:26.159Z,299.009,298.778,200,4,absent,HKG,true
v1,warmup,8,2026-09-08T14:47:26.458Z,57.473,56.399,200,785,HIT,KIX,true
v0,warmup,9,2026-09-08T14:47:26.617Z,221.124,220.867,200,4,absent,HKG,true
v1,warmup,9,2026-09-08T14:47:26.838Z,55.350,44.779,200,785,HIT,KIX,true
v1,measured,0,2026-09-08T14:47:26.996Z,53.443,53.284,200,785,HIT,KIX,true
v1,measured,1,2026-09-08T14:47:27.095Z,58.439,58.055,200,785,HIT,KIX,true
v0,measured,0,2026-09-08T14:47:26.996Z,232.468,232.320,200,4,absent,HKG,true
v1,measured,2,2026-09-08T14:47:27.194Z,43.335,43.231,200,785,HIT,KIX,true
v1,measured,3,2026-09-08T14:47:27.295Z,48.706,48.483,200,785,HIT,KIX,true
v1,measured,4,2026-09-08T14:47:27.398Z,49.072,48.838,200,785,HIT,KIX,true
v0,measured,1,2026-09-08T14:47:27.096Z,429.803,429.636,200,4,absent,HKG,true
v0,measured,3,2026-09-08T14:47:27.295Z,232.517,232.462,200,4,absent,HKG,true
v1,measured,5,2026-09-08T14:47:27.495Z,47.278,47.116,200,785,HIT,KIX,true
v0,measured,2,2026-09-08T14:47:27.193Z,352.751,352.647,200,4,absent,NRT,true
v1,measured,6,2026-09-08T14:47:27.595Z,51.767,51.338,200,785,HIT,KIX,true
v0,measured,4,2026-09-08T14:47:27.396Z,310.118,309.828,200,4,absent,HKG,true
v1,measured,7,2026-09-08T14:47:27.696Z,43.674,43.173,200,785,HIT,KIX,true
v0,measured,5,2026-09-08T14:47:27.496Z,325.730,325.505,200,4,absent,HKG,true
v0,measured,6,2026-09-08T14:47:27.594Z,229.678,229.497,200,4,absent,HKG,true
v1,measured,8,2026-09-08T14:47:27.796Z,47.318,47.010,200,785,HIT,KIX,true
v1,measured,9,2026-09-08T14:47:27.895Z,60.595,59.751,200,785,HIT,KIX,true
v0,measured,7,2026-09-08T14:47:27.697Z,273.915,273.682,200,4,absent,HKG,true
v0,measured,8,2026-09-08T14:47:27.795Z,194.093,193.902,200,4,absent,NRT,true
v1,measured,10,2026-09-08T14:47:27.997Z,47.783,47.378,200,785,HIT,KIX,true
v0,measured,9,2026-09-08T14:47:27.896Z,239.145,238.854,200,4,absent,HKG,true
v1,measured,11,2026-09-08T14:47:28.095Z,51.058,50.684,200,785,HIT,KIX,true
v1,measured,12,2026-09-08T14:47:28.204Z,51.532,51.382,200,785,HIT,KIX,true
v0,measured,10,2026-09-08T14:47:27.995Z,276.955,276.861,200,4,absent,HKG,true
v0,measured,11,2026-09-08T14:47:28.096Z,198.861,198.775,200,4,absent,NRT,true
v0,measured,12,2026-09-08T14:47:28.203Z,240.096,239.960,200,4,absent,HKG,true
v1,measured,13,2026-09-08T14:47:28.295Z,160.980,160.785,200,785,REVALIDATED,KIX,true
v1,measured,15,2026-09-08T14:47:28.494Z,67.479,67.386,200,785,HIT,KIX,true
v0,measured,13,2026-09-08T14:47:28.296Z,267.306,267.149,200,4,absent,HKG,true
v0,measured,14,2026-09-08T14:47:28.395Z,189.810,189.691,200,4,absent,NRT,true
v1,measured,14,2026-09-08T14:47:28.396Z,291.516,291.385,200,785,REVALIDATED,HKG,true
v1,measured,16,2026-09-08T14:47:28.597Z,93.949,93.886,200,785,HIT,KIX,true
v0,measured,15,2026-09-08T14:47:28.495Z,249.533,249.291,200,4,absent,HKG,true
v1,measured,17,2026-09-08T14:47:28.695Z,55.876,55.711,200,785,HIT,KIX,true
v1,measured,18,2026-09-08T14:47:28.796Z,87.031,86.810,200,785,HIT,KIX,true
v0,measured,17,2026-09-08T14:47:28.696Z,206.532,206.307,200,4,absent,NRT,true
v0,measured,16,2026-09-08T14:47:28.597Z,325.812,325.498,200,4,absent,HKG,true
v1,measured,19,2026-09-08T14:47:28.896Z,69.973,69.851,200,785,HIT,KIX,true
v0,measured,18,2026-09-08T14:47:28.796Z,244.678,244.602,200,4,absent,HKG,true
v1,measured,20,2026-09-08T14:47:28.996Z,51.066,50.970,200,785,HIT,KIX,true
v1,measured,21,2026-09-08T14:47:29.094Z,64.830,64.725,200,785,HIT,KIX,true
v0,measured,19,2026-09-08T14:47:28.897Z,274.834,274.645,200,4,absent,HKG,true
v1,measured,22,2026-09-08T14:47:29.196Z,50.960,50.777,200,785,HIT,KIX,true
v0,measured,20,2026-09-08T14:47:28.995Z,272.426,272.157,200,4,absent,HKG,true
v0,measured,21,2026-09-08T14:47:29.094Z,238.560,238.453,200,4,absent,HKG,true
v1,measured,23,2026-09-08T14:47:29.296Z,46.200,46.106,200,785,HIT,KIX,true
v0,measured,22,2026-09-08T14:47:29.195Z,185.956,185.861,200,4,absent,NRT,true
v1,measured,24,2026-09-08T14:47:29.396Z,53.173,53.025,200,785,HIT,KIX,true
v1,measured,25,2026-09-08T14:47:29.496Z,48.398,48.326,200,785,HIT,KIX,true
v0,measured,23,2026-09-08T14:47:29.296Z,276.656,276.584,200,4,absent,HKG,true
v0,measured,24,2026-09-08T14:47:29.395Z,222.263,222.182,200,4,absent,HKG,true
v1,measured,26,2026-09-08T14:47:29.597Z,53.548,53.464,200,785,HIT,KIX,true
v0,measured,25,2026-09-08T14:47:29.496Z,193.621,193.543,200,4,absent,NRT,true
v1,measured,27,2026-09-08T14:47:29.695Z,57.353,57.207,200,785,HIT,KIX,true
v1,measured,28,2026-09-08T14:47:29.797Z,50.892,50.750,200,785,HIT,KIX,true
v0,measured,26,2026-09-08T14:47:29.595Z,271.727,271.276,200,4,absent,HKG,true
v0,measured,27,2026-09-08T14:47:29.696Z,229.122,228.941,200,4,absent,HKG,true
v1,measured,29,2026-09-08T14:47:29.894Z,54.919,54.765,200,785,HIT,KIX,true
v0,measured,28,2026-09-08T14:47:29.796Z,182.397,182.302,200,4,absent,NRT,true
v1,measured,30,2026-09-08T14:47:29.995Z,56.183,56.114,200,785,HIT,KIX,true
v1,measured,31,2026-09-08T14:47:30.095Z,48.277,48.208,200,785,HIT,KIX,true
v0,measured,29,2026-09-08T14:47:29.895Z,274.193,274.081,200,4,absent,HKG,true
v0,measured,30,2026-09-08T14:47:29.995Z,227.551,227.349,200,4,absent,HKG,true
v1,measured,32,2026-09-08T14:47:30.196Z,53.213,53.142,200,785,HIT,KIX,true
v0,measured,31,2026-09-08T14:47:30.095Z,193.039,192.947,200,4,absent,NRT,true
v1,measured,33,2026-09-08T14:47:30.294Z,47.426,47.333,200,785,HIT,KIX,true
v1,measured,34,2026-09-08T14:47:30.395Z,47.564,47.488,200,785,HIT,KIX,true
v0,measured,32,2026-09-08T14:47:30.196Z,271.648,271.523,200,4,absent,HKG,true
v0,measured,33,2026-09-08T14:47:30.295Z,222.450,222.246,200,4,absent,HKG,true
v1,measured,35,2026-09-08T14:47:30.495Z,42.898,42.775,200,785,HIT,KIX,true
v0,measured,34,2026-09-08T14:47:30.395Z,187.266,187.080,200,4,absent,NRT,true
v1,measured,36,2026-09-08T14:47:30.600Z,66.613,65.957,200,785,HIT,KIX,true
v1,measured,37,2026-09-08T14:47:30.694Z,49.160,48.925,200,785,HIT,KIX,true
v0,measured,35,2026-09-08T14:47:30.496Z,271.821,271.720,200,4,absent,HKG,true
v0,measured,36,2026-09-08T14:47:30.599Z,225.005,224.823,200,4,absent,HKG,true
v1,measured,38,2026-09-08T14:47:30.796Z,73.987,73.807,200,785,HIT,KIX,true
v0,measured,37,2026-09-08T14:47:30.696Z,194.231,194.095,200,4,absent,NRT,true
v1,measured,39,2026-09-08T14:47:30.894Z,44.897,44.663,200,785,HIT,KIX,true
v1,measured,40,2026-09-08T14:47:30.996Z,48.094,48.012,200,785,HIT,KIX,true
v0,measured,38,2026-09-08T14:47:30.796Z,272.019,271.956,200,4,absent,HKG,true
v0,measured,39,2026-09-08T14:47:30.895Z,235.175,235.072,200,4,absent,HKG,true
v1,measured,41,2026-09-08T14:47:31.095Z,67.675,67.576,200,785,HIT,KIX,true
v0,measured,40,2026-09-08T14:47:30.995Z,186.951,186.843,200,4,absent,NRT,true
v1,measured,42,2026-09-08T14:47:31.197Z,46.836,46.755,200,785,HIT,KIX,true
v1,measured,43,2026-09-08T14:47:31.296Z,46.323,46.218,200,785,HIT,KIX,true
v0,measured,41,2026-09-08T14:47:31.097Z,294.955,294.879,200,4,absent,HKG,true
v0,measured,42,2026-09-08T14:47:31.196Z,226.298,226.228,200,4,absent,HKG,true
v1,measured,44,2026-09-08T14:47:31.396Z,46.589,46.445,200,785,HIT,KIX,true
v0,measured,43,2026-09-08T14:47:31.296Z,178.810,178.727,200,4,absent,NRT,true
v1,measured,45,2026-09-08T14:47:31.494Z,49.084,48.971,200,785,HIT,KIX,true
v1,measured,46,2026-09-08T14:47:31.595Z,50.364,50.273,200,785,HIT,KIX,true
v0,measured,44,2026-09-08T14:47:31.395Z,266.106,266.020,200,4,absent,HKG,true
v0,measured,45,2026-09-08T14:47:31.495Z,226.957,226.853,200,4,absent,HKG,true
v1,measured,47,2026-09-08T14:47:31.696Z,45.375,45.262,200,785,HIT,KIX,true
v0,measured,46,2026-09-08T14:47:31.594Z,185.906,185.799,200,4,absent,NRT,true
v1,measured,48,2026-09-08T14:47:31.797Z,46.169,46.044,200,785,HIT,KIX,true
v1,measured,49,2026-09-08T14:47:31.895Z,50.722,50.540,200,785,HIT,KIX,true
v0,measured,47,2026-09-08T14:47:31.696Z,275.926,275.684,200,4,absent,HKG,true
v0,measured,48,2026-09-08T14:47:31.796Z,226.475,226.292,200,4,absent,HKG,true
v1,measured,50,2026-09-08T14:47:31.996Z,46.626,46.487,200,785,HIT,KIX,true
v0,measured,49,2026-09-08T14:47:31.896Z,192.860,192.692,200,4,absent,NRT,true
v1,measured,51,2026-09-08T14:47:32.095Z,44.230,44.045,200,785,HIT,KIX,true
v1,measured,52,2026-09-08T14:47:32.195Z,51.649,51.532,200,785,HIT,KIX,true
v0,measured,50,2026-09-08T14:47:31.995Z,281.678,281.269,200,4,absent,HKG,true
v1,measured,53,2026-09-08T14:47:32.295Z,48.614,48.401,200,785,HIT,KIX,true
v0,measured,51,2026-09-08T14:47:32.097Z,247.848,247.749,200,4,absent,HKG,true
v0,measured,52,2026-09-08T14:47:32.195Z,194.799,194.733,200,4,absent,NRT,true
v1,measured,54,2026-09-08T14:47:32.396Z,46.057,45.874,200,785,HIT,KIX,true
v1,measured,55,2026-09-08T14:47:32.496Z,49.946,49.383,200,785,HIT,KIX,true
v0,measured,53,2026-09-08T14:47:32.296Z,281.650,281.550,200,4,absent,HKG,true
v0,measured,54,2026-09-08T14:47:32.395Z,223.250,223.145,200,4,absent,HKG,true
v1,measured,56,2026-09-08T14:47:32.595Z,45.398,45.236,200,785,HIT,KIX,true
v0,measured,55,2026-09-08T14:47:32.497Z,200.646,200.525,200,4,absent,NRT,true
v1,measured,57,2026-09-08T14:47:32.695Z,44.403,44.274,200,785,HIT,KIX,true
v1,measured,58,2026-09-08T14:47:32.795Z,41.739,41.622,200,785,HIT,KIX,true
v0,measured,56,2026-09-08T14:47:32.595Z,273.235,273.185,200,4,absent,HKG,true
v0,measured,57,2026-09-08T14:47:32.696Z,223.020,222.840,200,4,absent,HKG,true
v1,measured,59,2026-09-08T14:47:32.895Z,44.833,44.633,200,785,HIT,KIX,true
v0,measured,58,2026-09-08T14:47:32.795Z,188.290,188.153,200,4,absent,NRT,true
v1,measured,60,2026-09-08T14:47:32.997Z,46.758,46.630,200,785,HIT,KIX,true
v1,measured,61,2026-09-08T14:47:33.094Z,42.868,42.777,200,785,HIT,KIX,true
v0,measured,59,2026-09-08T14:47:32.895Z,266.153,266.037,200,4,absent,HKG,true
v0,measured,60,2026-09-08T14:47:32.996Z,228.192,227.934,200,4,absent,HKG,true
v1,measured,62,2026-09-08T14:47:33.195Z,43.609,43.431,200,785,HIT,KIX,true
v0,measured,61,2026-09-08T14:47:33.095Z,187.219,186.868,200,4,absent,NRT,true
v1,measured,63,2026-09-08T14:47:33.294Z,45.108,44.961,200,785,HIT,KIX,true
v1,measured,64,2026-09-08T14:47:33.395Z,44.189,44.064,200,785,HIT,KIX,true
v0,measured,62,2026-09-08T14:47:33.195Z,277.084,276.975,200,4,absent,HKG,true
v0,measured,63,2026-09-08T14:47:33.295Z,234.678,230.388,200,4,absent,HKG,true
v0,measured,64,2026-09-08T14:47:33.395Z,189.920,189.657,200,4,absent,NRT,true
v1,measured,65,2026-09-08T14:47:33.495Z,155.941,155.851,200,785,REVALIDATED,KIX,true
v1,measured,66,2026-09-08T14:47:33.596Z,128.331,127.989,200,785,HIT,KIX,true
v1,measured,67,2026-09-08T14:47:33.695Z,42.608,42.506,200,785,HIT,KIX,true
v0,measured,65,2026-09-08T14:47:33.495Z,274.140,274.015,200,4,absent,HKG,true
v0,measured,66,2026-09-08T14:47:33.596Z,226.287,225.724,200,4,absent,HKG,true
v1,measured,68,2026-09-08T14:47:33.797Z,48.071,47.925,200,785,HIT,KIX,true
v0,measured,67,2026-09-08T14:47:33.695Z,192.772,192.416,200,4,absent,NRT,true
v1,measured,69,2026-09-08T14:47:33.900Z,49.685,49.441,200,785,HIT,KIX,true
v1,measured,70,2026-09-08T14:47:33.996Z,42.765,42.683,200,785,HIT,KIX,true
v0,measured,68,2026-09-08T14:47:33.796Z,276.401,276.331,200,4,absent,HKG,true
v0,measured,69,2026-09-08T14:47:33.903Z,225.050,224.992,200,4,absent,HKG,true
v1,measured,71,2026-09-08T14:47:34.095Z,41.703,41.638,200,785,HIT,KIX,true
v0,measured,70,2026-09-08T14:47:33.996Z,182.601,182.377,200,4,absent,NRT,true
v1,measured,72,2026-09-08T14:47:34.196Z,44.552,44.368,200,785,HIT,KIX,true
v1,measured,73,2026-09-08T14:47:34.294Z,50.798,50.695,200,785,HIT,KIX,true
v0,measured,71,2026-09-08T14:47:34.095Z,278.080,277.867,200,4,absent,HKG,true
v0,measured,72,2026-09-08T14:47:34.196Z,225.509,225.343,200,4,absent,HKG,true
v1,measured,74,2026-09-08T14:47:34.396Z,47.016,46.692,200,785,HIT,KIX,true
v0,measured,73,2026-09-08T14:47:34.295Z,183.319,183.195,200,4,absent,NRT,true
v1,measured,75,2026-09-08T14:47:34.495Z,45.096,44.920,200,785,HIT,KIX,true
v1,measured,76,2026-09-08T14:47:34.595Z,51.311,50.992,200,785,HIT,KIX,true
v0,measured,74,2026-09-08T14:47:34.395Z,270.078,269.879,200,4,absent,HKG,true
v0,measured,75,2026-09-08T14:47:34.497Z,224.632,224.504,200,4,absent,HKG,true
v1,measured,77,2026-09-08T14:47:34.694Z,44.427,44.224,200,785,HIT,KIX,true
v0,measured,76,2026-09-08T14:47:34.594Z,178.788,178.667,200,4,absent,NRT,true
v1,measured,78,2026-09-08T14:47:34.795Z,44.914,44.717,200,785,HIT,KIX,true
v1,measured,79,2026-09-08T14:47:34.895Z,47.917,47.527,200,785,HIT,KIX,true
v0,measured,77,2026-09-08T14:47:34.695Z,273.801,273.611,200,4,absent,HKG,true
v0,measured,78,2026-09-08T14:47:34.794Z,232.390,232.230,200,4,absent,HKG,true
v1,measured,80,2026-09-08T14:47:34.996Z,55.396,55.217,200,785,HIT,KIX,true
v0,measured,79,2026-09-08T14:47:34.896Z,198.982,198.837,200,4,absent,NRT,true
v1,measured,81,2026-09-08T14:47:35.096Z,45.332,45.133,200,785,HIT,KIX,true
v1,measured,82,2026-09-08T14:47:35.196Z,44.841,44.697,200,785,HIT,KIX,true
v0,measured,80,2026-09-08T14:47:34.996Z,275.832,275.663,200,4,absent,HKG,true
v0,measured,81,2026-09-08T14:47:35.096Z,221.480,221.337,200,4,absent,HKG,true
v1,measured,83,2026-09-08T14:47:35.295Z,44.105,43.957,200,785,HIT,KIX,true
v0,measured,82,2026-09-08T14:47:35.195Z,189.449,189.321,200,4,absent,NRT,true
v1,measured,84,2026-09-08T14:47:35.397Z,50.838,50.628,200,785,HIT,KIX,true
v1,measured,85,2026-09-08T14:47:35.496Z,43.309,43.187,200,785,HIT,KIX,true
v0,measured,83,2026-09-08T14:47:35.296Z,276.887,276.743,200,4,absent,HKG,true
v0,measured,84,2026-09-08T14:47:35.396Z,233.822,233.614,200,4,absent,HKG,true
v1,measured,86,2026-09-08T14:47:35.595Z,45.391,45.240,200,785,HIT,KIX,true
v0,measured,85,2026-09-08T14:47:35.496Z,185.788,185.599,200,4,absent,NRT,true
v1,measured,87,2026-09-08T14:47:35.695Z,43.890,43.696,200,785,HIT,KIX,true
v1,measured,88,2026-09-08T14:47:35.796Z,45.032,44.887,200,785,HIT,KIX,true
v0,measured,86,2026-09-08T14:47:35.594Z,275.890,275.745,200,4,absent,HKG,true
v0,measured,87,2026-09-08T14:47:35.696Z,229.672,229.449,200,4,absent,HKG,true
v1,measured,89,2026-09-08T14:47:35.895Z,43.439,43.253,200,785,HIT,KIX,true
v0,measured,88,2026-09-08T14:47:35.796Z,186.674,186.510,200,4,absent,NRT,true
v1,measured,90,2026-09-08T14:47:35.995Z,43.679,43.534,200,785,HIT,KIX,true
v1,measured,91,2026-09-08T14:47:36.096Z,43.011,42.806,200,785,HIT,KIX,true
v0,measured,89,2026-09-08T14:47:35.895Z,272.150,271.991,200,4,absent,HKG,true
v0,measured,90,2026-09-08T14:47:35.994Z,224.628,224.269,200,4,absent,HKG,true
v1,measured,92,2026-09-08T14:47:36.196Z,47.872,47.571,200,785,HIT,KIX,true
v0,measured,91,2026-09-08T14:47:36.096Z,195.314,195.142,200,4,absent,NRT,true
v1,measured,93,2026-09-08T14:47:36.295Z,44.266,44.087,200,785,HIT,KIX,true
v1,measured,94,2026-09-08T14:47:36.397Z,43.016,42.875,200,785,HIT,KIX,true
v0,measured,92,2026-09-08T14:47:36.195Z,272.692,272.599,200,4,absent,HKG,true
v0,measured,93,2026-09-08T14:47:36.296Z,225.362,225.294,200,4,absent,HKG,true
v1,measured,95,2026-09-08T14:47:36.496Z,43.327,43.268,200,785,HIT,KIX,true
v0,measured,94,2026-09-08T14:47:36.396Z,191.065,190.995,200,4,absent,NRT,true
v1,measured,96,2026-09-08T14:47:36.595Z,45.496,45.336,200,785,HIT,KIX,true
v1,measured,97,2026-09-08T14:47:36.696Z,44.283,44.177,200,785,HIT,KIX,true
v0,measured,95,2026-09-08T14:47:36.496Z,268.893,268.795,200,4,absent,HKG,true
v0,measured,96,2026-09-08T14:47:36.595Z,224.834,224.734,200,4,absent,HKG,true
v1,measured,98,2026-09-08T14:47:36.796Z,44.868,44.780,200,785,HIT,KIX,true
v0,measured,97,2026-09-08T14:47:36.697Z,196.228,196.048,200,4,absent,NRT,true
v1,measured,99,2026-09-08T14:47:36.893Z,43.692,43.559,200,785,HIT,KIX,true
v1,measured,100,2026-09-08T14:47:36.995Z,44.254,44.183,200,785,HIT,KIX,true
v0,measured,98,2026-09-08T14:47:36.795Z,272.428,272.358,200,4,absent,HKG,true
v0,measured,99,2026-09-08T14:47:36.894Z,228.839,228.789,200,4,absent,HKG,true
v1,measured,101,2026-09-08T14:47:37.095Z,44.489,44.433,200,785,HIT,KIX,true
v0,measured,100,2026-09-08T14:47:36.994Z,190.055,189.992,200,4,absent,NRT,true
v1,measured,102,2026-09-08T14:47:37.196Z,45.631,45.546,200,785,HIT,KIX,true
v1,measured,103,2026-09-08T14:47:37.295Z,47.848,47.539,200,785,HIT,KIX,true
v0,measured,101,2026-09-08T14:47:37.095Z,268.672,268.272,200,4,absent,HKG,true
v0,measured,102,2026-09-08T14:47:37.195Z,229.470,229.160,200,4,absent,HKG,true
v1,measured,104,2026-09-08T14:47:37.397Z,56.502,56.418,200,785,HIT,KIX,true
v0,measured,103,2026-09-08T14:47:37.296Z,202.033,201.864,200,4,absent,NRT,true
v1,measured,105,2026-09-08T14:47:37.494Z,42.937,42.779,200,785,HIT,KIX,true
v1,measured,106,2026-09-08T14:47:37.595Z,45.208,45.140,200,785,HIT,KIX,true
v0,measured,104,2026-09-08T14:47:37.395Z,276.013,275.908,200,4,absent,HKG,true
v0,measured,105,2026-09-08T14:47:37.494Z,227.747,227.654,200,4,absent,HKG,true
v1,measured,107,2026-09-08T14:47:37.695Z,46.109,45.993,200,785,HIT,KIX,true
v0,measured,106,2026-09-08T14:47:37.594Z,182.590,182.339,200,4,absent,NRT,true
v1,measured,108,2026-09-08T14:47:37.797Z,46.734,46.670,200,785,HIT,KIX,true
v1,measured,109,2026-09-08T14:47:37.896Z,45.535,45.365,200,785,HIT,KIX,true
v0,measured,107,2026-09-08T14:47:37.695Z,274.105,273.895,200,4,absent,HKG,true
v0,measured,108,2026-09-08T14:47:37.796Z,225.088,224.989,200,4,absent,HKG,true
v1,measured,110,2026-09-08T14:47:37.996Z,43.986,43.896,200,785,HIT,KIX,true
v0,measured,109,2026-09-08T14:47:37.896Z,181.152,181.029,200,4,absent,NRT,true
v1,measured,111,2026-09-08T14:47:38.094Z,51.535,51.461,200,785,HIT,KIX,true
v1,measured,112,2026-09-08T14:47:38.197Z,47.439,47.301,200,785,HIT,KIX,true
v0,measured,110,2026-09-08T14:47:37.995Z,270.352,269.982,200,4,absent,HKG,true
v0,measured,111,2026-09-08T14:47:38.095Z,232.773,232.587,200,4,absent,HKG,true
v1,measured,113,2026-09-08T14:47:38.296Z,47.757,47.605,200,785,HIT,KIX,true
v0,measured,112,2026-09-08T14:47:38.196Z,199.640,199.523,200,4,absent,NRT,true
v1,measured,114,2026-09-08T14:47:38.395Z,45.791,45.615,200,785,HIT,KIX,true
v1,measured,115,2026-09-08T14:47:38.499Z,45.551,45.315,200,785,HIT,KIX,true
v0,measured,113,2026-09-08T14:47:38.297Z,279.405,279.196,200,4,absent,HKG,true
v0,measured,114,2026-09-08T14:47:38.394Z,224.826,224.644,200,4,absent,HKG,true
v0,measured,115,2026-09-08T14:47:38.500Z,178.953,178.782,200,4,absent,NRT,true
v1,measured,116,2026-09-08T14:47:38.597Z,168.430,168.281,200,785,REVALIDATED,KIX,true
v1,measured,118,2026-09-08T14:47:38.796Z,45.102,45.005,200,785,HIT,KIX,true
v0,measured,116,2026-09-08T14:47:38.596Z,283.100,283.043,200,4,absent,HKG,true
v0,measured,117,2026-09-08T14:47:38.696Z,222.492,222.337,200,4,absent,HKG,true
v1,measured,119,2026-09-08T14:47:38.896Z,49.871,49.688,200,785,HIT,KIX,true
v1,measured,117,2026-09-08T14:47:38.695Z,264.745,264.363,200,785,REVALIDATED,HKG,true
v0,measured,118,2026-09-08T14:47:38.796Z,184.931,184.712,200,4,absent,NRT,true
v1,measured,120,2026-09-08T14:47:38.996Z,47.686,47.515,200,785,HIT,KIX,true
v1,measured,121,2026-09-08T14:47:39.096Z,43.514,43.239,200,785,HIT,KIX,true
v0,measured,119,2026-09-08T14:47:38.896Z,271.444,271.279,200,4,absent,HKG,true
v0,measured,120,2026-09-08T14:47:38.995Z,230.533,230.338,200,4,absent,HKG,true
v1,measured,122,2026-09-08T14:47:39.196Z,43.549,43.375,200,785,HIT,KIX,true
v0,measured,121,2026-09-08T14:47:39.096Z,189.366,189.099,200,4,absent,NRT,true
v1,measured,123,2026-09-08T14:47:39.303Z,44.530,44.304,200,785,HIT,KIX,true
v1,measured,124,2026-09-08T14:47:39.396Z,49.663,49.491,200,785,HIT,KIX,true
v0,measured,122,2026-09-08T14:47:39.196Z,277.760,277.648,200,4,absent,HKG,true
v1,measured,125,2026-09-08T14:47:39.495Z,45.848,45.737,200,785,HIT,KIX,true
v0,measured,123,2026-09-08T14:47:39.304Z,240.127,239.939,200,4,absent,HKG,true
v0,measured,124,2026-09-08T14:47:39.395Z,190.792,190.655,200,4,absent,NRT,true
v1,measured,126,2026-09-08T14:47:39.596Z,45.785,45.680,200,785,HIT,KIX,true
v1,measured,127,2026-09-08T14:47:39.695Z,45.094,44.999,200,785,HIT,KIX,true
v0,measured,125,2026-09-08T14:47:39.495Z,272.668,272.493,200,4,absent,HKG,true
v0,measured,126,2026-09-08T14:47:39.595Z,228.399,228.200,200,4,absent,HKG,true
v1,measured,128,2026-09-08T14:47:39.797Z,44.564,44.430,200,785,HIT,KIX,true
v0,measured,127,2026-09-08T14:47:39.695Z,201.401,201.293,200,4,absent,NRT,true
v1,measured,129,2026-09-08T14:47:39.894Z,46.984,46.786,200,785,HIT,KIX,true
v1,measured,130,2026-09-08T14:47:39.996Z,45.653,45.515,200,785,HIT,KIX,true
v0,measured,128,2026-09-08T14:47:39.796Z,264.762,264.612,200,4,absent,HKG,true
v0,measured,129,2026-09-08T14:47:39.895Z,226.347,226.181,200,4,absent,HKG,true
v1,measured,131,2026-09-08T14:47:40.096Z,43.328,43.154,200,785,HIT,KIX,true
v0,measured,130,2026-09-08T14:47:39.996Z,201.269,201.101,200,4,absent,NRT,true
v1,measured,132,2026-09-08T14:47:40.196Z,44.091,43.991,200,785,HIT,KIX,true
v1,measured,133,2026-09-08T14:47:40.295Z,44.126,43.915,200,785,HIT,KIX,true
v0,measured,131,2026-09-08T14:47:40.096Z,270.509,270.255,200,4,absent,HKG,true
v0,measured,132,2026-09-08T14:47:40.195Z,220.252,220.069,200,4,absent,HKG,true
v1,measured,134,2026-09-08T14:47:40.396Z,44.693,44.589,200,785,HIT,KIX,true
v0,measured,133,2026-09-08T14:47:40.296Z,198.015,197.912,200,4,absent,NRT,true
v1,measured,135,2026-09-08T14:47:40.494Z,46.882,46.713,200,785,HIT,KIX,true
v1,measured,136,2026-09-08T14:47:40.596Z,48.371,48.229,200,785,HIT,KIX,true
v0,measured,134,2026-09-08T14:47:40.395Z,282.158,281.960,200,4,absent,HKG,true
v0,measured,135,2026-09-08T14:47:40.495Z,230.426,230.210,200,4,absent,HKG,true
v1,measured,137,2026-09-08T14:47:40.696Z,43.745,43.597,200,785,HIT,KIX,true
v0,measured,136,2026-09-08T14:47:40.596Z,184.110,183.944,200,4,absent,NRT,true
v1,measured,138,2026-09-08T14:47:40.797Z,44.024,43.842,200,785,HIT,KIX,true
v1,measured,139,2026-09-08T14:47:40.894Z,44.564,44.398,200,785,HIT,KIX,true
v0,measured,137,2026-09-08T14:47:40.697Z,270.486,270.135,200,4,absent,HKG,true
v0,measured,138,2026-09-08T14:47:40.796Z,235.352,235.184,200,4,absent,HKG,true
v1,measured,140,2026-09-08T14:47:40.997Z,47.981,47.811,200,785,HIT,KIX,true
v0,measured,139,2026-09-08T14:47:40.895Z,195.874,195.769,200,4,absent,NRT,true
v1,measured,141,2026-09-08T14:47:41.095Z,47.253,47.155,200,785,HIT,KIX,true
v1,measured,142,2026-09-08T14:47:41.197Z,42.873,42.585,200,785,HIT,KIX,true
v0,measured,140,2026-09-08T14:47:40.996Z,267.670,267.481,200,4,absent,HKG,true
v0,measured,141,2026-09-08T14:47:41.095Z,227.474,227.289,200,4,absent,HKG,true
v1,measured,143,2026-09-08T14:47:41.295Z,47.083,46.944,200,785,HIT,KIX,true
v0,measured,142,2026-09-08T14:47:41.196Z,187.285,187.178,200,4,absent,NRT,true
v1,measured,144,2026-09-08T14:47:41.395Z,47.920,47.805,200,785,HIT,KIX,true
v0,measured,143,2026-09-08T14:47:41.296Z,261.313,261.168,200,4,absent,HKG,true
v1,measured,145,2026-09-08T14:47:41.495Z,67.777,67.667,200,785,HIT,KIX,true
v0,measured,144,2026-09-08T14:47:41.395Z,229.102,229.032,200,4,absent,HKG,true
v1,measured,146,2026-09-08T14:47:41.595Z,43.474,43.403,200,785,HIT,KIX,true
v0,measured,145,2026-09-08T14:47:41.496Z,212.508,212.164,200,4,absent,NRT,true
v1,measured,147,2026-09-08T14:47:41.696Z,44.657,44.551,200,785,HIT,KIX,true
v1,measured,148,2026-09-08T14:47:41.795Z,43.482,43.401,200,785,HIT,KIX,true
v0,measured,146,2026-09-08T14:47:41.594Z,268.198,268.140,200,4,absent,HKG,true
v0,measured,147,2026-09-08T14:47:41.696Z,239.007,238.810,200,4,absent,HKG,true
v1,measured,149,2026-09-08T14:47:41.894Z,42.921,42.836,200,785,HIT,KIX,true
v0,measured,148,2026-09-08T14:47:41.795Z,197.590,197.482,200,4,absent,NRT,true
v1,measured,150,2026-09-08T14:47:41.994Z,45.826,45.637,200,785,HIT,KIX,true
v1,measured,151,2026-09-08T14:47:42.095Z,44.595,44.440,200,785,HIT,KIX,true
v0,measured,149,2026-09-08T14:47:41.895Z,270.381,270.161,200,4,absent,HKG,true
v0,measured,150,2026-09-08T14:47:41.994Z,241.171,240.979,200,4,absent,HKG,true
v1,measured,152,2026-09-08T14:47:42.196Z,44.667,44.524,200,785,HIT,KIX,true
v0,measured,151,2026-09-08T14:47:42.096Z,189.078,188.862,200,4,absent,NRT,true
v1,measured,153,2026-09-08T14:47:42.294Z,43.314,42.998,200,785,HIT,KIX,true
v1,measured,154,2026-09-08T14:47:42.396Z,45.859,45.675,200,785,HIT,KIX,true
v0,measured,152,2026-09-08T14:47:42.196Z,270.766,270.576,200,4,absent,HKG,true
v0,measured,153,2026-09-08T14:47:42.295Z,225.316,225.168,200,4,absent,HKG,true
v1,measured,155,2026-09-08T14:47:42.495Z,48.213,48.087,200,785,HIT,KIX,true
v0,measured,154,2026-09-08T14:47:42.395Z,196.967,196.702,200,4,absent,NRT,true
v1,measured,156,2026-09-08T14:47:42.596Z,43.776,43.679,200,785,HIT,KIX,true
v1,measured,157,2026-09-08T14:47:42.695Z,45.698,45.595,200,785,HIT,KIX,true
v0,measured,155,2026-09-08T14:47:42.495Z,270.489,270.408,200,4,absent,HKG,true
v0,measured,156,2026-09-08T14:47:42.595Z,221.222,221.142,200,4,absent,HKG,true
v1,measured,158,2026-09-08T14:47:42.796Z,43.593,43.522,200,785,HIT,KIX,true
v0,measured,157,2026-09-08T14:47:42.695Z,190.320,190.133,200,4,absent,NRT,true
v1,measured,159,2026-09-08T14:47:42.896Z,46.972,46.771,200,785,HIT,KIX,true
v1,measured,160,2026-09-08T14:47:42.996Z,44.783,44.720,200,785,HIT,KIX,true
v0,measured,158,2026-09-08T14:47:42.796Z,275.431,275.257,200,4,absent,HKG,true
v0,measured,159,2026-09-08T14:47:42.897Z,226.716,226.643,200,4,absent,HKG,true
v1,measured,161,2026-09-08T14:47:43.096Z,46.665,46.484,200,785,HIT,KIX,true
v0,measured,160,2026-09-08T14:47:42.996Z,181.492,181.379,200,4,absent,NRT,true
v1,measured,162,2026-09-08T14:47:43.195Z,48.408,48.217,200,785,HIT,KIX,true
v1,measured,163,2026-09-08T14:47:43.296Z,44.472,44.287,200,785,HIT,KIX,true
v0,measured,161,2026-09-08T14:47:43.096Z,269.353,269.201,200,4,absent,HKG,true
v0,measured,162,2026-09-08T14:47:43.195Z,224.261,224.058,200,4,absent,HKG,true
v1,measured,164,2026-09-08T14:47:43.395Z,44.178,43.976,200,785,HIT,KIX,true
v0,measured,163,2026-09-08T14:47:43.297Z,191.188,190.991,200,4,absent,NRT,true
v1,measured,165,2026-09-08T14:47:43.495Z,51.092,50.924,200,785,HIT,KIX,true
v1,measured,166,2026-09-08T14:47:43.597Z,43.715,43.540,200,785,HIT,KIX,true
v0,measured,164,2026-09-08T14:47:43.394Z,266.082,265.933,200,4,absent,HKG,true
v0,measured,165,2026-09-08T14:47:43.495Z,224.382,224.171,200,4,absent,HKG,true
v1,measured,167,2026-09-08T14:47:43.696Z,48.344,48.228,200,785,HIT,KIX,true
v0,measured,166,2026-09-08T14:47:43.596Z,181.189,181.063,200,4,absent,NRT,true
v1,measured,168,2026-09-08T14:47:43.796Z,164.428,164.270,200,785,REVALIDATED,KIX,true
v0,measured,167,2026-09-08T14:47:43.696Z,268.426,268.252,200,4,absent,HKG,true
v0,measured,168,2026-09-08T14:47:43.796Z,241.144,241.024,200,4,absent,HKG,true
v1,measured,170,2026-09-08T14:47:43.996Z,46.209,46.099,200,785,HIT,KIX,true
v0,measured,169,2026-09-08T14:47:43.898Z,214.233,213.869,200,4,absent,NRT,true
v1,measured,171,2026-09-08T14:47:44.095Z,44.359,44.287,200,785,HIT,KIX,true
v1,measured,169,2026-09-08T14:47:43.896Z,252.696,252.595,200,785,REVALIDATED,HKG,true
v1,measured,172,2026-09-08T14:47:44.196Z,45.079,44.890,200,785,HIT,KIX,true
v0,measured,170,2026-09-08T14:47:43.995Z,278.900,278.600,200,4,absent,HKG,true
v0,measured,171,2026-09-08T14:47:44.096Z,224.136,224.001,200,4,absent,HKG,true
v1,measured,173,2026-09-08T14:47:44.296Z,49.248,49.120,200,785,HIT,KIX,true
v0,measured,172,2026-09-08T14:47:44.196Z,182.917,182.433,200,4,absent,NRT,true
v1,measured,174,2026-09-08T14:47:44.397Z,47.406,47.284,200,785,HIT,KIX,true
v1,measured,175,2026-09-08T14:47:44.494Z,53.320,53.113,200,785,HIT,KIX,true
v0,measured,173,2026-09-08T14:47:44.296Z,272.132,272.027,200,4,absent,HKG,true
v0,measured,174,2026-09-08T14:47:44.396Z,226.827,226.707,200,4,absent,HKG,true
v1,measured,176,2026-09-08T14:47:44.595Z,48.828,48.720,200,785,HIT,KIX,true
v0,measured,175,2026-09-08T14:47:44.495Z,184.372,184.286,200,4,absent,NRT,true
v1,measured,177,2026-09-08T14:47:44.694Z,47.098,46.958,200,785,HIT,KIX,true
v1,measured,178,2026-09-08T14:47:44.795Z,47.200,46.966,200,785,HIT,KIX,true
v0,measured,176,2026-09-08T14:47:44.594Z,277.990,277.696,200,4,absent,HKG,true
v0,measured,177,2026-09-08T14:47:44.695Z,223.508,223.375,200,4,absent,HKG,true
v1,measured,179,2026-09-08T14:47:44.896Z,44.754,44.659,200,785,HIT,KIX,true
v0,measured,178,2026-09-08T14:47:44.795Z,205.901,205.668,200,4,absent,NRT,true
v1,measured,180,2026-09-08T14:47:44.996Z,47.834,47.699,200,785,HIT,KIX,true
v1,measured,181,2026-09-08T14:47:45.094Z,46.276,46.178,200,785,HIT,KIX,true
v0,measured,179,2026-09-08T14:47:44.897Z,274.249,274.154,200,4,absent,HKG,true
v0,measured,180,2026-09-08T14:47:44.995Z,220.356,220.248,200,4,absent,HKG,true
v1,measured,182,2026-09-08T14:47:45.196Z,48.651,48.547,200,785,HIT,KIX,true
v0,measured,181,2026-09-08T14:47:45.095Z,185.187,185.094,200,4,absent,NRT,true
v1,measured,183,2026-09-08T14:47:45.295Z,49.625,49.528,200,785,HIT,KIX,true
v1,measured,184,2026-09-08T14:47:45.396Z,45.680,45.598,200,785,HIT,KIX,true
v0,measured,182,2026-09-08T14:47:45.195Z,273.353,273.169,200,4,absent,HKG,true
v1,measured,185,2026-09-08T14:47:45.496Z,45.383,45.250,200,785,HIT,KIX,true
v0,measured,183,2026-09-08T14:47:45.295Z,249.643,249.598,200,4,absent,HKG,true
v0,measured,184,2026-09-08T14:47:45.395Z,186.094,186.003,200,4,absent,NRT,true
v1,measured,186,2026-09-08T14:47:45.595Z,46.899,46.825,200,785,HIT,KIX,true
v1,measured,187,2026-09-08T14:47:45.695Z,50.038,49.824,200,785,HIT,KIX,true
v0,measured,185,2026-09-08T14:47:45.497Z,270.686,270.394,200,4,absent,HKG,true
v0,measured,186,2026-09-08T14:47:45.594Z,224.538,224.397,200,4,absent,HKG,true
v1,measured,188,2026-09-08T14:47:45.798Z,45.890,45.668,200,785,HIT,KIX,true
v0,measured,187,2026-09-08T14:47:45.697Z,181.190,181.103,200,4,absent,NRT,true
v1,measured,189,2026-09-08T14:47:45.895Z,44.012,43.932,200,785,HIT,KIX,true
v1,measured,190,2026-09-08T14:47:45.996Z,46.459,46.401,200,785,HIT,KIX,true
v0,measured,188,2026-09-08T14:47:45.796Z,267.927,267.858,200,4,absent,HKG,true
v0,measured,189,2026-09-08T14:47:45.895Z,224.701,224.575,200,4,absent,HKG,true
v1,measured,191,2026-09-08T14:47:46.096Z,43.283,43.210,200,785,HIT,KIX,true
v0,measured,190,2026-09-08T14:47:45.996Z,189.821,189.758,200,4,absent,NRT,true
v1,measured,192,2026-09-08T14:47:46.196Z,47.788,47.710,200,785,HIT,KIX,true
v1,measured,193,2026-09-08T14:47:46.296Z,46.324,46.272,200,785,HIT,KIX,true
v0,measured,191,2026-09-08T14:47:46.096Z,266.882,266.832,200,4,absent,HKG,true
v0,measured,192,2026-09-08T14:47:46.196Z,222.661,222.598,200,4,absent,HKG,true
v1,measured,194,2026-09-08T14:47:46.396Z,50.985,50.929,200,785,HIT,KIX,true
v0,measured,193,2026-09-08T14:47:46.296Z,182.434,182.367,200,4,absent,NRT,true
v1,measured,195,2026-09-08T14:47:46.495Z,46.755,46.676,200,785,HIT,KIX,true
v1,measured,196,2026-09-08T14:47:46.595Z,42.247,42.144,200,785,HIT,KIX,true
v0,measured,194,2026-09-08T14:47:46.396Z,276.157,276.090,200,4,absent,HKG,true
v0,measured,195,2026-09-08T14:47:46.496Z,244.324,244.270,200,4,absent,HKG,true
v1,measured,197,2026-09-08T14:47:46.696Z,44.148,44.123,200,785,HIT,KIX,true
v0,measured,196,2026-09-08T14:47:46.595Z,187.856,187.807,200,4,absent,NRT,true
v1,measured,198,2026-09-08T14:47:46.796Z,46.452,46.395,200,785,HIT,KIX,true
v1,measured,199,2026-09-08T14:47:46.895Z,41.876,41.760,200,785,HIT,KIX,true
v0,measured,197,2026-09-08T14:47:46.696Z,274.933,274.874,200,4,absent,HKG,true
v0,measured,198,2026-09-08T14:47:46.796Z,220.905,220.832,200,4,absent,HKG,true
v1,measured,200,2026-09-08T14:47:46.995Z,43.781,43.692,200,785,HIT,KIX,true
v0,measured,199,2026-09-08T14:47:46.896Z,184.684,184.621,200,4,absent,NRT,true
v1,measured,201,2026-09-08T14:47:47.094Z,50.552,50.479,200,785,HIT,KIX,true
v1,measured,202,2026-09-08T14:47:47.196Z,41.518,41.405,200,785,HIT,KIX,true
v0,measured,200,2026-09-08T14:47:46.994Z,266.616,266.465,200,4,absent,HKG,true
v0,measured,201,2026-09-08T14:47:47.095Z,224.857,224.690,200,4,absent,HKG,true
v1,measured,203,2026-09-08T14:47:47.294Z,44.624,44.390,200,785,HIT,KIX,true
v0,measured,202,2026-09-08T14:47:47.195Z,190.180,190.032,200,4,absent,NRT,true
v1,measured,204,2026-09-08T14:47:47.396Z,44.205,44.034,200,785,HIT,KIX,true
v1,measured,205,2026-09-08T14:47:47.496Z,45.333,45.206,200,785,HIT,KIX,true
v0,measured,203,2026-09-08T14:47:47.295Z,284.486,284.240,200,4,absent,HKG,true
v0,measured,204,2026-09-08T14:47:47.396Z,221.554,221.405,200,4,absent,HKG,true
v1,measured,206,2026-09-08T14:47:47.595Z,43.888,43.458,200,785,HIT,KIX,true
v0,measured,205,2026-09-08T14:47:47.497Z,187.395,187.210,200,4,absent,NRT,true
v1,measured,207,2026-09-08T14:47:47.695Z,44.647,44.558,200,785,HIT,KIX,true
v1,measured,208,2026-09-08T14:47:47.797Z,44.929,44.845,200,785,HIT,KIX,true
v0,measured,206,2026-09-08T14:47:47.595Z,283.054,282.996,200,4,absent,HKG,true
v0,measured,207,2026-09-08T14:47:47.696Z,231.507,231.333,200,4,absent,HKG,true
v1,measured,209,2026-09-08T14:47:47.896Z,43.822,43.658,200,785,HIT,KIX,true
v0,measured,208,2026-09-08T14:47:47.796Z,197.327,197.114,200,4,absent,NRT,true
v1,measured,210,2026-09-08T14:47:47.996Z,43.825,43.613,200,785,HIT,KIX,true
v1,measured,211,2026-09-08T14:47:48.095Z,46.339,46.151,200,785,HIT,KIX,true
v0,measured,209,2026-09-08T14:47:47.896Z,278.968,278.750,200,4,absent,HKG,true
v0,measured,210,2026-09-08T14:47:47.995Z,238.891,238.722,200,4,absent,HKG,true
v1,measured,212,2026-09-08T14:47:48.196Z,45.106,44.890,200,785,HIT,KIX,true
v0,measured,211,2026-09-08T14:47:48.096Z,201.258,201.130,200,4,absent,NRT,true
v1,measured,213,2026-09-08T14:47:48.295Z,44.651,44.439,200,785,HIT,KIX,true
v1,measured,214,2026-09-08T14:47:48.395Z,43.892,43.408,200,785,HIT,KIX,true
v0,measured,212,2026-09-08T14:47:48.195Z,277.682,277.475,200,4,absent,HKG,true
v0,measured,213,2026-09-08T14:47:48.296Z,228.957,228.834,200,4,absent,HKG,true
v1,measured,215,2026-09-08T14:47:48.495Z,42.507,42.370,200,785,HIT,KIX,true
v0,measured,214,2026-09-08T14:47:48.395Z,195.716,195.321,200,4,absent,NRT,true
v1,measured,216,2026-09-08T14:47:48.595Z,43.913,43.634,200,785,HIT,KIX,true
v1,measured,217,2026-09-08T14:47:48.696Z,45.926,45.724,200,785,HIT,KIX,true
v0,measured,215,2026-09-08T14:47:48.495Z,267.412,267.190,200,4,absent,HKG,true
v0,measured,216,2026-09-08T14:47:48.594Z,230.269,230.083,200,4,absent,HKG,true
v1,measured,218,2026-09-08T14:47:48.796Z,42.839,42.619,200,785,HIT,KIX,true
v0,measured,217,2026-09-08T14:47:48.697Z,185.414,185.272,200,4,absent,NRT,true
v1,measured,219,2026-09-08T14:47:48.895Z,42.836,42.741,200,785,HIT,KIX,true
v0,measured,218,2026-09-08T14:47:48.795Z,284.736,284.679,200,4,absent,HKG,true
v0,measured,219,2026-09-08T14:47:48.896Z,223.874,223.318,200,4,absent,HKG,true
v1,measured,220,2026-09-08T14:47:48.995Z,160.755,160.617,200,785,REVALIDATED,KIX,true
v0,measured,220,2026-09-08T14:47:48.995Z,187.813,187.719,200,4,absent,NRT,true
v1,measured,222,2026-09-08T14:47:49.195Z,43.524,43.434,200,785,HIT,KIX,true
v1,measured,223,2026-09-08T14:47:49.296Z,47.201,47.009,200,785,HIT,KIX,true
v1,measured,221,2026-09-08T14:47:49.096Z,258.601,258.328,200,785,REVALIDATED,HKG,true
v0,measured,221,2026-09-08T14:47:49.098Z,267.431,267.209,200,4,absent,HKG,true
v0,measured,222,2026-09-08T14:47:49.195Z,232.208,232.017,200,4,absent,HKG,true
v1,measured,224,2026-09-08T14:47:49.397Z,45.769,45.526,200,785,HIT,KIX,true
v0,measured,223,2026-09-08T14:47:49.297Z,210.161,210.014,200,4,absent,NRT,true
v1,measured,225,2026-09-08T14:47:49.495Z,52.086,51.894,200,785,HIT,KIX,true
v1,measured,226,2026-09-08T14:47:49.596Z,45.819,45.627,200,785,HIT,KIX,true
v0,measured,224,2026-09-08T14:47:49.396Z,291.261,291.095,200,4,absent,HKG,true
v0,measured,225,2026-09-08T14:47:49.496Z,246.755,246.684,200,4,absent,HKG,true
v1,measured,227,2026-09-08T14:47:49.695Z,47.726,47.622,200,785,HIT,KIX,true
v0,measured,226,2026-09-08T14:47:49.595Z,207.239,207.088,200,4,absent,NRT,true
v1,measured,228,2026-09-08T14:47:49.797Z,48.662,48.554,200,785,HIT,KIX,true
v1,measured,229,2026-09-08T14:47:49.894Z,44.718,44.499,200,785,HIT,KIX,true
v0,measured,227,2026-09-08T14:47:49.696Z,280.620,280.505,200,4,absent,HKG,true
v0,measured,228,2026-09-08T14:47:49.796Z,231.558,231.387,200,4,absent,HKG,true
v1,measured,230,2026-09-08T14:47:49.995Z,44.600,44.468,200,785,HIT,KIX,true
v0,measured,229,2026-09-08T14:47:49.895Z,196.585,196.477,200,4,absent,NRT,true
v1,measured,231,2026-09-08T14:47:50.094Z,43.761,43.629,200,785,HIT,KIX,true
v1,measured,232,2026-09-08T14:47:50.196Z,45.203,44.984,200,785,HIT,KIX,true
v0,measured,230,2026-09-08T14:47:49.994Z,273.647,273.438,200,4,absent,HKG,true
v0,measured,231,2026-09-08T14:47:50.094Z,222.073,221.768,200,4,absent,HKG,true
v1,measured,233,2026-09-08T14:47:50.294Z,45.218,44.936,200,785,HIT,KIX,true
v0,measured,232,2026-09-08T14:47:50.196Z,187.035,186.914,200,4,absent,NRT,true
v1,measured,234,2026-09-08T14:47:50.395Z,46.056,45.865,200,785,HIT,KIX,true
v1,measured,235,2026-09-08T14:47:50.496Z,46.025,45.907,200,785,HIT,KIX,true
v0,measured,233,2026-09-08T14:47:50.295Z,273.741,273.612,200,4,absent,HKG,true
v0,measured,234,2026-09-08T14:47:50.395Z,221.060,220.885,200,4,absent,HKG,true
v1,measured,236,2026-09-08T14:47:50.596Z,44.659,44.083,200,785,HIT,KIX,true
v0,measured,235,2026-09-08T14:47:50.497Z,188.596,188.467,200,4,absent,NRT,true
v1,measured,237,2026-09-08T14:47:50.694Z,46.749,46.570,200,785,HIT,KIX,true
v1,measured,238,2026-09-08T14:47:50.796Z,43.927,43.790,200,785,HIT,KIX,true
v0,measured,236,2026-09-08T14:47:50.595Z,274.058,273.876,200,4,absent,HKG,true
v0,measured,237,2026-09-08T14:47:50.695Z,222.146,221.938,200,4,absent,HKG,true
v1,measured,239,2026-09-08T14:47:50.893Z,47.703,47.560,200,785,HIT,KIX,true
v0,measured,238,2026-09-08T14:47:50.795Z,182.713,182.575,200,4,absent,NRT,true
v1,measured,240,2026-09-08T14:47:50.997Z,44.259,44.088,200,785,HIT,KIX,true
v1,measured,241,2026-09-08T14:47:51.096Z,42.992,42.449,200,785,HIT,KIX,true
v0,measured,239,2026-09-08T14:47:50.894Z,274.417,274.264,200,4,absent,HKG,true
v0,measured,240,2026-09-08T14:47:50.996Z,225.685,225.480,200,4,absent,HKG,true
v1,measured,242,2026-09-08T14:47:51.195Z,43.461,43.282,200,785,HIT,KIX,true
v0,measured,241,2026-09-08T14:47:51.096Z,186.071,185.934,200,4,absent,NRT,true
v1,measured,243,2026-09-08T14:47:51.296Z,44.081,43.904,200,785,HIT,KIX,true
v1,measured,244,2026-09-08T14:47:51.396Z,47.788,47.670,200,785,HIT,KIX,true
v0,measured,242,2026-09-08T14:47:51.195Z,283.879,283.498,200,4,absent,HKG,true
v0,measured,243,2026-09-08T14:47:51.296Z,224.632,224.496,200,4,absent,HKG,true
v1,measured,245,2026-09-08T14:47:51.495Z,42.709,42.519,200,785,HIT,KIX,true
v0,measured,244,2026-09-08T14:47:51.396Z,205.549,204.900,200,4,absent,NRT,true
v1,measured,246,2026-09-08T14:47:51.597Z,42.713,42.546,200,785,HIT,KIX,true
v1,measured,247,2026-09-08T14:47:51.695Z,48.380,48.172,200,785,HIT,KIX,true
v0,measured,245,2026-09-08T14:47:51.496Z,278.447,278.217,200,4,absent,HKG,true
v0,measured,246,2026-09-08T14:47:51.596Z,219.795,219.671,200,4,absent,HKG,true
v1,measured,248,2026-09-08T14:47:51.797Z,45.980,45.827,200,785,HIT,KIX,true
v0,measured,247,2026-09-08T14:47:51.695Z,191.194,190.901,200,4,absent,NRT,true
v1,measured,249,2026-09-08T14:47:51.896Z,45.242,45.120,200,785,HIT,KIX,true
v1,measured,250,2026-09-08T14:47:51.996Z,43.465,43.244,200,785,HIT,KIX,true
v0,measured,248,2026-09-08T14:47:51.796Z,269.155,269.040,200,4,absent,HKG,true
v0,measured,249,2026-09-08T14:47:51.897Z,226.390,226.186,200,4,absent,HKG,true
v1,measured,251,2026-09-08T14:47:52.095Z,44.290,44.115,200,785,HIT,KIX,true
v0,measured,250,2026-09-08T14:47:51.995Z,189.938,189.839,200,4,absent,NRT,true
v1,measured,252,2026-09-08T14:47:52.196Z,44.328,44.129,200,785,HIT,KIX,true
v1,measured,253,2026-09-08T14:47:52.296Z,44.361,44.226,200,785,HIT,KIX,true
v0,measured,251,2026-09-08T14:47:52.095Z,268.229,267.944,200,4,absent,HKG,true
v0,measured,252,2026-09-08T14:47:52.196Z,216.578,216.467,200,4,absent,HKG,true
v1,measured,254,2026-09-08T14:47:52.395Z,46.829,46.736,200,785,HIT,KIX,true
v0,measured,253,2026-09-08T14:47:52.297Z,188.865,188.707,200,4,absent,NRT,true
v1,measured,255,2026-09-08T14:47:52.496Z,46.249,46.136,200,785,HIT,KIX,true
v1,measured,256,2026-09-08T14:47:52.596Z,46.684,46.506,200,785,HIT,KIX,true
v0,measured,254,2026-09-08T14:47:52.395Z,264.430,264.273,200,4,absent,HKG,true
v0,measured,255,2026-09-08T14:47:52.496Z,222.385,222.223,200,4,absent,HKG,true
v1,measured,257,2026-09-08T14:47:52.696Z,52.099,51.985,200,785,HIT,KIX,true
v0,measured,256,2026-09-08T14:47:52.595Z,182.131,181.987,200,4,absent,NRT,true
v1,measured,258,2026-09-08T14:47:52.797Z,42.739,42.563,200,785,HIT,KIX,true
v1,measured,259,2026-09-08T14:47:52.895Z,43.504,43.401,200,785,HIT,KIX,true
v0,measured,257,2026-09-08T14:47:52.696Z,267.080,266.866,200,4,absent,HKG,true
v0,measured,258,2026-09-08T14:47:52.796Z,223.823,223.675,200,4,absent,HKG,true
v1,measured,260,2026-09-08T14:47:52.996Z,45.831,45.674,200,785,HIT,KIX,true
v0,measured,259,2026-09-08T14:47:52.895Z,197.677,197.540,200,4,absent,NRT,true
v1,measured,261,2026-09-08T14:47:53.095Z,42.518,42.404,200,785,HIT,KIX,true
v1,measured,262,2026-09-08T14:47:53.196Z,46.686,46.624,200,785,HIT,KIX,true
v0,measured,260,2026-09-08T14:47:52.996Z,274.915,274.842,200,4,absent,HKG,true
v0,measured,261,2026-09-08T14:47:53.096Z,229.543,229.469,200,4,absent,HKG,true
v1,measured,263,2026-09-08T14:47:53.296Z,49.206,49.142,200,785,HIT,KIX,true
v0,measured,262,2026-09-08T14:47:53.196Z,200.409,200.357,200,4,absent,NRT,true
v1,measured,264,2026-09-08T14:47:53.396Z,44.775,44.608,200,785,HIT,KIX,true
v1,measured,265,2026-09-08T14:47:53.495Z,45.075,44.943,200,785,HIT,KIX,true
v0,measured,263,2026-09-08T14:47:53.296Z,268.360,268.202,200,4,absent,HKG,true
v0,measured,264,2026-09-08T14:47:53.395Z,222.279,222.088,200,4,absent,HKG,true
v1,measured,266,2026-09-08T14:47:53.596Z,49.043,48.826,200,785,HIT,KIX,true
v0,measured,265,2026-09-08T14:47:53.496Z,201.988,201.740,200,4,absent,NRT,true
v1,measured,267,2026-09-08T14:47:53.694Z,47.442,47.325,200,785,HIT,KIX,true
v1,measured,268,2026-09-08T14:47:53.796Z,44.900,44.828,200,785,HIT,KIX,true
v0,measured,266,2026-09-08T14:47:53.595Z,271.681,271.520,200,4,absent,HKG,true
v0,measured,267,2026-09-08T14:47:53.695Z,231.462,231.244,200,4,absent,HKG,true
v1,measured,269,2026-09-08T14:47:53.896Z,45.880,45.723,200,785,HIT,KIX,true
v0,measured,268,2026-09-08T14:47:53.796Z,182.326,182.169,200,4,absent,NRT,true
v1,measured,270,2026-09-08T14:47:53.995Z,48.278,48.035,200,785,HIT,KIX,true
v1,measured,271,2026-09-08T14:47:54.096Z,43.135,43.043,200,785,HIT,KIX,true
v0,measured,269,2026-09-08T14:47:53.896Z,269.068,269.005,200,4,absent,HKG,true
v0,measured,270,2026-09-08T14:47:53.995Z,225.168,225.085,200,4,absent,HKG,true
v0,measured,271,2026-09-08T14:47:54.096Z,188.705,188.642,200,4,absent,NRT,true
v1,measured,272,2026-09-08T14:47:54.196Z,159.079,159.014,200,785,REVALIDATED,KIX,true
v1,measured,274,2026-09-08T14:47:54.395Z,47.257,47.200,200,785,HIT,KIX,true
v0,measured,272,2026-09-08T14:47:54.196Z,265.849,265.798,200,4,absent,HKG,true
v0,measured,273,2026-09-08T14:47:54.296Z,227.500,227.436,200,4,absent,HKG,true
v1,measured,275,2026-09-08T14:47:54.495Z,47.940,47.894,200,785,HIT,KIX,true
v1,measured,273,2026-09-08T14:47:54.295Z,251.176,251.070,200,785,REVALIDATED,HKG,true
v0,measured,274,2026-09-08T14:47:54.395Z,181.612,181.520,200,4,absent,NRT,true
v1,measured,276,2026-09-08T14:47:54.595Z,47.794,47.651,200,785,HIT,KIX,true
v1,measured,277,2026-09-08T14:47:54.695Z,44.939,44.539,200,785,HIT,KIX,true
v0,measured,275,2026-09-08T14:47:54.495Z,268.288,268.161,200,4,absent,HKG,true
v0,measured,276,2026-09-08T14:47:54.595Z,227.902,227.849,200,4,absent,HKG,true
v1,measured,278,2026-09-08T14:47:54.796Z,42.178,42.117,200,785,HIT,KIX,true
v0,measured,277,2026-09-08T14:47:54.696Z,202.401,202.302,200,4,absent,NRT,true
v1,measured,279,2026-09-08T14:47:54.895Z,45.338,45.235,200,785,HIT,KIX,true
v1,measured,280,2026-09-08T14:47:54.995Z,46.101,45.891,200,785,HIT,KIX,true
v0,measured,278,2026-09-08T14:47:54.795Z,270.969,270.793,200,4,absent,HKG,true
v0,measured,279,2026-09-08T14:47:54.896Z,227.927,227.845,200,4,absent,HKG,true
v1,measured,281,2026-09-08T14:47:55.095Z,43.236,42.993,200,785,HIT,KIX,true
v0,measured,280,2026-09-08T14:47:54.995Z,187.873,187.760,200,4,absent,NRT,true
v1,measured,282,2026-09-08T14:47:55.196Z,44.257,44.080,200,785,HIT,KIX,true
v1,measured,283,2026-09-08T14:47:55.296Z,46.282,46.224,200,785,HIT,KIX,true
v0,measured,281,2026-09-08T14:47:55.095Z,267.728,267.683,200,4,absent,HKG,true
v0,measured,282,2026-09-08T14:47:55.196Z,229.099,229.033,200,4,absent,HKG,true
v1,measured,284,2026-09-08T14:47:55.397Z,44.185,44.115,200,785,HIT,KIX,true
v0,measured,283,2026-09-08T14:47:55.296Z,187.520,187.436,200,4,absent,NRT,true
v1,measured,285,2026-09-08T14:47:55.495Z,42.741,42.626,200,785,HIT,KIX,true
v1,measured,286,2026-09-08T14:47:55.595Z,43.095,42.939,200,785,HIT,KIX,true
v0,measured,284,2026-09-08T14:47:55.396Z,271.580,271.430,200,4,absent,HKG,true
v0,measured,285,2026-09-08T14:47:55.496Z,240.433,240.329,200,4,absent,HKG,true
v1,measured,287,2026-09-08T14:47:55.695Z,42.974,42.789,200,785,HIT,KIX,true
v0,measured,286,2026-09-08T14:47:55.594Z,183.131,183.050,200,4,absent,NRT,true
v1,measured,288,2026-09-08T14:47:55.796Z,44.112,43.963,200,785,HIT,KIX,true
v1,measured,289,2026-09-08T14:47:55.895Z,45.875,45.691,200,785,HIT,KIX,true
v0,measured,287,2026-09-08T14:47:55.695Z,278.178,278.120,200,4,absent,HKG,true
v0,measured,288,2026-09-08T14:47:55.795Z,238.557,238.503,200,4,absent,HKG,true
v1,measured,290,2026-09-08T14:47:55.996Z,46.683,46.638,200,785,HIT,KIX,true
v0,measured,289,2026-09-08T14:47:55.895Z,186.953,186.891,200,4,absent,NRT,true
v1,measured,291,2026-09-08T14:47:56.095Z,41.254,41.201,200,785,HIT,KIX,true
v1,measured,292,2026-09-08T14:47:56.196Z,42.406,42.332,200,785,HIT,KIX,true
v0,measured,290,2026-09-08T14:47:55.996Z,275.123,275.006,200,4,absent,HKG,true
v0,measured,291,2026-09-08T14:47:56.095Z,238.259,238.112,200,4,absent,HKG,true
v1,measured,293,2026-09-08T14:47:56.296Z,45.282,44.829,200,785,HIT,KIX,true
v0,measured,292,2026-09-08T14:47:56.196Z,198.443,198.277,200,4,absent,NRT,true
v1,measured,294,2026-09-08T14:47:56.395Z,43.909,43.778,200,785,HIT,KIX,true
v1,measured,295,2026-09-08T14:47:56.495Z,44.032,43.891,200,785,HIT,KIX,true
v0,measured,293,2026-09-08T14:47:56.296Z,277.961,277.733,200,4,absent,HKG,true
v0,measured,294,2026-09-08T14:47:56.394Z,222.117,221.960,200,4,absent,HKG,true
v1,measured,296,2026-09-08T14:47:56.595Z,46.568,46.380,200,785,HIT,KIX,true
v0,measured,295,2026-09-08T14:47:56.496Z,184.504,184.083,200,4,absent,NRT,true
v1,measured,297,2026-09-08T14:47:56.696Z,47.804,47.615,200,785,HIT,KIX,true
v1,measured,298,2026-09-08T14:47:56.795Z,43.911,43.843,200,785,HIT,KIX,true
v0,measured,296,2026-09-08T14:47:56.594Z,277.941,277.899,200,4,absent,HKG,true
v0,measured,297,2026-09-08T14:47:56.697Z,236.255,236.137,200,4,absent,HKG,true
v1,measured,299,2026-09-08T14:47:56.895Z,42.056,41.969,200,785,HIT,KIX,true
v0,measured,298,2026-09-08T14:47:56.794Z,192.850,192.692,200,4,absent,NRT,true
v1,measured,300,2026-09-08T14:47:56.995Z,49.690,49.568,200,785,HIT,KIX,true
v1,measured,301,2026-09-08T14:47:57.095Z,43.214,43.119,200,785,HIT,KIX,true
v0,measured,299,2026-09-08T14:47:56.895Z,276.414,276.201,200,4,absent,HKG,true
v0,measured,300,2026-09-08T14:47:56.994Z,234.813,234.664,200,4,absent,HKG,true
v1,measured,302,2026-09-08T14:47:57.196Z,46.733,46.613,200,785,HIT,KIX,true
v0,measured,301,2026-09-08T14:47:57.096Z,201.945,201.649,200,4,absent,NRT,true
v1,measured,303,2026-09-08T14:47:57.294Z,46.816,45.905,200,785,HIT,KIX,true
v1,measured,304,2026-09-08T14:47:57.396Z,49.521,49.366,200,785,HIT,KIX,true
v0,measured,302,2026-09-08T14:47:57.195Z,271.344,271.257,200,4,absent,HKG,true
v0,measured,303,2026-09-08T14:47:57.295Z,234.971,234.834,200,4,absent,HKG,true
v1,measured,305,2026-09-08T14:47:57.495Z,43.526,43.467,200,785,HIT,KIX,true
v0,measured,304,2026-09-08T14:47:57.395Z,206.756,206.666,200,4,absent,NRT,true
v1,measured,306,2026-09-08T14:47:57.595Z,47.586,47.423,200,785,HIT,KIX,true
v1,measured,307,2026-09-08T14:47:57.696Z,48.252,48.136,200,785,HIT,KIX,true
v0,measured,305,2026-09-08T14:47:57.496Z,274.798,274.606,200,4,absent,HKG,true
v0,measured,306,2026-09-08T14:47:57.595Z,228.000,227.841,200,4,absent,HKG,true
v1,measured,308,2026-09-08T14:47:57.796Z,74.634,74.448,200,785,HIT,KIX,true
v0,measured,307,2026-09-08T14:47:57.697Z,195.862,195.700,200,4,absent,NRT,true
v1,measured,309,2026-09-08T14:47:57.894Z,45.570,45.360,200,785,HIT,KIX,true
v1,measured,310,2026-09-08T14:47:57.997Z,44.885,44.697,200,785,HIT,KIX,true
v0,measured,308,2026-09-08T14:47:57.795Z,300.355,300.164,200,4,absent,HKG,true
v0,measured,309,2026-09-08T14:47:57.895Z,226.900,226.786,200,4,absent,HKG,true
v1,measured,311,2026-09-08T14:47:58.096Z,43.988,43.769,200,785,HIT,KIX,true
v0,measured,310,2026-09-08T14:47:57.996Z,191.673,191.497,200,4,absent,NRT,true
v1,measured,312,2026-09-08T14:47:58.196Z,46.162,45.964,200,785,HIT,KIX,true
v1,measured,313,2026-09-08T14:47:58.295Z,47.027,46.834,200,785,HIT,KIX,true
v0,measured,311,2026-09-08T14:47:58.096Z,280.496,280.306,200,4,absent,HKG,true
v0,measured,312,2026-09-08T14:47:58.195Z,225.584,225.333,200,4,absent,HKG,true
v1,measured,314,2026-09-08T14:47:58.396Z,44.415,44.220,200,785,HIT,KIX,true
v0,measured,313,2026-09-08T14:47:58.296Z,197.721,197.584,200,4,absent,NRT,true
v1,measured,315,2026-09-08T14:47:58.495Z,46.739,46.619,200,785,HIT,KIX,true
v1,measured,316,2026-09-08T14:47:58.596Z,46.742,46.646,200,785,HIT,KIX,true
v0,measured,314,2026-09-08T14:47:58.396Z,276.486,276.406,200,4,absent,HKG,true
v0,measured,315,2026-09-08T14:47:58.496Z,227.414,227.341,200,4,absent,HKG,true
v1,measured,317,2026-09-08T14:47:58.694Z,44.198,44.095,200,785,HIT,KIX,true
v0,measured,316,2026-09-08T14:47:58.595Z,185.351,185.274,200,4,absent,NRT,true
v1,measured,318,2026-09-08T14:47:58.795Z,42.578,42.510,200,785,HIT,KIX,true
v1,measured,319,2026-09-08T14:47:58.895Z,44.674,44.497,200,785,HIT,KIX,true
v0,measured,317,2026-09-08T14:47:58.695Z,278.964,278.765,200,4,absent,HKG,true
v0,measured,318,2026-09-08T14:47:58.794Z,221.550,221.363,200,4,absent,HKG,true
v1,measured,320,2026-09-08T14:47:58.996Z,43.147,43.020,200,785,HIT,KIX,true
v0,measured,319,2026-09-08T14:47:58.895Z,183.995,183.892,200,4,absent,NRT,true
v1,measured,321,2026-09-08T14:47:59.095Z,44.163,44.012,200,785,HIT,KIX,true
v1,measured,322,2026-09-08T14:47:59.194Z,43.692,43.602,200,785,HIT,KIX,true
v0,measured,320,2026-09-08T14:47:58.996Z,291.105,290.952,200,4,absent,HKG,true
v0,measured,321,2026-09-08T14:47:59.096Z,225.179,224.958,200,4,absent,HKG,true
v1,measured,323,2026-09-08T14:47:59.296Z,46.297,46.157,200,785,HIT,KIX,true
v0,measured,322,2026-09-08T14:47:59.194Z,196.950,196.743,200,4,absent,NRT,true
v1,measured,324,2026-09-08T14:47:59.395Z,162.417,162.272,200,785,REVALIDATED,KIX,true
v0,measured,323,2026-09-08T14:47:59.297Z,285.760,285.630,200,4,absent,HKG,true
v0,measured,324,2026-09-08T14:47:59.394Z,223.507,223.304,200,4,absent,HKG,true
v1,measured,326,2026-09-08T14:47:59.595Z,44.214,44.042,200,785,HIT,KIX,true
v0,measured,325,2026-09-08T14:47:59.497Z,185.420,185.244,200,4,absent,NRT,true
v1,measured,325,2026-09-08T14:47:59.496Z,243.553,243.338,200,785,REVALIDATED,HKG,true
v1,measured,327,2026-09-08T14:47:59.695Z,56.907,56.774,200,785,HIT,KIX,true
v1,measured,328,2026-09-08T14:47:59.795Z,47.050,46.868,200,785,HIT,KIX,true
v0,measured,326,2026-09-08T14:47:59.594Z,281.884,281.796,200,4,absent,HKG,true
v0,measured,327,2026-09-08T14:47:59.696Z,232.340,232.257,200,4,absent,HKG,true
v1,measured,329,2026-09-08T14:47:59.896Z,45.589,45.482,200,785,HIT,KIX,true
v0,measured,328,2026-09-08T14:47:59.794Z,197.442,197.355,200,4,absent,NRT,true
v1,measured,330,2026-09-08T14:47:59.996Z,43.347,43.168,200,785,HIT,KIX,true
v1,measured,331,2026-09-08T14:48:00.095Z,49.101,49.016,200,785,HIT,KIX,true
v0,measured,329,2026-09-08T14:47:59.897Z,284.712,284.532,200,4,absent,HKG,true
v0,measured,330,2026-09-08T14:47:59.994Z,237.214,237.128,200,4,absent,HKG,true
v1,measured,332,2026-09-08T14:48:00.196Z,45.816,45.704,200,785,HIT,KIX,true
v0,measured,331,2026-09-08T14:48:00.096Z,204.257,204.151,200,4,absent,NRT,true
v1,measured,333,2026-09-08T14:48:00.296Z,40.916,40.865,200,785,HIT,KIX,true
v1,measured,334,2026-09-08T14:48:00.395Z,43.032,42.880,200,785,HIT,KIX,true
v0,measured,332,2026-09-08T14:48:00.195Z,272.866,272.664,200,4,absent,HKG,true
v0,measured,333,2026-09-08T14:48:00.296Z,238.264,238.178,200,4,absent,HKG,true
v1,measured,335,2026-09-08T14:48:00.494Z,41.703,41.649,200,785,HIT,KIX,true
v0,measured,334,2026-09-08T14:48:00.395Z,184.244,184.146,200,4,absent,NRT,true
v1,measured,336,2026-09-08T14:48:00.595Z,45.722,45.599,200,785,HIT,KIX,true
v1,measured,337,2026-09-08T14:48:00.695Z,44.915,44.807,200,785,HIT,KIX,true
v0,measured,335,2026-09-08T14:48:00.495Z,268.744,268.667,200,4,absent,HKG,true
v0,measured,336,2026-09-08T14:48:00.594Z,220.877,220.817,200,4,absent,HKG,true
v1,measured,338,2026-09-08T14:48:00.795Z,44.464,44.321,200,785,HIT,KIX,true
v0,measured,337,2026-09-08T14:48:00.695Z,189.601,189.516,200,4,absent,NRT,true
v1,measured,339,2026-09-08T14:48:00.895Z,43.432,43.317,200,785,HIT,KIX,true
v1,measured,340,2026-09-08T14:48:00.996Z,48.609,48.529,200,785,HIT,KIX,true
v0,measured,338,2026-09-08T14:48:00.795Z,266.189,266.115,200,4,absent,HKG,true
v0,measured,339,2026-09-08T14:48:00.895Z,236.262,235.411,200,4,absent,HKG,true
v1,measured,341,2026-09-08T14:48:01.095Z,42.331,42.173,200,785,HIT,KIX,true
v0,measured,340,2026-09-08T14:48:00.995Z,192.529,192.357,200,4,absent,NRT,true
v1,measured,342,2026-09-08T14:48:01.196Z,43.105,43.001,200,785,HIT,KIX,true
v1,measured,343,2026-09-08T14:48:01.295Z,45.066,44.587,200,785,HIT,KIX,true
v0,measured,341,2026-09-08T14:48:01.095Z,267.549,267.390,200,4,absent,HKG,true
v1,measured,344,2026-09-08T14:48:01.396Z,51.151,51.004,200,785,HIT,KIX,true
v0,measured,342,2026-09-08T14:48:01.196Z,295.176,294.825,200,4,absent,HKG,true
v0,measured,343,2026-09-08T14:48:01.296Z,195.910,195.819,200,4,absent,NRT,true
v1,measured,345,2026-09-08T14:48:01.494Z,42.050,41.877,200,785,HIT,KIX,true
v1,measured,346,2026-09-08T14:48:01.596Z,47.016,46.886,200,785,HIT,KIX,true
v0,measured,344,2026-09-08T14:48:01.395Z,267.759,267.605,200,4,absent,HKG,true
v0,measured,345,2026-09-08T14:48:01.494Z,231.938,231.748,200,4,absent,HKG,true
v1,measured,347,2026-09-08T14:48:01.695Z,45.383,45.198,200,785,HIT,KIX,true
v0,measured,346,2026-09-08T14:48:01.595Z,192.550,192.328,200,4,absent,NRT,true
v1,measured,348,2026-09-08T14:48:01.796Z,43.205,42.990,200,785,HIT,KIX,true
v1,measured,349,2026-09-08T14:48:01.894Z,43.393,43.254,200,785,HIT,KIX,true
v0,measured,347,2026-09-08T14:48:01.696Z,277.904,277.790,200,4,absent,HKG,true
v0,measured,348,2026-09-08T14:48:01.795Z,229.071,228.972,200,4,absent,HKG,true
v1,measured,350,2026-09-08T14:48:01.996Z,46.530,46.221,200,785,HIT,KIX,true
v0,measured,349,2026-09-08T14:48:01.894Z,185.079,184.846,200,4,absent,NRT,true
v1,measured,351,2026-09-08T14:48:02.095Z,47.507,47.293,200,785,HIT,KIX,true
v1,measured,352,2026-09-08T14:48:02.196Z,52.288,52.189,200,785,HIT,KIX,true
v0,measured,350,2026-09-08T14:48:01.995Z,274.182,274.099,200,4,absent,HKG,true
v0,measured,351,2026-09-08T14:48:02.095Z,234.745,234.638,200,4,absent,HKG,true
v1,measured,353,2026-09-08T14:48:02.296Z,43.624,43.479,200,785,HIT,KIX,true
v0,measured,352,2026-09-08T14:48:02.195Z,205.675,205.421,200,4,absent,NRT,true
v1,measured,354,2026-09-08T14:48:02.397Z,53.527,53.380,200,785,HIT,KIX,true
v1,measured,355,2026-09-08T14:48:02.494Z,41.503,41.384,200,785,HIT,KIX,true
v0,measured,353,2026-09-08T14:48:02.296Z,270.475,270.400,200,4,absent,HKG,true
v0,measured,354,2026-09-08T14:48:02.396Z,236.493,236.319,200,4,absent,HKG,true
v1,measured,356,2026-09-08T14:48:02.596Z,43.970,43.783,200,785,HIT,KIX,true
v0,measured,355,2026-09-08T14:48:02.495Z,205.449,205.385,200,4,absent,NRT,true
v1,measured,357,2026-09-08T14:48:02.695Z,45.830,45.700,200,785,HIT,KIX,true
v1,measured,358,2026-09-08T14:48:02.796Z,44.508,44.353,200,785,HIT,KIX,true
v0,measured,357,2026-09-08T14:48:02.695Z,224.432,224.316,200,4,absent,HKG,true
v0,measured,356,2026-09-08T14:48:02.596Z,324.479,324.428,200,4,absent,HKG,true
v1,measured,359,2026-09-08T14:48:02.895Z,42.364,42.209,200,785,HIT,KIX,true
v0,measured,358,2026-09-08T14:48:02.796Z,196.019,195.893,200,4,absent,NRT,true
v1,measured,360,2026-09-08T14:48:02.995Z,42.886,42.709,200,785,HIT,KIX,true
v1,measured,361,2026-09-08T14:48:03.095Z,42.985,42.814,200,785,HIT,KIX,true
v0,measured,360,2026-09-08T14:48:02.995Z,228.018,227.747,200,4,absent,HKG,true
v1,measured,362,2026-09-08T14:48:03.196Z,48.033,47.911,200,785,HIT,KIX,true
v0,measured,359,2026-09-08T14:48:02.896Z,368.302,368.167,200,4,absent,HKG,true
v1,measured,363,2026-09-08T14:48:03.296Z,47.961,47.775,200,785,HIT,KIX,true
v0,measured,361,2026-09-08T14:48:03.095Z,262.498,262.364,200,4,absent,HKG,true
v0,measured,362,2026-09-08T14:48:03.196Z,204.899,204.776,200,4,absent,NRT,true
v1,measured,364,2026-09-08T14:48:03.397Z,44.967,44.734,200,785,HIT,KIX,true
v0,measured,363,2026-09-08T14:48:03.296Z,233.517,233.388,200,4,absent,HKG,true
v1,measured,365,2026-09-08T14:48:03.494Z,46.592,46.475,200,785,HIT,KIX,true
v1,measured,366,2026-09-08T14:48:03.596Z,45.040,44.929,200,785,HIT,KIX,true
v0,measured,364,2026-09-08T14:48:03.396Z,269.076,268.927,200,4,absent,HKG,true
v0,measured,365,2026-09-08T14:48:03.495Z,181.272,181.137,200,4,absent,NRT,true
v1,measured,367,2026-09-08T14:48:03.695Z,45.022,44.846,200,785,HIT,KIX,true
v0,measured,366,2026-09-08T14:48:03.595Z,225.888,225.818,200,4,absent,HKG,true
v1,measured,368,2026-09-08T14:48:03.794Z,47.888,47.800,200,785,HIT,KIX,true
v1,measured,369,2026-09-08T14:48:03.895Z,49.194,49.125,200,785,HIT,KIX,true
v0,measured,367,2026-09-08T14:48:03.696Z,266.247,266.141,200,4,absent,HKG,true
v0,measured,368,2026-09-08T14:48:03.794Z,193.803,193.719,200,4,absent,NRT,true
v1,measured,370,2026-09-08T14:48:03.996Z,44.282,44.226,200,785,HIT,KIX,true
v0,measured,369,2026-09-08T14:48:03.896Z,222.280,222.218,200,4,absent,HKG,true
v1,measured,371,2026-09-08T14:48:04.096Z,43.822,43.733,200,785,HIT,KIX,true
v1,measured,372,2026-09-08T14:48:04.195Z,48.053,48.000,200,785,HIT,KIX,true
v0,measured,370,2026-09-08T14:48:03.996Z,275.546,275.499,200,4,absent,HKG,true
v0,measured,371,2026-09-08T14:48:04.096Z,181.927,181.886,200,4,absent,NRT,true
v1,measured,373,2026-09-08T14:48:04.295Z,43.283,43.224,200,785,HIT,KIX,true
v0,measured,372,2026-09-08T14:48:04.195Z,228.582,228.470,200,4,absent,HKG,true
v1,measured,374,2026-09-08T14:48:04.396Z,43.838,43.636,200,785,HIT,KIX,true
v1,measured,375,2026-09-08T14:48:04.496Z,46.384,46.321,200,785,HIT,KIX,true
v0,measured,373,2026-09-08T14:48:04.296Z,283.389,283.291,200,4,absent,HKG,true
v0,measured,374,2026-09-08T14:48:04.395Z,184.923,184.903,200,4,absent,NRT,true
v0,measured,375,2026-09-08T14:48:04.496Z,223.298,223.142,200,4,absent,HKG,true
v1,measured,376,2026-09-08T14:48:04.595Z,157.744,157.536,200,785,REVALIDATED,KIX,true
v1,measured,378,2026-09-08T14:48:04.796Z,47.927,47.747,200,785,HIT,KIX,true
v0,measured,376,2026-09-08T14:48:04.595Z,273.639,273.483,200,4,absent,HKG,true
v0,measured,377,2026-09-08T14:48:04.696Z,195.010,194.867,200,4,absent,NRT,true
v1,measured,379,2026-09-08T14:48:04.895Z,45.874,45.714,200,785,HIT,KIX,true
v0,measured,378,2026-09-08T14:48:04.795Z,219.313,219.201,200,4,absent,HKG,true
v1,measured,380,2026-09-08T14:48:04.995Z,45.431,45.223,200,785,HIT,KIX,true
v1,measured,377,2026-09-08T14:48:04.695Z,375.636,375.333,200,785,REVALIDATED,HKG,true
v1,measured,381,2026-09-08T14:48:05.096Z,43.683,43.587,200,785,HIT,KIX,true
v0,measured,379,2026-09-08T14:48:04.896Z,265.189,265.121,200,4,absent,HKG,true
v0,measured,380,2026-09-08T14:48:04.995Z,187.681,187.620,200,4,absent,NRT,true
v1,measured,382,2026-09-08T14:48:05.195Z,42.093,41.986,200,785,HIT,KIX,true
v0,measured,381,2026-09-08T14:48:05.097Z,233.077,233.004,200,4,absent,HKG,true
v1,measured,383,2026-09-08T14:48:05.296Z,49.258,49.206,200,785,HIT,KIX,true
v1,measured,384,2026-09-08T14:48:05.397Z,45.639,45.574,200,785,HIT,KIX,true
v0,measured,382,2026-09-08T14:48:05.194Z,269.534,269.482,200,4,absent,HKG,true
v0,measured,383,2026-09-08T14:48:05.296Z,176.746,176.693,200,4,absent,NRT,true
v1,measured,385,2026-09-08T14:48:05.495Z,51.597,51.525,200,785,HIT,KIX,true
v0,measured,384,2026-09-08T14:48:05.396Z,229.131,229.015,200,4,absent,HKG,true
v1,measured,386,2026-09-08T14:48:05.596Z,42.820,42.587,200,785,HIT,KIX,true
v1,measured,387,2026-09-08T14:48:05.695Z,44.634,44.493,200,785,HIT,KIX,true
v0,measured,385,2026-09-08T14:48:05.495Z,276.264,276.130,200,4,absent,HKG,true
v0,measured,386,2026-09-08T14:48:05.596Z,185.450,185.360,200,4,absent,NRT,true
v1,measured,388,2026-09-08T14:48:05.796Z,45.180,45.122,200,785,HIT,KIX,true
v1,measured,389,2026-09-08T14:48:05.894Z,46.212,46.129,200,785,HIT,KIX,true
v1,measured,390,2026-09-08T14:48:05.996Z,43.462,43.267,200,785,HIT,KIX,true
v0,measured,387,2026-09-08T14:48:05.696Z,366.847,366.783,200,4,absent,HKG,true
v0,measured,388,2026-09-08T14:48:05.796Z,268.901,268.876,200,4,absent,HKG,true
v0,measured,389,2026-09-08T14:48:05.895Z,190.909,190.850,200,4,absent,NRT,true
v1,measured,391,2026-09-08T14:48:06.096Z,43.461,43.313,200,785,HIT,KIX,true
v1,measured,392,2026-09-08T14:48:06.196Z,44.157,43.943,200,785,HIT,KIX,true
v0,measured,390,2026-09-08T14:48:05.996Z,264.054,263.927,200,4,absent,HKG,true
v0,measured,391,2026-09-08T14:48:06.096Z,238.869,238.791,200,4,absent,HKG,true
v1,measured,393,2026-09-08T14:48:06.296Z,43.773,43.696,200,785,HIT,KIX,true
v1,measured,394,2026-09-08T14:48:06.396Z,46.883,46.701,200,785,HIT,KIX,true
v0,measured,392,2026-09-08T14:48:06.196Z,270.310,270.150,200,4,absent,HKG,true
v0,measured,393,2026-09-08T14:48:06.296Z,178.804,178.685,200,4,absent,NRT,true
v1,measured,395,2026-09-08T14:48:06.495Z,43.390,43.236,200,785,HIT,KIX,true
v0,measured,394,2026-09-08T14:48:06.395Z,235.007,234.830,200,4,absent,HKG,true
v1,measured,396,2026-09-08T14:48:06.595Z,43.616,43.471,200,785,HIT,KIX,true
v1,measured,397,2026-09-08T14:48:06.696Z,45.255,45.189,200,785,HIT,KIX,true
v0,measured,395,2026-09-08T14:48:06.495Z,272.152,272.051,200,4,absent,HKG,true
v0,measured,396,2026-09-08T14:48:06.595Z,205.438,205.386,200,4,absent,NRT,true
v1,measured,398,2026-09-08T14:48:06.796Z,43.886,43.828,200,785,HIT,KIX,true
v0,measured,397,2026-09-08T14:48:06.697Z,236.778,236.728,200,4,absent,HKG,true
v1,measured,399,2026-09-08T14:48:06.895Z,45.679,45.609,200,785,HIT,KIX,true
v1,measured,400,2026-09-08T14:48:06.995Z,44.777,44.668,200,785,HIT,KIX,true
v0,measured,398,2026-09-08T14:48:06.796Z,280.476,280.371,200,4,absent,HKG,true
v0,measured,399,2026-09-08T14:48:06.895Z,201.763,201.702,200,4,absent,NRT,true
v1,measured,401,2026-09-08T14:48:07.096Z,48.578,48.512,200,785,HIT,KIX,true
v1,measured,402,2026-09-08T14:48:07.195Z,42.470,42.419,200,785,HIT,KIX,true
v0,measured,400,2026-09-08T14:48:06.995Z,247.589,247.544,200,4,absent,HKG,true
v1,measured,403,2026-09-08T14:48:07.296Z,45.635,45.528,200,785,HIT,KIX,true
v0,measured,401,2026-09-08T14:48:07.097Z,311.753,311.689,200,4,absent,HKG,true
v0,measured,402,2026-09-08T14:48:07.195Z,213.187,213.166,200,4,absent,NRT,true
v1,measured,404,2026-09-08T14:48:07.395Z,46.205,46.135,200,785,HIT,KIX,true
v0,measured,403,2026-09-08T14:48:07.296Z,232.089,231.962,200,4,absent,HKG,true
v1,measured,405,2026-09-08T14:48:07.495Z,42.364,42.259,200,785,HIT,KIX,true
v1,measured,406,2026-09-08T14:48:07.595Z,42.499,42.396,200,785,HIT,KIX,true
v0,measured,404,2026-09-08T14:48:07.394Z,281.225,280.612,200,4,absent,HKG,true
v1,measured,407,2026-09-08T14:48:07.695Z,46.653,46.407,200,785,HIT,KIX,true
v0,measured,405,2026-09-08T14:48:07.495Z,269.792,269.735,200,4,absent,HKG,true
v0,measured,406,2026-09-08T14:48:07.594Z,225.587,225.509,200,4,absent,HKG,true
v1,measured,408,2026-09-08T14:48:07.795Z,41.755,41.690,200,785,HIT,KIX,true
v0,measured,407,2026-09-08T14:48:07.696Z,184.615,184.566,200,4,absent,NRT,true
v1,measured,409,2026-09-08T14:48:07.895Z,42.189,42.129,200,785,HIT,KIX,true
v1,measured,410,2026-09-08T14:48:07.996Z,44.020,43.959,200,785,HIT,KIX,true
v0,measured,408,2026-09-08T14:48:07.795Z,267.611,267.495,200,4,absent,HKG,true
v0,measured,409,2026-09-08T14:48:07.895Z,239.926,239.833,200,4,absent,HKG,true
v1,measured,411,2026-09-08T14:48:08.123Z,42.330,42.229,200,785,HIT,KIX,true
v0,measured,410,2026-09-08T14:48:07.995Z,187.133,186.889,200,4,absent,NRT,true
v1,measured,412,2026-09-08T14:48:08.195Z,42.872,42.797,200,785,HIT,KIX,true
v1,measured,413,2026-09-08T14:48:08.296Z,42.279,42.207,200,785,HIT,KIX,true
v0,measured,411,2026-09-08T14:48:08.125Z,268.367,268.322,200,4,absent,HKG,true
v0,measured,412,2026-09-08T14:48:08.195Z,221.574,221.529,200,4,absent,HKG,true
v1,measured,414,2026-09-08T14:48:08.396Z,44.565,44.518,200,785,HIT,KIX,true
v0,measured,413,2026-09-08T14:48:08.297Z,184.686,184.628,200,4,absent,NRT,true
v1,measured,415,2026-09-08T14:48:08.495Z,46.251,46.134,200,785,HIT,KIX,true
v1,measured,416,2026-09-08T14:48:08.596Z,51.763,51.511,200,785,HIT,KIX,true
v0,measured,414,2026-09-08T14:48:08.395Z,271.638,271.471,200,4,absent,HKG,true
v0,measured,415,2026-09-08T14:48:08.495Z,226.870,226.753,200,4,absent,HKG,true
v1,measured,417,2026-09-08T14:48:08.696Z,44.444,44.305,200,785,HIT,KIX,true
v0,measured,416,2026-09-08T14:48:08.596Z,192.245,192.083,200,4,absent,NRT,true
v1,measured,418,2026-09-08T14:48:08.796Z,48.720,48.620,200,785,HIT,KIX,true
v1,measured,419,2026-09-08T14:48:08.896Z,51.177,51.052,200,785,HIT,KIX,true
v0,measured,417,2026-09-08T14:48:08.697Z,267.959,267.892,200,4,absent,HKG,true
v0,measured,418,2026-09-08T14:48:08.795Z,224.459,224.288,200,4,absent,HKG,true
v1,measured,420,2026-09-08T14:48:08.996Z,45.058,44.849,200,785,HIT,KIX,true
v0,measured,419,2026-09-08T14:48:08.896Z,189.561,189.385,200,4,absent,NRT,true
v1,measured,421,2026-09-08T14:48:09.096Z,43.359,43.286,200,785,HIT,KIX,true
v1,measured,422,2026-09-08T14:48:09.197Z,45.058,44.880,200,785,HIT,KIX,true
v0,measured,420,2026-09-08T14:48:08.995Z,273.888,273.724,200,4,absent,HKG,true
v1,measured,423,2026-09-08T14:48:09.295Z,44.977,44.807,200,785,HIT,KIX,true
v0,measured,421,2026-09-08T14:48:09.097Z,244.854,244.692,200,4,absent,HKG,true
v0,measured,422,2026-09-08T14:48:09.196Z,197.731,197.581,200,4,absent,NRT,true
v1,measured,424,2026-09-08T14:48:09.395Z,46.985,46.774,200,785,HIT,KIX,true
v1,measured,425,2026-09-08T14:48:09.495Z,44.041,43.934,200,785,HIT,KIX,true
v0,measured,423,2026-09-08T14:48:09.295Z,264.937,264.723,200,4,absent,HKG,true
v0,measured,424,2026-09-08T14:48:09.395Z,230.810,230.660,200,4,absent,HKG,true
v1,measured,426,2026-09-08T14:48:09.595Z,44.472,44.304,200,785,HIT,KIX,true
v0,measured,425,2026-09-08T14:48:09.495Z,190.865,190.766,200,4,absent,NRT,true
v1,measured,427,2026-09-08T14:48:09.696Z,166.795,166.167,200,785,REVALIDATED,KIX,true
v0,measured,426,2026-09-08T14:48:09.595Z,272.104,271.927,200,4,absent,HKG,true
v0,measured,427,2026-09-08T14:48:09.697Z,218.753,218.600,200,4,absent,HKG,true
v1,measured,429,2026-09-08T14:48:09.895Z,48.827,48.678,200,785,HIT,KIX,true
v1,measured,428,2026-09-08T14:48:09.797Z,152.515,152.297,200,785,HIT,HKG,true
v0,measured,428,2026-09-08T14:48:09.796Z,189.026,188.925,200,4,absent,NRT,true
v1,measured,430,2026-09-08T14:48:09.996Z,46.482,46.309,200,785,HIT,KIX,true
v1,measured,431,2026-09-08T14:48:10.094Z,42.899,42.748,200,785,HIT,KIX,true
v0,measured,429,2026-09-08T14:48:09.895Z,272.124,272.008,200,4,absent,HKG,true
v0,measured,430,2026-09-08T14:48:09.995Z,238.741,238.673,200,4,absent,HKG,true
v1,measured,432,2026-09-08T14:48:10.195Z,44.475,44.413,200,785,HIT,KIX,true
v0,measured,431,2026-09-08T14:48:10.095Z,191.661,191.494,200,4,absent,NRT,true
v1,measured,433,2026-09-08T14:48:10.295Z,47.229,47.099,200,785,HIT,KIX,true
v1,measured,434,2026-09-08T14:48:10.396Z,53.806,53.570,200,785,HIT,KIX,true
v0,measured,432,2026-09-08T14:48:10.195Z,264.332,264.242,200,4,absent,HKG,true
v0,measured,433,2026-09-08T14:48:10.295Z,225.198,225.104,200,4,absent,HKG,true
v1,measured,435,2026-09-08T14:48:10.496Z,46.072,45.980,200,785,HIT,KIX,true
v0,measured,434,2026-09-08T14:48:10.396Z,187.128,187.060,200,4,absent,NRT,true
v1,measured,436,2026-09-08T14:48:10.597Z,54.644,54.568,200,785,HIT,KIX,true
v1,measured,437,2026-09-08T14:48:10.694Z,42.491,42.381,200,785,HIT,KIX,true
v0,measured,435,2026-09-08T14:48:10.496Z,266.846,266.662,200,4,absent,HKG,true
v0,measured,436,2026-09-08T14:48:10.596Z,230.282,230.164,200,4,absent,HKG,true
v1,measured,438,2026-09-08T14:48:10.797Z,44.270,44.114,200,785,HIT,KIX,true
v0,measured,437,2026-09-08T14:48:10.695Z,180.510,180.366,200,4,absent,NRT,true
v1,measured,439,2026-09-08T14:48:10.895Z,46.400,46.142,200,785,HIT,KIX,true
v1,measured,440,2026-09-08T14:48:10.997Z,45.503,45.438,200,785,HIT,KIX,true
v0,measured,438,2026-09-08T14:48:10.796Z,263.464,263.365,200,4,absent,HKG,true
v0,measured,439,2026-09-08T14:48:10.896Z,226.324,226.157,200,4,absent,HKG,true
v1,measured,441,2026-09-08T14:48:11.096Z,43.721,43.523,200,785,HIT,KIX,true
v0,measured,440,2026-09-08T14:48:10.996Z,185.687,185.538,200,4,absent,NRT,true
v1,measured,442,2026-09-08T14:48:11.197Z,42.402,42.312,200,785,HIT,KIX,true
v1,measured,443,2026-09-08T14:48:11.295Z,50.531,50.330,200,785,HIT,KIX,true
v0,measured,441,2026-09-08T14:48:11.096Z,274.035,273.883,200,4,absent,HKG,true
v0,measured,442,2026-09-08T14:48:11.196Z,233.560,233.396,200,4,absent,HKG,true
v1,measured,444,2026-09-08T14:48:11.396Z,45.346,45.199,200,785,HIT,KIX,true
v0,measured,443,2026-09-08T14:48:11.295Z,186.249,186.093,200,4,absent,NRT,true
v1,measured,445,2026-09-08T14:48:11.496Z,44.886,44.778,200,785,HIT,KIX,true
v1,measured,446,2026-09-08T14:48:11.595Z,42.986,42.831,200,785,HIT,KIX,true
v0,measured,444,2026-09-08T14:48:11.395Z,272.910,272.793,200,4,absent,HKG,true
v0,measured,445,2026-09-08T14:48:11.497Z,229.259,229.190,200,4,absent,HKG,true
v1,measured,447,2026-09-08T14:48:11.695Z,43.039,42.861,200,785,HIT,KIX,true
v0,measured,446,2026-09-08T14:48:11.594Z,179.125,179.009,200,4,absent,NRT,true
v1,measured,448,2026-09-08T14:48:11.796Z,44.726,44.570,200,785,HIT,KIX,true
v1,measured,449,2026-09-08T14:48:11.896Z,43.380,43.273,200,785,HIT,KIX,true
v0,measured,447,2026-09-08T14:48:11.695Z,266.891,266.706,200,4,absent,HKG,true
v0,measured,448,2026-09-08T14:48:11.796Z,238.854,238.647,200,4,absent,HKG,true
v1,measured,450,2026-09-08T14:48:11.995Z,46.233,46.071,200,785,HIT,KIX,true
v0,measured,449,2026-09-08T14:48:11.897Z,191.039,190.948,200,4,absent,NRT,true
v1,measured,451,2026-09-08T14:48:12.096Z,44.188,44.054,200,785,HIT,KIX,true
v1,measured,452,2026-09-08T14:48:12.197Z,47.454,47.312,200,785,HIT,KIX,true
v0,measured,450,2026-09-08T14:48:11.995Z,268.983,268.904,200,4,absent,HKG,true
v0,measured,451,2026-09-08T14:48:12.096Z,229.918,229.761,200,4,absent,HKG,true
v1,measured,453,2026-09-08T14:48:12.296Z,50.756,50.577,200,785,HIT,KIX,true
v0,measured,452,2026-09-08T14:48:12.196Z,180.257,180.113,200,4,absent,NRT,true
v1,measured,454,2026-09-08T14:48:12.397Z,42.641,42.453,200,785,HIT,KIX,true
v1,measured,455,2026-09-08T14:48:12.495Z,44.231,44.068,200,785,HIT,KIX,true
v0,measured,453,2026-09-08T14:48:12.296Z,273.481,273.368,200,4,absent,HKG,true
v0,measured,454,2026-09-08T14:48:12.396Z,223.455,223.292,200,4,absent,HKG,true
v1,measured,456,2026-09-08T14:48:12.597Z,42.611,42.420,200,785,HIT,KIX,true
v0,measured,455,2026-09-08T14:48:12.495Z,178.332,178.062,200,4,absent,NRT,true
v1,measured,457,2026-09-08T14:48:12.696Z,46.338,46.244,200,785,HIT,KIX,true
v1,measured,458,2026-09-08T14:48:12.796Z,43.332,43.089,200,785,HIT,KIX,true
v0,measured,456,2026-09-08T14:48:12.596Z,267.485,266.768,200,4,absent,HKG,true
v0,measured,457,2026-09-08T14:48:12.696Z,226.711,226.550,200,4,absent,HKG,true
v1,measured,459,2026-09-08T14:48:12.895Z,43.617,43.423,200,785,HIT,KIX,true
v0,measured,458,2026-09-08T14:48:12.795Z,182.209,182.097,200,4,absent,NRT,true
v1,measured,460,2026-09-08T14:48:12.995Z,46.610,46.485,200,785,HIT,KIX,true
v1,measured,461,2026-09-08T14:48:13.096Z,43.026,42.873,200,785,HIT,KIX,true
v0,measured,459,2026-09-08T14:48:12.896Z,268.790,268.619,200,4,absent,HKG,true
v0,measured,460,2026-09-08T14:48:12.995Z,226.308,226.106,200,4,absent,HKG,true
v1,measured,462,2026-09-08T14:48:13.197Z,43.361,43.155,200,785,HIT,KIX,true
v0,measured,461,2026-09-08T14:48:13.097Z,190.177,189.968,200,4,absent,NRT,true
v1,measured,463,2026-09-08T14:48:13.295Z,46.049,45.893,200,785,HIT,KIX,true
v1,measured,464,2026-09-08T14:48:13.397Z,47.880,46.914,200,785,HIT,KIX,true
v0,measured,462,2026-09-08T14:48:13.196Z,272.209,272.048,200,4,absent,HKG,true
v0,measured,463,2026-09-08T14:48:13.296Z,226.176,226.079,200,4,absent,HKG,true
v1,measured,465,2026-09-08T14:48:13.496Z,43.963,43.813,200,785,HIT,KIX,true
v0,measured,464,2026-09-08T14:48:13.396Z,191.108,190.908,200,4,absent,NRT,true
v1,measured,466,2026-09-08T14:48:13.597Z,45.921,45.793,200,785,HIT,KIX,true
v1,measured,467,2026-09-08T14:48:13.696Z,42.952,42.853,200,785,HIT,KIX,true
v0,measured,465,2026-09-08T14:48:13.497Z,268.357,268.270,200,4,absent,HKG,true
v0,measured,466,2026-09-08T14:48:13.596Z,224.910,224.697,200,4,absent,HKG,true
v1,measured,468,2026-09-08T14:48:13.796Z,54.516,54.331,200,785,HIT,KIX,true
v0,measured,467,2026-09-08T14:48:13.697Z,183.900,183.725,200,4,absent,NRT,true
v1,measured,469,2026-09-08T14:48:13.895Z,48.645,48.187,200,785,HIT,KIX,true
v1,measured,470,2026-09-08T14:48:13.997Z,42.798,42.606,200,785,HIT,KIX,true
v0,measured,468,2026-09-08T14:48:13.795Z,272.933,272.761,200,4,absent,HKG,true
v0,measured,469,2026-09-08T14:48:13.896Z,221.563,221.376,200,4,absent,HKG,true
v1,measured,471,2026-09-08T14:48:14.096Z,42.566,42.430,200,785,HIT,KIX,true
v0,measured,470,2026-09-08T14:48:13.996Z,180.682,180.526,200,4,absent,NRT,true
v1,measured,472,2026-09-08T14:48:14.196Z,43.343,43.192,200,785,HIT,KIX,true
v1,measured,473,2026-09-08T14:48:14.295Z,45.530,45.220,200,785,HIT,KIX,true
v0,measured,471,2026-09-08T14:48:14.096Z,267.310,267.026,200,4,absent,HKG,true
v0,measured,472,2026-09-08T14:48:14.196Z,237.659,237.432,200,4,absent,HKG,true
v1,measured,474,2026-09-08T14:48:14.397Z,46.551,46.397,200,785,HIT,KIX,true
v0,measured,473,2026-09-08T14:48:14.296Z,181.958,181.818,200,4,absent,NRT,true
v1,measured,475,2026-09-08T14:48:14.495Z,41.933,41.818,200,785,HIT,KIX,true
v1,measured,476,2026-09-08T14:48:14.596Z,43.316,43.104,200,785,HIT,KIX,true
v0,measured,474,2026-09-08T14:48:14.396Z,272.776,272.577,200,4,absent,HKG,true
v0,measured,475,2026-09-08T14:48:14.495Z,220.500,220.362,200,4,absent,HKG,true
v1,measured,477,2026-09-08T14:48:14.696Z,48.838,48.666,200,785,HIT,KIX,true
v0,measured,476,2026-09-08T14:48:14.596Z,173.962,173.775,200,4,absent,NRT,true
v1,measured,478,2026-09-08T14:48:14.797Z,48.622,48.439,200,785,HIT,KIX,true
v0,measured,477,2026-09-08T14:48:14.696Z,277.110,276.951,200,4,absent,HKG,true
v0,measured,478,2026-09-08T14:48:14.796Z,222.855,222.614,200,4,absent,HKG,true
v1,measured,479,2026-09-08T14:48:14.895Z,162.351,162.184,200,785,REVALIDATED,KIX,true
v0,measured,479,2026-09-08T14:48:14.895Z,193.618,193.501,200,4,absent,NRT,true
v1,measured,481,2026-09-08T14:48:15.095Z,42.961,42.809,200,785,HIT,KIX,true
v1,measured,482,2026-09-08T14:48:15.195Z,45.345,45.197,200,785,HIT,KIX,true
v1,measured,480,2026-09-08T14:48:14.997Z,263.405,263.067,200,785,REVALIDATED,HKG,true
v0,measured,480,2026-09-08T14:48:14.996Z,265.562,265.482,200,4,absent,HKG,true
v0,measured,481,2026-09-08T14:48:15.096Z,223.262,223.108,200,4,absent,HKG,true
v1,measured,483,2026-09-08T14:48:15.296Z,47.766,47.611,200,785,HIT,KIX,true
v0,measured,482,2026-09-08T14:48:15.195Z,179.959,179.742,200,4,absent,NRT,true
v1,measured,484,2026-09-08T14:48:15.396Z,43.069,42.905,200,785,HIT,KIX,true
v1,measured,485,2026-09-08T14:48:15.496Z,44.686,44.541,200,785,HIT,KIX,true
v0,measured,483,2026-09-08T14:48:15.296Z,275.155,275.041,200,4,absent,HKG,true
v0,measured,484,2026-09-08T14:48:15.396Z,225.791,225.638,200,4,absent,HKG,true
v1,measured,486,2026-09-08T14:48:15.597Z,44.410,44.206,200,785,HIT,KIX,true
v0,measured,485,2026-09-08T14:48:15.496Z,186.794,186.710,200,4,absent,NRT,true
v1,measured,487,2026-09-08T14:48:15.696Z,41.728,41.531,200,785,HIT,KIX,true
v1,measured,488,2026-09-08T14:48:15.797Z,44.009,43.694,200,785,HIT,KIX,true
v0,measured,486,2026-09-08T14:48:15.596Z,273.560,273.395,200,4,absent,HKG,true
v0,measured,487,2026-09-08T14:48:15.697Z,227.777,227.584,200,4,absent,HKG,true
v1,measured,489,2026-09-08T14:48:15.895Z,41.875,41.751,200,785,HIT,KIX,true
v0,measured,488,2026-09-08T14:48:15.797Z,177.684,177.567,200,4,absent,NRT,true
v1,measured,490,2026-09-08T14:48:15.996Z,42.874,42.732,200,785,HIT,KIX,true
v1,measured,491,2026-09-08T14:48:16.095Z,44.245,44.140,200,785,HIT,KIX,true
v0,measured,489,2026-09-08T14:48:15.895Z,281.291,281.125,200,4,absent,HKG,true
v0,measured,490,2026-09-08T14:48:15.996Z,221.594,221.416,200,4,absent,HKG,true
v1,measured,492,2026-09-08T14:48:16.196Z,43.183,42.972,200,785,HIT,KIX,true
v0,measured,491,2026-09-08T14:48:16.095Z,194.746,194.573,200,4,absent,NRT,true
v1,measured,493,2026-09-08T14:48:16.295Z,42.685,42.513,200,785,HIT,KIX,true
v1,measured,494,2026-09-08T14:48:16.397Z,47.686,47.483,200,785,HIT,KIX,true
v0,measured,492,2026-09-08T14:48:16.196Z,263.821,263.660,200,4,absent,HKG,true
v0,measured,493,2026-09-08T14:48:16.296Z,227.334,227.088,200,4,absent,HKG,true
v1,measured,495,2026-09-08T14:48:16.495Z,44.565,44.415,200,785,HIT,KIX,true
v1,measured,496,2026-09-08T14:48:16.595Z,42.086,41.917,200,785,HIT,KIX,true
v0,measured,494,2026-09-08T14:48:16.396Z,278.937,278.749,200,4,absent,NRT,true
v1,measured,497,2026-09-08T14:48:16.697Z,206.982,206.833,200,785,HIT,KIX,true
v0,measured,497,2026-09-08T14:48:16.698Z,207.623,206.446,200,4,absent,NRT,true
v0,measured,496,2026-09-08T14:48:16.595Z,311.097,310.949,200,4,absent,HKG,true
v1,measured,498,2026-09-08T14:48:16.797Z,109.379,109.205,200,785,HIT,HKG,true
v0,measured,495,2026-09-08T14:48:16.495Z,412.505,412.328,200,4,absent,HKG,true
v1,measured,499,2026-09-08T14:48:16.896Z,130.937,130.856,200,785,HIT,NRT,true
v1,measured,500,2026-09-08T14:48:16.996Z,42.117,42.069,200,785,HIT,KIX,true
v1,measured,501,2026-09-08T14:48:17.096Z,45.730,45.678,200,785,HIT,KIX,true
v0,measured,498,2026-09-08T14:48:16.795Z,370.859,370.811,200,4,absent,HKG,true
v0,measured,500,2026-09-08T14:48:16.995Z,224.583,224.514,200,4,absent,HKG,true
v1,measured,502,2026-09-08T14:48:17.196Z,44.387,44.308,200,785,HIT,KIX,true
v0,measured,499,2026-09-08T14:48:16.898Z,358.544,358.492,200,4,absent,HKG,true
v1,measured,503,2026-09-08T14:48:17.296Z,43.622,43.515,200,785,HIT,KIX,true
v0,measured,501,2026-09-08T14:48:17.096Z,270.785,270.637,200,4,absent,HKG,true
v0,measured,502,2026-09-08T14:48:17.195Z,176.111,176.039,200,4,absent,NRT,true
v1,measured,504,2026-09-08T14:48:17.395Z,50.267,50.080,200,785,HIT,KIX,true
v0,measured,503,2026-09-08T14:48:17.296Z,221.468,221.330,200,4,absent,HKG,true
v1,measured,505,2026-09-08T14:48:17.495Z,44.188,44.013,200,785,HIT,KIX,true
v1,measured,506,2026-09-08T14:48:17.596Z,42.944,42.786,200,785,HIT,KIX,true
v0,measured,504,2026-09-08T14:48:17.395Z,275.767,275.588,200,4,absent,HKG,true
v0,measured,505,2026-09-08T14:48:17.496Z,197.500,197.340,200,4,absent,NRT,true
v1,measured,507,2026-09-08T14:48:17.695Z,42.471,42.280,200,785,HIT,KIX,true
v0,measured,506,2026-09-08T14:48:17.596Z,234.554,234.390,200,4,absent,HKG,true
v1,measured,508,2026-09-08T14:48:17.797Z,42.852,42.692,200,785,HIT,KIX,true
v1,measured,509,2026-09-08T14:48:17.896Z,44.536,44.437,200,785,HIT,KIX,true
v0,measured,507,2026-09-08T14:48:17.696Z,277.039,276.879,200,4,absent,HKG,true
v0,measured,508,2026-09-08T14:48:17.796Z,188.710,188.621,200,4,absent,NRT,true
v1,measured,510,2026-09-08T14:48:17.996Z,41.352,41.258,200,785,HIT,KIX,true
v0,measured,509,2026-09-08T14:48:17.896Z,222.122,221.995,200,4,absent,HKG,true
v1,measured,511,2026-09-08T14:48:18.095Z,41.676,41.529,200,785,HIT,KIX,true
v1,measured,512,2026-09-08T14:48:18.196Z,45.354,45.148,200,785,HIT,KIX,true
v0,measured,510,2026-09-08T14:48:17.996Z,275.131,274.953,200,4,absent,HKG,true
v0,measured,511,2026-09-08T14:48:18.095Z,180.077,179.899,200,4,absent,NRT,true
v1,measured,513,2026-09-08T14:48:18.295Z,44.287,44.085,200,785,HIT,KIX,true
v0,measured,512,2026-09-08T14:48:18.195Z,220.629,220.483,200,4,absent,HKG,true
v1,measured,514,2026-09-08T14:48:18.396Z,48.922,48.729,200,785,HIT,KIX,true
v1,measured,515,2026-09-08T14:48:18.495Z,51.107,51.003,200,785,HIT,KIX,true
v0,measured,513,2026-09-08T14:48:18.296Z,269.776,269.627,200,4,absent,HKG,true
v0,measured,514,2026-09-08T14:48:18.395Z,192.243,192.073,200,4,absent,NRT,true
v1,measured,516,2026-09-08T14:48:18.596Z,45.708,45.427,200,785,HIT,KIX,true
v0,measured,515,2026-09-08T14:48:18.496Z,229.859,229.693,200,4,absent,HKG,true
v1,measured,517,2026-09-08T14:48:18.696Z,46.496,46.305,200,785,HIT,KIX,true
v1,measured,518,2026-09-08T14:48:18.796Z,43.383,43.232,200,785,HIT,KIX,true
v0,measured,517,2026-09-08T14:48:18.697Z,188.965,188.780,200,4,absent,NRT,true
v0,measured,516,2026-09-08T14:48:18.596Z,326.302,326.207,200,4,absent,HKG,true
v1,measured,519,2026-09-08T14:48:18.895Z,44.594,44.409,200,785,HIT,KIX,true
v0,measured,518,2026-09-08T14:48:18.795Z,223.231,223.079,200,4,absent,HKG,true
v1,measured,520,2026-09-08T14:48:18.996Z,45.882,45.745,200,785,HIT,KIX,true
v0,measured,519,2026-09-08T14:48:18.896Z,193.981,193.851,200,4,absent,NRT,true
v1,measured,521,2026-09-08T14:48:19.096Z,44.788,44.629,200,785,HIT,KIX,true
v1,measured,522,2026-09-08T14:48:19.196Z,46.106,45.965,200,785,HIT,KIX,true
v0,measured,520,2026-09-08T14:48:18.995Z,273.397,273.219,200,4,absent,HKG,true
v0,measured,521,2026-09-08T14:48:19.096Z,235.373,235.222,200,4,absent,HKG,true
v1,measured,523,2026-09-08T14:48:19.296Z,44.283,44.115,200,785,HIT,KIX,true
v0,measured,522,2026-09-08T14:48:19.196Z,186.925,186.783,200,4,absent,NRT,true
v1,measured,524,2026-09-08T14:48:19.396Z,45.619,45.435,200,785,HIT,KIX,true
v1,measured,525,2026-09-08T14:48:19.494Z,47.428,47.293,200,785,HIT,KIX,true
v0,measured,523,2026-09-08T14:48:19.297Z,267.000,266.858,200,4,absent,HKG,true
v0,measured,524,2026-09-08T14:48:19.395Z,227.802,227.708,200,4,absent,HKG,true
v1,measured,526,2026-09-08T14:48:19.596Z,47.404,47.250,200,785,HIT,KIX,true
v0,measured,525,2026-09-08T14:48:19.495Z,174.940,174.847,200,4,absent,NRT,true
v1,measured,527,2026-09-08T14:48:19.695Z,45.436,45.342,200,785,HIT,KIX,true
v1,measured,528,2026-09-08T14:48:19.797Z,47.187,47.034,200,785,HIT,KIX,true
v0,measured,526,2026-09-08T14:48:19.596Z,282.604,282.378,200,4,absent,HKG,true
v0,measured,527,2026-09-08T14:48:19.696Z,222.525,222.388,200,4,absent,HKG,true
v1,measured,529,2026-09-08T14:48:19.896Z,49.922,49.744,200,785,HIT,KIX,true
v0,measured,528,2026-09-08T14:48:19.796Z,189.459,189.309,200,4,absent,NRT,true
v1,measured,530,2026-09-08T14:48:19.996Z,44.180,44.073,200,785,HIT,KIX,true
v0,measured,529,2026-09-08T14:48:19.896Z,276.866,276.615,200,4,absent,HKG,true
v0,measured,530,2026-09-08T14:48:19.995Z,224.753,224.554,200,4,absent,HKG,true
v1,measured,531,2026-09-08T14:48:20.095Z,155.710,155.515,200,785,REVALIDATED,KIX,true
v1,measured,532,2026-09-08T14:48:20.195Z,56.171,56.022,200,785,HIT,HKG,true
v0,measured,531,2026-09-08T14:48:20.096Z,226.808,226.713,200,4,absent,NRT,true
v1,measured,533,2026-09-08T14:48:20.296Z,46.911,46.759,200,785,HIT,KIX,true
v1,measured,534,2026-09-08T14:48:20.395Z,45.357,45.219,200,785,HIT,KIX,true
v0,measured,532,2026-09-08T14:48:20.195Z,273.655,273.481,200,4,absent,HKG,true
v0,measured,533,2026-09-08T14:48:20.297Z,219.599,219.511,200,4,absent,HKG,true
v1,measured,535,2026-09-08T14:48:20.494Z,45.288,45.127,200,785,HIT,KIX,true
v0,measured,534,2026-09-08T14:48:20.395Z,192.045,191.927,200,4,absent,NRT,true
v1,measured,536,2026-09-08T14:48:20.597Z,43.407,43.320,200,785,HIT,KIX,true
v1,measured,537,2026-09-08T14:48:20.695Z,43.203,43.102,200,785,HIT,KIX,true
v0,measured,535,2026-09-08T14:48:20.495Z,271.156,271.015,200,4,absent,HKG,true
v0,measured,536,2026-09-08T14:48:20.596Z,227.423,227.321,200,4,absent,HKG,true
v1,measured,538,2026-09-08T14:48:20.796Z,43.974,43.900,200,785,HIT,KIX,true
v0,measured,537,2026-09-08T14:48:20.696Z,184.030,183.953,200,4,absent,NRT,true
v1,measured,539,2026-09-08T14:48:20.894Z,43.666,43.505,200,785,HIT,KIX,true
v1,measured,540,2026-09-08T14:48:20.996Z,43.023,42.950,200,785,HIT,KIX,true
v0,measured,538,2026-09-08T14:48:20.795Z,274.221,274.155,200,4,absent,HKG,true
v0,measured,539,2026-09-08T14:48:20.895Z,237.851,237.726,200,4,absent,HKG,true
v1,measured,541,2026-09-08T14:48:21.095Z,43.050,42.989,200,785,HIT,KIX,true
v0,measured,540,2026-09-08T14:48:20.995Z,184.494,184.397,200,4,absent,NRT,true
v1,measured,542,2026-09-08T14:48:21.196Z,53.934,53.766,200,785,HIT,KIX,true
v1,measured,543,2026-09-08T14:48:21.295Z,43.464,43.310,200,785,HIT,KIX,true
v0,measured,541,2026-09-08T14:48:21.095Z,267.685,267.549,200,4,absent,HKG,true
v0,measured,542,2026-09-08T14:48:21.196Z,222.424,222.233,200,4,absent,HKG,true
v1,measured,544,2026-09-08T14:48:21.397Z,45.467,45.209,200,785,HIT,KIX,true
v0,measured,543,2026-09-08T14:48:21.296Z,187.215,187.086,200,4,absent,NRT,true
v1,measured,545,2026-09-08T14:48:21.494Z,46.885,46.735,200,785,HIT,KIX,true
v1,measured,546,2026-09-08T14:48:21.595Z,46.642,46.471,200,785,HIT,KIX,true
v0,measured,544,2026-09-08T14:48:21.396Z,281.735,281.585,200,4,absent,HKG,true
v0,measured,545,2026-09-08T14:48:21.494Z,226.124,225.889,200,4,absent,HKG,true
v1,measured,547,2026-09-08T14:48:21.696Z,43.870,43.685,200,785,HIT,KIX,true
v0,measured,546,2026-09-08T14:48:21.595Z,182.070,181.967,200,4,absent,NRT,true
v1,measured,548,2026-09-08T14:48:21.797Z,47.530,47.358,200,785,HIT,KIX,true
v1,measured,549,2026-09-08T14:48:21.896Z,43.849,43.551,200,785,HIT,KIX,true
v0,measured,547,2026-09-08T14:48:21.697Z,277.269,277.156,200,4,absent,HKG,true
v0,measured,548,2026-09-08T14:48:21.796Z,232.524,232.339,200,4,absent,HKG,true
v1,measured,550,2026-09-08T14:48:21.995Z,45.438,45.281,200,785,HIT,KIX,true
v0,measured,549,2026-09-08T14:48:21.896Z,190.300,190.174,200,4,absent,NRT,true
v1,measured,551,2026-09-08T14:48:22.094Z,42.624,42.348,200,785,HIT,KIX,true
v1,measured,552,2026-09-08T14:48:22.196Z,45.978,45.848,200,785,HIT,KIX,true
v0,measured,550,2026-09-08T14:48:21.994Z,266.018,265.774,200,4,absent,HKG,true
v0,measured,551,2026-09-08T14:48:22.094Z,221.992,221.800,200,4,absent,HKG,true
v1,measured,553,2026-09-08T14:48:22.295Z,43.684,43.480,200,785,HIT,KIX,true
v0,measured,552,2026-09-08T14:48:22.195Z,181.273,181.126,200,4,absent,NRT,true
v1,measured,554,2026-09-08T14:48:22.396Z,44.142,43.959,200,785,HIT,KIX,true
v1,measured,555,2026-09-08T14:48:22.493Z,42.426,42.316,200,785,HIT,KIX,true
v0,measured,553,2026-09-08T14:48:22.296Z,263.768,263.622,200,4,absent,HKG,true
v0,measured,554,2026-09-08T14:48:22.395Z,221.944,221.797,200,4,absent,HKG,true
v1,measured,556,2026-09-08T14:48:22.596Z,45.604,45.419,200,785,HIT,KIX,true
v0,measured,555,2026-09-08T14:48:22.494Z,179.446,179.343,200,4,absent,NRT,true
v1,measured,557,2026-09-08T14:48:22.695Z,46.896,46.689,200,785,HIT,KIX,true
v1,measured,558,2026-09-08T14:48:22.797Z,47.511,47.320,200,785,HIT,KIX,true
v0,measured,556,2026-09-08T14:48:22.595Z,268.030,267.881,200,4,absent,HKG,true
v0,measured,557,2026-09-08T14:48:22.696Z,223.102,222.970,200,4,absent,HKG,true
v1,measured,559,2026-09-08T14:48:22.895Z,46.630,46.507,200,785,HIT,KIX,true
v0,measured,558,2026-09-08T14:48:22.796Z,181.227,181.117,200,4,absent,NRT,true
v1,measured,560,2026-09-08T14:48:22.994Z,45.169,45.005,200,785,HIT,KIX,true
v1,measured,561,2026-09-08T14:48:23.094Z,51.489,51.321,200,785,HIT,KIX,true
v0,measured,559,2026-09-08T14:48:22.896Z,272.631,272.461,200,4,absent,HKG,true
v0,measured,560,2026-09-08T14:48:22.994Z,228.803,228.662,200,4,absent,HKG,true
v1,measured,562,2026-09-08T14:48:23.197Z,43.991,43.808,200,785,HIT,KIX,true
v0,measured,561,2026-09-08T14:48:23.094Z,187.131,187.058,200,4,absent,NRT,true
v1,measured,563,2026-09-08T14:48:23.295Z,43.486,43.431,200,785,HIT,KIX,true
v1,measured,564,2026-09-08T14:48:23.397Z,42.910,42.844,200,785,HIT,KIX,true
v0,measured,562,2026-09-08T14:48:23.195Z,277.927,277.876,200,4,absent,HKG,true
v0,measured,563,2026-09-08T14:48:23.295Z,221.591,221.507,200,4,absent,HKG,true
v1,measured,565,2026-09-08T14:48:23.495Z,41.527,41.459,200,785,HIT,KIX,true
v0,measured,564,2026-09-08T14:48:23.396Z,191.910,191.848,200,4,absent,NRT,true
v1,measured,566,2026-09-08T14:48:23.596Z,43.994,43.720,200,785,HIT,KIX,true
v1,measured,567,2026-09-08T14:48:23.695Z,45.777,45.699,200,785,HIT,KIX,true
v0,measured,565,2026-09-08T14:48:23.496Z,269.808,269.738,200,4,absent,HKG,true
v0,measured,566,2026-09-08T14:48:23.595Z,217.407,217.367,200,4,absent,HKG,true
v1,measured,568,2026-09-08T14:48:23.796Z,46.429,46.356,200,785,HIT,KIX,true
v0,measured,567,2026-09-08T14:48:23.696Z,183.715,183.674,200,4,absent,NRT,true
v1,measured,569,2026-09-08T14:48:23.895Z,41.061,41.011,200,785,HIT,KIX,true
v1,measured,570,2026-09-08T14:48:23.996Z,41.929,41.862,200,785,HIT,KIX,true
v0,measured,568,2026-09-08T14:48:23.796Z,282.029,281.891,200,4,absent,HKG,true
v0,measured,569,2026-09-08T14:48:23.896Z,225.153,225.027,200,4,absent,HKG,true
v1,measured,571,2026-09-08T14:48:24.096Z,52.577,52.409,200,785,HIT,KIX,true
v0,measured,570,2026-09-08T14:48:23.995Z,188.807,188.617,200,4,absent,NRT,true
v1,measured,572,2026-09-08T14:48:24.196Z,42.481,42.304,200,785,HIT,KIX,true
v1,measured,573,2026-09-08T14:48:24.296Z,43.206,43.039,200,785,HIT,KIX,true
v0,measured,571,2026-09-08T14:48:24.096Z,273.415,273.261,200,4,absent,HKG,true
v0,measured,572,2026-09-08T14:48:24.196Z,223.571,223.401,200,4,absent,HKG,true
v1,measured,574,2026-09-08T14:48:24.395Z,41.849,41.706,200,785,HIT,KIX,true
v0,measured,573,2026-09-08T14:48:24.297Z,196.259,196.134,200,4,absent,NRT,true
v1,measured,575,2026-09-08T14:48:24.493Z,43.237,43.143,200,785,HIT,KIX,true
v1,measured,576,2026-09-08T14:48:24.595Z,47.496,47.336,200,785,HIT,KIX,true
v0,measured,574,2026-09-08T14:48:24.394Z,270.390,270.237,200,4,absent,HKG,true
v0,measured,575,2026-09-08T14:48:24.494Z,224.602,224.448,200,4,absent,HKG,true
v1,measured,577,2026-09-08T14:48:24.695Z,52.485,52.361,200,785,HIT,KIX,true
v0,measured,576,2026-09-08T14:48:24.595Z,182.779,182.628,200,4,absent,NRT,true
v1,measured,578,2026-09-08T14:48:24.795Z,47.904,47.807,200,785,HIT,KIX,true
v1,measured,579,2026-09-08T14:48:24.895Z,47.187,47.049,200,785,HIT,KIX,true
v0,measured,577,2026-09-08T14:48:24.697Z,277.453,277.320,200,4,absent,HKG,true
v0,measured,578,2026-09-08T14:48:24.794Z,228.295,228.179,200,4,absent,HKG,true
v1,measured,580,2026-09-08T14:48:24.997Z,43.665,43.520,200,785,HIT,KIX,true
v0,measured,579,2026-09-08T14:48:24.896Z,185.056,184.902,200,4,absent,NRT,true
v1,measured,581,2026-09-08T14:48:25.095Z,49.507,49.359,200,785,HIT,KIX,true
v0,measured,580,2026-09-08T14:48:24.996Z,273.716,273.562,200,4,absent,HKG,true
v0,measured,581,2026-09-08T14:48:25.095Z,224.026,223.878,200,4,absent,HKG,true
v1,measured,582,2026-09-08T14:48:25.196Z,177.171,177.031,200,785,REVALIDATED,KIX,true
v0,measured,582,2026-09-08T14:48:25.195Z,187.489,187.297,200,4,absent,NRT,true
v1,measured,583,2026-09-08T14:48:25.294Z,139.832,139.650,200,785,HIT,NRT,true
v1,measured,584,2026-09-08T14:48:25.397Z,45.759,45.619,200,785,HIT,KIX,true
v1,measured,585,2026-09-08T14:48:25.495Z,46.601,46.456,200,785,HIT,KIX,true
v0,measured,583,2026-09-08T14:48:25.296Z,287.334,287.192,200,4,absent,HKG,true
v1,measured,586,2026-09-08T14:48:25.597Z,44.199,43.971,200,785,HIT,KIX,true
v0,measured,584,2026-09-08T14:48:25.396Z,263.499,263.210,200,4,absent,HKG,true
v0,measured,585,2026-09-08T14:48:25.496Z,189.753,189.628,200,4,absent,NRT,true
v1,measured,587,2026-09-08T14:48:25.695Z,44.042,43.868,200,785,HIT,KIX,true
v1,measured,588,2026-09-08T14:48:25.796Z,45.609,45.423,200,785,HIT,KIX,true
v0,measured,586,2026-09-08T14:48:25.596Z,285.215,285.079,200,4,absent,HKG,true
v0,measured,587,2026-09-08T14:48:25.695Z,243.174,243.049,200,4,absent,HKG,true
v1,measured,589,2026-09-08T14:48:25.896Z,48.109,48.014,200,785,HIT,KIX,true
v0,measured,588,2026-09-08T14:48:25.795Z,196.467,196.383,200,4,absent,NRT,true
v1,measured,590,2026-09-08T14:48:25.996Z,42.879,42.701,200,785,HIT,KIX,true
v1,measured,591,2026-09-08T14:48:26.096Z,46.284,46.159,200,785,HIT,KIX,true
v0,measured,589,2026-09-08T14:48:25.896Z,272.003,271.863,200,4,absent,HKG,true
v0,measured,590,2026-09-08T14:48:25.995Z,228.139,227.984,200,4,absent,HKG,true
v1,measured,592,2026-09-08T14:48:26.195Z,42.781,42.647,200,785,HIT,KIX,true
v0,measured,591,2026-09-08T14:48:26.097Z,193.527,193.370,200,4,absent,NRT,true
v1,measured,593,2026-09-08T14:48:26.294Z,41.869,41.537,200,785,HIT,KIX,true
v1,measured,594,2026-09-08T14:48:26.397Z,46.404,46.219,200,785,HIT,KIX,true
v0,measured,592,2026-09-08T14:48:26.194Z,285.316,285.206,200,4,absent,HKG,true
v0,measured,593,2026-09-08T14:48:26.295Z,230.166,229.991,200,4,absent,HKG,true
v1,measured,595,2026-09-08T14:48:26.495Z,41.742,41.627,200,785,HIT,KIX,true
v0,measured,594,2026-09-08T14:48:26.396Z,181.379,181.318,200,4,absent,NRT,true
v1,measured,596,2026-09-08T14:48:26.596Z,45.274,45.095,200,785,HIT,KIX,true
v1,measured,597,2026-09-08T14:48:26.696Z,43.408,43.230,200,785,HIT,KIX,true
v0,measured,595,2026-09-08T14:48:26.496Z,272.475,272.343,200,4,absent,HKG,true
v0,measured,596,2026-09-08T14:48:26.596Z,224.016,223.848,200,4,absent,HKG,true
v1,measured,598,2026-09-08T14:48:26.796Z,45.642,45.482,200,785,HIT,KIX,true
v0,measured,597,2026-09-08T14:48:26.697Z,185.089,184.922,200,4,absent,NRT,true
v1,measured,599,2026-09-08T14:48:26.896Z,45.839,45.728,200,785,HIT,KIX,true
v1,measured,600,2026-09-08T14:48:26.995Z,43.195,43.134,200,785,HIT,KIX,true
v0,measured,598,2026-09-08T14:48:26.795Z,267.523,267.442,200,4,absent,HKG,true
v0,measured,599,2026-09-08T14:48:26.897Z,225.236,225.132,200,4,absent,HKG,true
v1,measured,601,2026-09-08T14:48:27.094Z,45.879,45.798,200,785,HIT,KIX,true
v0,measured,600,2026-09-08T14:48:26.995Z,179.157,179.056,200,4,absent,NRT,true
v1,measured,602,2026-09-08T14:48:27.197Z,44.429,44.293,200,785,HIT,KIX,true
v1,measured,603,2026-09-08T14:48:27.295Z,42.534,42.365,200,785,HIT,KIX,true
v0,measured,601,2026-09-08T14:48:27.095Z,274.995,274.824,200,4,absent,HKG,true
v0,measured,602,2026-09-08T14:48:27.196Z,230.803,230.714,200,4,absent,HKG,true
v1,measured,604,2026-09-08T14:48:27.396Z,44.376,44.208,200,785,HIT,KIX,true
v0,measured,603,2026-09-08T14:48:27.295Z,178.656,178.562,200,4,absent,NRT,true
v1,measured,605,2026-09-08T14:48:27.496Z,42.783,42.684,200,785,HIT,KIX,true
v1,measured,606,2026-09-08T14:48:27.596Z,42.151,41.985,200,785,HIT,KIX,true
v0,measured,604,2026-09-08T14:48:27.395Z,272.854,272.734,200,4,absent,HKG,true
v0,measured,605,2026-09-08T14:48:27.497Z,225.270,225.117,200,4,absent,HKG,true
v1,measured,607,2026-09-08T14:48:27.696Z,44.328,44.180,200,785,HIT,KIX,true
v0,measured,606,2026-09-08T14:48:27.596Z,183.499,183.341,200,4,absent,NRT,true
v1,measured,608,2026-09-08T14:48:27.796Z,43.068,42.939,200,785,HIT,KIX,true
v1,measured,609,2026-09-08T14:48:27.895Z,44.105,43.927,200,785,HIT,KIX,true
v0,measured,607,2026-09-08T14:48:27.696Z,265.675,265.545,200,4,absent,HKG,true
v0,measured,608,2026-09-08T14:48:27.796Z,224.536,224.369,200,4,absent,HKG,true
v1,measured,610,2026-09-08T14:48:27.996Z,42.416,42.281,200,785,HIT,KIX,true
v0,measured,609,2026-09-08T14:48:27.895Z,182.519,182.424,200,4,absent,NRT,true
v1,measured,611,2026-09-08T14:48:28.094Z,42.999,42.917,200,785,HIT,KIX,true
v1,measured,612,2026-09-08T14:48:28.196Z,42.833,42.750,200,785,HIT,KIX,true
v0,measured,610,2026-09-08T14:48:27.995Z,271.517,271.375,200,4,absent,HKG,true
v0,measured,611,2026-09-08T14:48:28.095Z,224.429,224.263,200,4,absent,HKG,true
v1,measured,613,2026-09-08T14:48:28.296Z,43.405,43.238,200,785,HIT,KIX,true
v0,measured,612,2026-09-08T14:48:28.195Z,184.818,184.647,200,4,absent,NRT,true
v1,measured,614,2026-09-08T14:48:28.396Z,52.061,51.944,200,785,HIT,KIX,true
v1,measured,615,2026-09-08T14:48:28.496Z,45.942,45.802,200,785,HIT,KIX,true
v0,measured,613,2026-09-08T14:48:28.297Z,275.063,274.919,200,4,absent,HKG,true
v0,measured,614,2026-09-08T14:48:28.395Z,240.468,240.320,200,4,absent,HKG,true
v1,measured,616,2026-09-08T14:48:28.597Z,44.736,44.566,200,785,HIT,KIX,true
v0,measured,615,2026-09-08T14:48:28.496Z,189.813,189.685,200,4,absent,NRT,true
v1,measured,617,2026-09-08T14:48:28.696Z,44.509,44.323,200,785,HIT,KIX,true
v1,measured,618,2026-09-08T14:48:28.796Z,45.379,45.182,200,785,HIT,KIX,true
v0,measured,616,2026-09-08T14:48:28.596Z,283.157,283.014,200,4,absent,HKG,true
v0,measured,617,2026-09-08T14:48:28.697Z,234.272,234.137,200,4,absent,HKG,true
v1,measured,619,2026-09-08T14:48:28.896Z,42.665,42.582,200,785,HIT,KIX,true
v0,measured,618,2026-09-08T14:48:28.795Z,187.178,187.110,200,4,absent,NRT,true
v1,measured,620,2026-09-08T14:48:28.997Z,44.938,44.748,200,785,HIT,KIX,true
v1,measured,621,2026-09-08T14:48:29.096Z,42.107,41.989,200,785,HIT,KIX,true
v0,measured,619,2026-09-08T14:48:28.896Z,272.081,271.911,200,4,absent,HKG,true
v1,measured,622,2026-09-08T14:48:29.196Z,46.597,46.398,200,785,HIT,KIX,true
v0,measured,620,2026-09-08T14:48:28.996Z,247.191,247.127,200,4,absent,HKG,true
v0,measured,621,2026-09-08T14:48:29.096Z,182.272,182.131,200,4,absent,NRT,true
v1,measured,623,2026-09-08T14:48:29.295Z,45.046,44.877,200,785,HIT,KIX,true
v1,measured,624,2026-09-08T14:48:29.396Z,46.583,46.445,200,785,HIT,KIX,true
v0,measured,622,2026-09-08T14:48:29.195Z,268.688,268.605,200,4,absent,HKG,true
v0,measured,623,2026-09-08T14:48:29.295Z,225.923,225.781,200,4,absent,HKG,true
v1,measured,625,2026-09-08T14:48:29.495Z,44.963,44.820,200,785,HIT,KIX,true
v0,measured,624,2026-09-08T14:48:29.395Z,189.832,189.683,200,4,absent,NRT,true
v1,measured,626,2026-09-08T14:48:29.596Z,46.529,46.390,200,785,HIT,KIX,true
v1,measured,627,2026-09-08T14:48:29.696Z,43.341,43.146,200,785,HIT,KIX,true
v0,measured,625,2026-09-08T14:48:29.495Z,262.639,262.480,200,4,absent,HKG,true
v0,measured,626,2026-09-08T14:48:29.596Z,226.448,226.284,200,4,absent,HKG,true
v1,measured,628,2026-09-08T14:48:29.795Z,49.282,49.186,200,785,HIT,KIX,true
v0,measured,627,2026-09-08T14:48:29.697Z,182.654,182.441,200,4,absent,NRT,true
v1,measured,629,2026-09-08T14:48:29.895Z,49.078,48.944,200,785,HIT,KIX,true
v1,measured,630,2026-09-08T14:48:29.997Z,42.741,42.652,200,785,HIT,KIX,true
v0,measured,628,2026-09-08T14:48:29.794Z,280.423,280.342,200,4,absent,HKG,true
v0,measured,629,2026-09-08T14:48:29.896Z,237.521,237.405,200,4,absent,HKG,true
v1,measured,631,2026-09-08T14:48:30.095Z,41.816,41.697,200,785,HIT,KIX,true
v0,measured,630,2026-09-08T14:48:29.996Z,185.435,185.251,200,4,absent,NRT,true
v1,measured,632,2026-09-08T14:48:30.196Z,46.179,46.004,200,785,HIT,KIX,true
v1,measured,633,2026-09-08T14:48:30.295Z,43.847,43.721,200,785,HIT,KIX,true
v0,measured,631,2026-09-08T14:48:30.095Z,267.891,267.758,200,4,absent,HKG,true
v0,measured,632,2026-09-08T14:48:30.195Z,226.176,226.041,200,4,absent,HKG,true
v0,measured,633,2026-09-08T14:48:30.296Z,183.507,183.337,200,4,absent,NRT,true
v1,measured,634,2026-09-08T14:48:30.396Z,165.791,165.451,200,785,REVALIDATED,KIX,true
v1,measured,636,2026-09-08T14:48:30.596Z,45.368,45.200,200,785,HIT,KIX,true
v0,measured,634,2026-09-08T14:48:30.396Z,267.079,266.927,200,4,absent,HKG,true
v1,measured,635,2026-09-08T14:48:30.495Z,176.268,176.063,200,785,HIT,NRT,true
v0,measured,635,2026-09-08T14:48:30.497Z,226.854,226.668,200,4,absent,HKG,true
v1,measured,637,2026-09-08T14:48:30.696Z,46.233,46.052,200,785,HIT,KIX,true
v0,measured,636,2026-09-08T14:48:30.595Z,181.288,181.145,200,4,absent,NRT,true
v1,measured,638,2026-09-08T14:48:30.797Z,46.624,46.511,200,785,HIT,KIX,true
v1,measured,639,2026-09-08T14:48:30.896Z,43.346,43.254,200,785,HIT,KIX,true
v0,measured,637,2026-09-08T14:48:30.696Z,273.848,273.762,200,4,absent,HKG,true
v0,measured,638,2026-09-08T14:48:30.796Z,239.514,239.398,200,4,absent,HKG,true
v1,measured,640,2026-09-08T14:48:30.995Z,43.942,43.872,200,785,HIT,KIX,true
v0,measured,639,2026-09-08T14:48:30.896Z,183.363,183.285,200,4,absent,NRT,true
v1,measured,641,2026-09-08T14:48:31.095Z,43.673,43.591,200,785,HIT,KIX,true
v1,measured,642,2026-09-08T14:48:31.196Z,43.295,43.160,200,785,HIT,KIX,true
v0,measured,640,2026-09-08T14:48:30.995Z,268.758,268.619,200,4,absent,HKG,true
v0,measured,641,2026-09-08T14:48:31.095Z,225.841,225.707,200,4,absent,HKG,true
v1,measured,643,2026-09-08T14:48:31.295Z,44.518,44.382,200,785,HIT,KIX,true
v0,measured,642,2026-09-08T14:48:31.195Z,210.915,210.756,200,4,absent,NRT,true
v1,measured,644,2026-09-08T14:48:31.396Z,50.813,50.721,200,785,HIT,KIX,true
v1,measured,645,2026-09-08T14:48:31.494Z,42.916,42.833,200,785,HIT,KIX,true
v0,measured,643,2026-09-08T14:48:31.296Z,263.639,263.546,200,4,absent,HKG,true
v0,measured,644,2026-09-08T14:48:31.395Z,240.311,240.162,200,4,absent,HKG,true
v1,measured,646,2026-09-08T14:48:31.596Z,44.265,44.123,200,785,HIT,KIX,true
v0,measured,645,2026-09-08T14:48:31.495Z,184.019,183.854,200,4,absent,NRT,true
v1,measured,647,2026-09-08T14:48:31.696Z,45.935,45.759,200,785,HIT,KIX,true
v1,measured,648,2026-09-08T14:48:31.797Z,48.189,48.026,200,785,HIT,KIX,true
v0,measured,646,2026-09-08T14:48:31.596Z,266.001,265.851,200,4,absent,HKG,true
v0,measured,647,2026-09-08T14:48:31.697Z,237.246,237.065,200,4,absent,HKG,true
v1,measured,649,2026-09-08T14:48:31.896Z,42.023,41.876,200,785,HIT,KIX,true
v0,measured,648,2026-09-08T14:48:31.796Z,195.808,195.721,200,4,absent,NRT,true
v1,measured,650,2026-09-08T14:48:31.995Z,41.755,41.489,200,785,HIT,KIX,true
v1,measured,651,2026-09-08T14:48:32.095Z,43.945,43.871,200,785,HIT,KIX,true
v0,measured,649,2026-09-08T14:48:31.897Z,279.387,279.323,200,4,absent,HKG,true
v0,measured,650,2026-09-08T14:48:31.995Z,235.750,235.612,200,4,absent,HKG,true
v1,measured,652,2026-09-08T14:48:32.195Z,43.743,43.593,200,785,HIT,KIX,true
v0,measured,651,2026-09-08T14:48:32.096Z,204.969,204.813,200,4,absent,NRT,true
v1,measured,653,2026-09-08T14:48:32.295Z,43.055,42.924,200,785,HIT,KIX,true
v1,measured,654,2026-09-08T14:48:32.397Z,42.067,41.943,200,785,HIT,KIX,true
v0,measured,652,2026-09-08T14:48:32.194Z,285.148,285.068,200,4,absent,HKG,true
v0,measured,653,2026-09-08T14:48:32.296Z,238.019,237.929,200,4,absent,HKG,true
v1,measured,655,2026-09-08T14:48:32.496Z,42.283,42.194,200,785,HIT,KIX,true
v0,measured,654,2026-09-08T14:48:32.396Z,196.572,196.413,200,4,absent,NRT,true
v1,measured,656,2026-09-08T14:48:32.596Z,44.516,44.358,200,785,HIT,KIX,true
v1,measured,657,2026-09-08T14:48:32.694Z,41.763,41.668,200,785,HIT,KIX,true
v0,measured,655,2026-09-08T14:48:32.496Z,279.423,279.263,200,4,absent,HKG,true
v0,measured,656,2026-09-08T14:48:32.595Z,231.818,231.647,200,4,absent,HKG,true
v1,measured,658,2026-09-08T14:48:32.797Z,42.902,42.763,200,785,HIT,KIX,true
v0,measured,657,2026-09-08T14:48:32.695Z,193.300,193.066,200,4,absent,NRT,true
v1,measured,659,2026-09-08T14:48:32.895Z,45.500,45.332,200,785,HIT,KIX,true
v1,measured,660,2026-09-08T14:48:32.996Z,50.215,50.114,200,785,HIT,KIX,true
v0,measured,658,2026-09-08T14:48:32.796Z,276.194,276.026,200,4,absent,HKG,true
v0,measured,659,2026-09-08T14:48:32.895Z,227.763,227.602,200,4,absent,HKG,true
v1,measured,661,2026-09-08T14:48:33.096Z,43.436,43.314,200,785,HIT,KIX,true
v0,measured,660,2026-09-08T14:48:32.995Z,209.665,209.560,200,4,absent,NRT,true
v1,measured,662,2026-09-08T14:48:33.196Z,44.817,44.669,200,785,HIT,KIX,true
v1,measured,663,2026-09-08T14:48:33.295Z,47.308,47.161,200,785,HIT,KIX,true
v0,measured,661,2026-09-08T14:48:33.096Z,278.374,278.174,200,4,absent,HKG,true
v0,measured,662,2026-09-08T14:48:33.195Z,227.292,227.128,200,4,absent,HKG,true
v1,measured,664,2026-09-08T14:48:33.396Z,46.258,46.112,200,785,HIT,KIX,true
v0,measured,663,2026-09-08T14:48:33.296Z,234.389,234.242,200,4,absent,NRT,true
v1,measured,665,2026-09-08T14:48:33.494Z,52.519,52.419,200,785,HIT,KIX,true
v1,measured,666,2026-09-08T14:48:33.595Z,46.747,46.540,200,785,HIT,KIX,true
v0,measured,664,2026-09-08T14:48:33.396Z,277.624,277.496,200,4,absent,HKG,true
v0,measured,665,2026-09-08T14:48:33.495Z,224.066,223.918,200,4,absent,HKG,true
v1,measured,667,2026-09-08T14:48:33.696Z,47.402,47.232,200,785,HIT,KIX,true
v0,measured,666,2026-09-08T14:48:33.595Z,180.243,180.160,200,4,absent,NRT,true
v1,measured,668,2026-09-08T14:48:33.797Z,50.777,50.607,200,785,HIT,KIX,true
v1,measured,669,2026-09-08T14:48:33.895Z,46.885,46.704,200,785,HIT,KIX,true
v0,measured,667,2026-09-08T14:48:33.696Z,276.702,276.537,200,4,absent,HKG,true
v0,measured,668,2026-09-08T14:48:33.796Z,225.149,225.015,200,4,absent,HKG,true
v1,measured,670,2026-09-08T14:48:33.995Z,48.049,47.877,200,785,HIT,KIX,true
v0,measured,669,2026-09-08T14:48:33.896Z,193.268,193.170,200,4,absent,NRT,true
v1,measured,671,2026-09-08T14:48:34.096Z,52.327,52.192,200,785,HIT,KIX,true
v1,measured,672,2026-09-08T14:48:34.196Z,46.657,46.568,200,785,HIT,KIX,true
v0,measured,670,2026-09-08T14:48:33.994Z,269.178,269.095,200,4,absent,HKG,true
v0,measured,671,2026-09-08T14:48:34.097Z,229.732,229.576,200,4,absent,HKG,true
v1,measured,673,2026-09-08T14:48:34.296Z,43.096,42.961,200,785,HIT,KIX,true
v0,measured,672,2026-09-08T14:48:34.196Z,200.427,200.273,200,4,absent,NRT,true
v1,measured,674,2026-09-08T14:48:34.397Z,45.883,45.752,200,785,HIT,KIX,true
v1,measured,675,2026-09-08T14:48:34.494Z,43.344,43.232,200,785,HIT,KIX,true
v0,measured,673,2026-09-08T14:48:34.296Z,267.458,267.293,200,4,absent,HKG,true
v0,measured,674,2026-09-08T14:48:34.396Z,227.194,227.032,200,4,absent,HKG,true
v1,measured,676,2026-09-08T14:48:34.596Z,44.985,44.808,200,785,HIT,KIX,true
v0,measured,675,2026-09-08T14:48:34.495Z,192.182,192.015,200,4,absent,NRT,true
v1,measured,677,2026-09-08T14:48:34.696Z,44.681,44.537,200,785,HIT,KIX,true
v1,measured,678,2026-09-08T14:48:34.796Z,45.061,44.892,200,785,HIT,KIX,true
v0,measured,676,2026-09-08T14:48:34.595Z,269.979,269.880,200,4,absent,HKG,true
v0,measured,677,2026-09-08T14:48:34.697Z,225.753,225.634,200,4,absent,HKG,true
v1,measured,679,2026-09-08T14:48:34.895Z,44.795,44.611,200,785,HIT,KIX,true
v0,measured,678,2026-09-08T14:48:34.795Z,185.207,185.035,200,4,absent,NRT,true
v1,measured,680,2026-09-08T14:48:34.995Z,47.032,46.845,200,785,HIT,KIX,true
v1,measured,681,2026-09-08T14:48:35.096Z,43.742,43.627,200,785,HIT,KIX,true
v0,measured,679,2026-09-08T14:48:34.896Z,266.929,266.797,200,4,absent,HKG,true
v0,measured,680,2026-09-08T14:48:34.995Z,220.223,220.119,200,4,absent,HKG,true
v1,measured,682,2026-09-08T14:48:35.196Z,44.617,44.456,200,785,HIT,KIX,true
v0,measured,681,2026-09-08T14:48:35.096Z,183.188,183.056,200,4,absent,NRT,true
v1,measured,683,2026-09-08T14:48:35.295Z,44.262,44.163,200,785,HIT,KIX,true
v1,measured,684,2026-09-08T14:48:35.396Z,44.737,44.601,200,785,HIT,KIX,true
v0,measured,682,2026-09-08T14:48:35.195Z,265.731,265.555,200,4,absent,HKG,true
v0,measured,683,2026-09-08T14:48:35.295Z,225.688,225.564,200,4,absent,HKG,true
v1,measured,685,2026-09-08T14:48:35.496Z,46.906,46.770,200,785,HIT,KIX,true
v0,measured,684,2026-09-08T14:48:35.395Z,192.337,192.037,200,4,absent,NRT,true
v1,measured,686,2026-09-08T14:48:35.595Z,170.322,170.158,200,785,REVALIDATED,KIX,true
v0,measured,685,2026-09-08T14:48:35.497Z,271.043,270.892,200,4,absent,HKG,true
v0,measured,686,2026-09-08T14:48:35.595Z,238.361,238.212,200,4,absent,HKG,true
v1,measured,688,2026-09-08T14:48:35.795Z,45.279,45.121,200,785,HIT,KIX,true
v0,measured,687,2026-09-08T14:48:35.697Z,190.750,190.568,200,4,absent,NRT,true
v1,measured,689,2026-09-08T14:48:35.895Z,44.605,44.423,200,785,HIT,KIX,true
v1,measured,687,2026-09-08T14:48:35.695Z,250.652,250.481,200,785,REVALIDATED,HKG,true
v1,measured,690,2026-09-08T14:48:35.996Z,49.543,49.431,200,785,HIT,KIX,true
v0,measured,688,2026-09-08T14:48:35.795Z,277.623,277.524,200,4,absent,HKG,true
v1,measured,691,2026-09-08T14:48:36.095Z,43.614,43.198,200,785,HIT,KIX,true
v0,measured,689,2026-09-08T14:48:35.896Z,257.949,257.791,200,4,absent,HKG,true
v0,measured,690,2026-09-08T14:48:35.995Z,190.677,190.403,200,4,absent,NRT,true
v1,measured,692,2026-09-08T14:48:36.197Z,56.447,56.349,200,785,HIT,KIX,true
v1,measured,693,2026-09-08T14:48:36.295Z,45.897,45.793,200,785,HIT,KIX,true
v0,measured,691,2026-09-08T14:48:36.095Z,279.072,278.955,200,4,absent,HKG,true
v0,measured,692,2026-09-08T14:48:36.196Z,230.397,230.281,200,4,absent,HKG,true
v1,measured,694,2026-09-08T14:48:36.395Z,47.362,47.260,200,785,HIT,KIX,true
v0,measured,693,2026-09-08T14:48:36.295Z,192.153,191.938,200,4,absent,NRT,true
v1,measured,695,2026-09-08T14:48:36.495Z,45.172,45.064,200,785,HIT,KIX,true
v1,measured,696,2026-09-08T14:48:36.596Z,46.238,46.091,200,785,HIT,KIX,true
v0,measured,694,2026-09-08T14:48:36.395Z,286.039,285.877,200,4,absent,HKG,true
v0,measured,695,2026-09-08T14:48:36.495Z,232.020,231.868,200,4,absent,HKG,true
v1,measured,697,2026-09-08T14:48:36.696Z,43.811,43.698,200,785,HIT,KIX,true
v0,measured,696,2026-09-08T14:48:36.595Z,181.360,181.219,200,4,absent,NRT,true
v1,measured,698,2026-09-08T14:48:36.795Z,54.516,54.305,200,785,HIT,KIX,true
v1,measured,699,2026-09-08T14:48:36.896Z,47.580,47.505,200,785,HIT,KIX,true
v0,measured,697,2026-09-08T14:48:36.697Z,280.151,280.000,200,4,absent,HKG,true
v0,measured,698,2026-09-08T14:48:36.795Z,231.800,231.747,200,4,absent,HKG,true
v1,measured,700,2026-09-08T14:48:36.997Z,46.641,46.567,200,785,HIT,KIX,true
v0,measured,699,2026-09-08T14:48:36.897Z,183.868,183.768,200,4,absent,NRT,true
v1,measured,701,2026-09-08T14:48:37.096Z,43.780,43.696,200,785,HIT,KIX,true
v1,measured,702,2026-09-08T14:48:37.196Z,45.359,45.229,200,785,HIT,KIX,true
v0,measured,700,2026-09-08T14:48:36.996Z,279.801,279.686,200,4,absent,HKG,true
v0,measured,701,2026-09-08T14:48:37.096Z,230.439,230.295,200,4,absent,HKG,true
v1,measured,703,2026-09-08T14:48:37.296Z,44.509,44.268,200,785,HIT,KIX,true
v0,measured,702,2026-09-08T14:48:37.195Z,193.120,192.951,200,4,absent,NRT,true
v1,measured,704,2026-09-08T14:48:37.397Z,45.848,45.713,200,785,HIT,KIX,true
v1,measured,705,2026-09-08T14:48:37.496Z,43.913,43.768,200,785,HIT,KIX,true
v0,measured,703,2026-09-08T14:48:37.296Z,283.314,283.179,200,4,absent,HKG,true
v0,measured,704,2026-09-08T14:48:37.396Z,226.085,225.802,200,4,absent,HKG,true
v1,measured,706,2026-09-08T14:48:37.596Z,43.816,43.724,200,785,HIT,KIX,true
v0,measured,705,2026-09-08T14:48:37.496Z,196.157,196.062,200,4,absent,NRT,true
v1,measured,707,2026-09-08T14:48:37.695Z,41.304,41.212,200,785,HIT,KIX,true
v1,measured,708,2026-09-08T14:48:37.796Z,42.461,42.295,200,785,HIT,KIX,true
v0,measured,706,2026-09-08T14:48:37.596Z,284.686,284.514,200,4,absent,HKG,true
v0,measured,707,2026-09-08T14:48:37.695Z,228.887,228.696,200,4,absent,HKG,true
v1,measured,709,2026-09-08T14:48:37.894Z,46.863,46.724,200,785,HIT,KIX,true
v0,measured,708,2026-09-08T14:48:37.796Z,187.726,187.595,200,4,absent,NRT,true
v1,measured,710,2026-09-08T14:48:37.995Z,44.639,44.482,200,785,HIT,KIX,true
v1,measured,711,2026-09-08T14:48:38.096Z,43.068,42.926,200,785,HIT,KIX,true
v0,measured,709,2026-09-08T14:48:37.895Z,277.522,277.381,200,4,absent,HKG,true
v0,measured,710,2026-09-08T14:48:37.995Z,221.276,221.151,200,4,absent,HKG,true
v1,measured,712,2026-09-08T14:48:38.195Z,46.606,46.433,200,785,HIT,KIX,true
v0,measured,711,2026-09-08T14:48:38.097Z,206.906,206.740,200,4,absent,NRT,true
v1,measured,713,2026-09-08T14:48:38.296Z,43.600,43.540,200,785,HIT,KIX,true
v1,measured,714,2026-09-08T14:48:38.395Z,43.795,43.738,200,785,HIT,KIX,true
v0,measured,712,2026-09-08T14:48:38.195Z,275.298,275.195,200,4,absent,HKG,true
v0,measured,713,2026-09-08T14:48:38.297Z,230.854,230.714,200,4,absent,HKG,true
v1,measured,715,2026-09-08T14:48:38.495Z,45.623,45.557,200,785,HIT,KIX,true
v0,measured,714,2026-09-08T14:48:38.395Z,186.623,186.538,200,4,absent,NRT,true
v1,measured,716,2026-09-08T14:48:38.595Z,46.686,46.616,200,785,HIT,KIX,true
v1,measured,717,2026-09-08T14:48:38.695Z,43.758,43.651,200,785,HIT,KIX,true
v0,measured,715,2026-09-08T14:48:38.495Z,273.435,273.368,200,4,absent,HKG,true
v0,measured,716,2026-09-08T14:48:38.595Z,216.454,216.374,200,4,absent,HKG,true
v1,measured,718,2026-09-08T14:48:38.796Z,43.253,43.172,200,785,HIT,KIX,true
v0,measured,717,2026-09-08T14:48:38.695Z,197.185,197.093,200,4,absent,NRT,true
v1,measured,719,2026-09-08T14:48:38.895Z,43.943,43.870,200,785,HIT,KIX,true
v1,measured,720,2026-09-08T14:48:38.995Z,43.977,43.918,200,785,HIT,KIX,true
v0,measured,718,2026-09-08T14:48:38.796Z,283.340,283.273,200,4,absent,HKG,true
v0,measured,719,2026-09-08T14:48:38.895Z,222.683,222.556,200,4,absent,HKG,true
v1,measured,721,2026-09-08T14:48:39.096Z,43.418,43.230,200,785,HIT,KIX,true
v0,measured,720,2026-09-08T14:48:38.994Z,183.505,183.411,200,4,absent,NRT,true
v1,measured,722,2026-09-08T14:48:39.196Z,43.678,43.619,200,785,HIT,KIX,true
v1,measured,723,2026-09-08T14:48:39.295Z,42.618,42.543,200,785,HIT,KIX,true
v0,measured,721,2026-09-08T14:48:39.097Z,277.338,277.278,200,4,absent,HKG,true
v0,measured,722,2026-09-08T14:48:39.196Z,220.425,220.321,200,4,absent,HKG,true
v1,measured,724,2026-09-08T14:48:39.397Z,44.997,44.779,200,785,HIT,KIX,true
v0,measured,723,2026-09-08T14:48:39.295Z,190.215,190.139,200,4,absent,NRT,true
v1,measured,725,2026-09-08T14:48:39.495Z,52.286,52.127,200,785,HIT,KIX,true
v1,measured,726,2026-09-08T14:48:39.597Z,45.112,45.061,200,785,HIT,KIX,true
v0,measured,724,2026-09-08T14:48:39.396Z,275.628,275.574,200,4,absent,HKG,true
v0,measured,725,2026-09-08T14:48:39.495Z,224.370,224.327,200,4,absent,HKG,true
v1,measured,727,2026-09-08T14:48:39.696Z,54.824,54.773,200,785,HIT,KIX,true
v0,measured,726,2026-09-08T14:48:39.597Z,193.260,193.217,200,4,absent,NRT,true
v1,measured,728,2026-09-08T14:48:39.795Z,80.757,80.706,200,785,HIT,KIX,true
v1,measured,729,2026-09-08T14:48:39.896Z,55.382,55.329,200,785,HIT,KIX,true
v0,measured,727,2026-09-08T14:48:39.696Z,276.723,276.667,200,4,absent,HKG,true
v0,measured,728,2026-09-08T14:48:39.794Z,226.497,226.445,200,4,absent,HKG,true
v1,measured,730,2026-09-08T14:48:39.995Z,48.903,48.848,200,785,HIT,KIX,true
v0,measured,729,2026-09-08T14:48:39.896Z,195.186,195.120,200,4,absent,NRT,true
v1,measured,731,2026-09-08T14:48:40.094Z,51.850,51.767,200,785,HIT,KIX,true
v1,measured,732,2026-09-08T14:48:40.195Z,52.964,52.920,200,785,HIT,KIX,true
v0,measured,730,2026-09-08T14:48:39.995Z,267.920,267.876,200,4,absent,HKG,true
v0,measured,731,2026-09-08T14:48:40.094Z,241.040,240.995,200,4,absent,HKG,true
v1,measured,733,2026-09-08T14:48:40.296Z,48.219,48.190,200,785,HIT,KIX,true
v0,measured,732,2026-09-08T14:48:40.194Z,212.101,212.026,200,4,absent,NRT,true
v1,measured,734,2026-09-08T14:48:40.397Z,43.776,43.728,200,785,HIT,KIX,true
v1,measured,735,2026-09-08T14:48:40.496Z,43.281,43.231,200,785,HIT,KIX,true
v0,measured,733,2026-09-08T14:48:40.296Z,293.801,293.744,200,4,absent,HKG,true
v0,measured,734,2026-09-08T14:48:40.396Z,241.339,241.280,200,4,absent,HKG,true
v1,measured,736,2026-09-08T14:48:40.596Z,48.063,48.018,200,785,HIT,KIX,true
v0,measured,735,2026-09-08T14:48:40.497Z,192.165,192.100,200,4,absent,NRT,true
v1,measured,737,2026-09-08T14:48:40.696Z,43.262,43.209,200,785,HIT,KIX,true
v0,measured,736,2026-09-08T14:48:40.596Z,285.333,285.202,200,4,absent,HKG,true
v0,measured,737,2026-09-08T14:48:40.696Z,228.058,227.996,200,4,absent,HKG,true
v1,measured,738,2026-09-08T14:48:40.796Z,168.984,168.924,200,785,REVALIDATED,KIX,true
v0,measured,738,2026-09-08T14:48:40.795Z,190.141,190.087,200,4,absent,NRT,true
v1,measured,740,2026-09-08T14:48:40.996Z,43.830,43.738,200,785,HIT,KIX,true
v1,measured,741,2026-09-08T14:48:41.095Z,43.237,43.181,200,785,HIT,KIX,true
v1,measured,739,2026-09-08T14:48:40.896Z,249.016,248.931,200,785,REVALIDATED,HKG,true
v0,measured,739,2026-09-08T14:48:40.896Z,282.782,282.680,200,4,absent,HKG,true
v0,measured,740,2026-09-08T14:48:40.996Z,233.178,233.059,200,4,absent,HKG,true
v1,measured,742,2026-09-08T14:48:41.195Z,43.705,43.623,200,785,HIT,KIX,true
v0,measured,741,2026-09-08T14:48:41.095Z,186.068,186.003,200,4,absent,NRT,true
v1,measured,743,2026-09-08T14:48:41.295Z,53.078,52.965,200,785,HIT,KIX,true
v1,measured,744,2026-09-08T14:48:41.396Z,51.525,51.408,200,785,HIT,KIX,true
v0,measured,742,2026-09-08T14:48:41.195Z,277.543,277.479,200,4,absent,HKG,true
v0,measured,743,2026-09-08T14:48:41.296Z,228.597,228.517,200,4,absent,HKG,true
v1,measured,745,2026-09-08T14:48:41.495Z,41.861,41.759,200,785,HIT,KIX,true
v0,measured,744,2026-09-08T14:48:41.396Z,195.091,194.938,200,4,absent,NRT,true
v1,measured,746,2026-09-08T14:48:41.596Z,41.470,41.330,200,785,HIT,KIX,true
v1,measured,747,2026-09-08T14:48:41.695Z,45.623,45.464,200,785,HIT,KIX,true
v0,measured,745,2026-09-08T14:48:41.496Z,271.001,270.892,200,4,absent,HKG,true
v0,measured,746,2026-09-08T14:48:41.596Z,227.832,227.651,200,4,absent,HKG,true
v1,measured,748,2026-09-08T14:48:41.796Z,43.600,43.381,200,785,HIT,KIX,true
v0,measured,747,2026-09-08T14:48:41.696Z,181.109,181.003,200,4,absent,NRT,true
v1,measured,749,2026-09-08T14:48:41.896Z,45.144,45.031,200,785,HIT,KIX,true
v1,measured,750,2026-09-08T14:48:41.997Z,42.590,42.384,200,785,HIT,KIX,true
v0,measured,748,2026-09-08T14:48:41.796Z,268.962,268.855,200,4,absent,HKG,true
v1,measured,751,2026-09-08T14:48:42.096Z,44.653,44.469,200,785,HIT,KIX,true
v0,measured,749,2026-09-08T14:48:41.896Z,244.685,244.606,200,4,absent,HKG,true
v0,measured,750,2026-09-08T14:48:41.996Z,199.632,199.465,200,4,absent,NRT,true
v1,measured,752,2026-09-08T14:48:42.197Z,45.555,45.371,200,785,HIT,KIX,true
v1,measured,753,2026-09-08T14:48:42.295Z,49.077,48.913,200,785,HIT,KIX,true
v0,measured,751,2026-09-08T14:48:42.096Z,276.506,276.354,200,4,absent,HKG,true
v0,measured,752,2026-09-08T14:48:42.196Z,234.122,234.004,200,4,absent,HKG,true
v1,measured,754,2026-09-08T14:48:42.396Z,44.253,44.113,200,785,HIT,KIX,true
v0,measured,753,2026-09-08T14:48:42.296Z,187.915,187.749,200,4,absent,NRT,true
v1,measured,755,2026-09-08T14:48:42.496Z,42.539,42.424,200,785,HIT,KIX,true
v1,measured,756,2026-09-08T14:48:42.597Z,46.493,46.309,200,785,HIT,KIX,true
v0,measured,754,2026-09-08T14:48:42.395Z,281.146,280.998,200,4,absent,HKG,true
v0,measured,755,2026-09-08T14:48:42.497Z,225.145,225.001,200,4,absent,HKG,true
v1,measured,757,2026-09-08T14:48:42.695Z,48.010,47.839,200,785,HIT,KIX,true
v0,measured,756,2026-09-08T14:48:42.596Z,200.062,199.881,200,4,absent,NRT,true
v1,measured,758,2026-09-08T14:48:42.797Z,46.081,45.905,200,785,HIT,KIX,true
v1,measured,759,2026-09-08T14:48:42.895Z,43.691,43.502,200,785,HIT,KIX,true
v0,measured,757,2026-09-08T14:48:42.696Z,295.063,294.903,200,4,absent,HKG,true
v0,measured,758,2026-09-08T14:48:42.796Z,230.307,230.207,200,4,absent,HKG,true
v1,measured,760,2026-09-08T14:48:42.995Z,44.464,44.273,200,785,HIT,KIX,true
v0,measured,759,2026-09-08T14:48:42.896Z,201.378,201.258,200,4,absent,NRT,true
v1,measured,761,2026-09-08T14:48:43.096Z,44.383,44.293,200,785,HIT,KIX,true
v1,measured,762,2026-09-08T14:48:43.197Z,47.702,47.544,200,785,HIT,KIX,true
v0,measured,760,2026-09-08T14:48:42.995Z,272.196,272.077,200,4,absent,HKG,true
v0,measured,761,2026-09-08T14:48:43.096Z,226.889,226.747,200,4,absent,HKG,true
v1,measured,763,2026-09-08T14:48:43.295Z,43.604,43.431,200,785,HIT,KIX,true
v0,measured,762,2026-09-08T14:48:43.196Z,185.660,185.534,200,4,absent,NRT,true
v1,measured,764,2026-09-08T14:48:43.397Z,45.592,45.412,200,785,HIT,KIX,true
v1,measured,765,2026-09-08T14:48:43.495Z,45.826,45.741,200,785,HIT,KIX,true
v0,measured,763,2026-09-08T14:48:43.295Z,280.501,280.424,200,4,absent,HKG,true
v0,measured,764,2026-09-08T14:48:43.396Z,229.772,229.707,200,4,absent,HKG,true
v1,measured,766,2026-09-08T14:48:43.596Z,43.951,43.851,200,785,HIT,KIX,true
v0,measured,765,2026-09-08T14:48:43.496Z,189.091,189.003,200,4,absent,NRT,true
v1,measured,767,2026-09-08T14:48:43.695Z,42.707,42.606,200,785,HIT,KIX,true
v1,measured,768,2026-09-08T14:48:43.796Z,51.162,51.083,200,785,HIT,KIX,true
v0,measured,766,2026-09-08T14:48:43.596Z,287.737,287.564,200,4,absent,HKG,true
v0,measured,767,2026-09-08T14:48:43.695Z,225.938,225.760,200,4,absent,HKG,true
v1,measured,769,2026-09-08T14:48:43.896Z,55.805,55.629,200,785,HIT,KIX,true
v0,measured,768,2026-09-08T14:48:43.795Z,180.758,180.566,200,4,absent,NRT,true
v1,measured,770,2026-09-08T14:48:43.997Z,45.603,45.462,200,785,HIT,KIX,true
v1,measured,771,2026-09-08T14:48:44.095Z,46.058,45.878,200,785,HIT,KIX,true
v0,measured,769,2026-09-08T14:48:43.896Z,282.859,282.648,200,4,absent,HKG,true
v1,measured,772,2026-09-08T14:48:44.196Z,45.765,45.624,200,785,HIT,KIX,true
v0,measured,770,2026-09-08T14:48:43.996Z,246.875,246.812,200,4,absent,HKG,true
v0,measured,771,2026-09-08T14:48:44.095Z,194.591,194.288,200,4,absent,NRT,true
v1,measured,773,2026-09-08T14:48:44.296Z,46.543,46.438,200,785,HIT,KIX,true
v1,measured,774,2026-09-08T14:48:44.396Z,49.496,49.400,200,785,HIT,KIX,true
v0,measured,772,2026-09-08T14:48:44.196Z,273.725,273.561,200,4,absent,HKG,true
v0,measured,773,2026-09-08T14:48:44.297Z,239.499,239.421,200,4,absent,HKG,true
v1,measured,775,2026-09-08T14:48:44.494Z,43.773,43.721,200,785,HIT,KIX,true
v0,measured,774,2026-09-08T14:48:44.396Z,186.764,186.594,200,4,absent,NRT,true
v1,measured,776,2026-09-08T14:48:44.595Z,47.505,47.326,200,785,HIT,KIX,true
v1,measured,777,2026-09-08T14:48:44.696Z,46.138,46.000,200,785,HIT,KIX,true
v0,measured,775,2026-09-08T14:48:44.495Z,273.904,273.770,200,4,absent,HKG,true
v0,measured,776,2026-09-08T14:48:44.595Z,228.326,228.148,200,4,absent,HKG,true
v1,measured,778,2026-09-08T14:48:44.797Z,47.963,47.782,200,785,HIT,KIX,true
v0,measured,777,2026-09-08T14:48:44.696Z,192.424,192.270,200,4,absent,NRT,true
v1,measured,779,2026-09-08T14:48:44.896Z,42.822,42.650,200,785,HIT,KIX,true
v1,measured,780,2026-09-08T14:48:44.996Z,49.658,49.482,200,785,HIT,KIX,true
v0,measured,778,2026-09-08T14:48:44.796Z,274.561,274.428,200,4,absent,HKG,true
v1,measured,781,2026-09-08T14:48:45.095Z,45.232,45.003,200,785,HIT,KIX,true
v0,measured,779,2026-09-08T14:48:44.897Z,258.609,258.465,200,4,absent,HKG,true
v0,measured,780,2026-09-08T14:48:44.995Z,207.980,207.785,200,4,absent,NRT,true
v1,measured,782,2026-09-08T14:48:45.196Z,48.237,48.030,200,785,HIT,KIX,true
v1,measured,783,2026-09-08T14:48:45.295Z,45.840,45.713,200,785,HIT,KIX,true
v0,measured,781,2026-09-08T14:48:45.096Z,279.893,279.713,200,4,absent,HKG,true
v0,measured,782,2026-09-08T14:48:45.195Z,233.414,233.254,200,4,absent,HKG,true
v1,measured,784,2026-09-08T14:48:45.395Z,47.484,47.312,200,785,HIT,KIX,true
v0,measured,783,2026-09-08T14:48:45.296Z,184.993,184.903,200,4,absent,NRT,true
v1,measured,785,2026-09-08T14:48:45.495Z,55.011,54.904,200,785,HIT,KIX,true
v1,measured,786,2026-09-08T14:48:45.596Z,46.874,46.564,200,785,HIT,KIX,true
v0,measured,784,2026-09-08T14:48:45.394Z,277.148,276.997,200,4,absent,HKG,true
v1,measured,787,2026-09-08T14:48:45.695Z,45.880,45.702,200,785,HIT,KIX,true
v0,measured,785,2026-09-08T14:48:45.496Z,252.141,252.013,200,4,absent,HKG,true
v0,measured,786,2026-09-08T14:48:45.595Z,193.849,193.660,200,4,absent,NRT,true
v1,measured,788,2026-09-08T14:48:45.796Z,58.737,58.522,200,785,HIT,KIX,true
v1,measured,789,2026-09-08T14:48:45.896Z,47.122,46.920,200,785,HIT,KIX,true
v0,measured,787,2026-09-08T14:48:45.696Z,264.315,264.232,200,4,absent,HKG,true
v0,measured,788,2026-09-08T14:48:45.795Z,226.720,226.633,200,4,absent,HKG,true
v0,measured,789,2026-09-08T14:48:45.896Z,189.898,189.798,200,4,absent,NRT,true
v1,measured,790,2026-09-08T14:48:45.995Z,158.930,158.762,200,785,REVALIDATED,KIX,true
v1,measured,791,2026-09-08T14:48:46.096Z,140.015,139.800,200,785,HIT,NRT,true
v1,measured,792,2026-09-08T14:48:46.196Z,52.412,52.281,200,785,HIT,KIX,true
v0,measured,790,2026-09-08T14:48:45.995Z,263.270,263.168,200,4,absent,HKG,true
v0,measured,791,2026-09-08T14:48:46.097Z,240.816,240.721,200,4,absent,HKG,true
v1,measured,793,2026-09-08T14:48:46.295Z,61.724,61.551,200,785,HIT,KIX,true
v0,measured,792,2026-09-08T14:48:46.195Z,191.357,191.184,200,4,absent,NRT,true
v1,measured,794,2026-09-08T14:48:46.396Z,53.282,53.128,200,785,HIT,KIX,true
v1,measured,795,2026-09-08T14:48:46.496Z,54.421,54.328,200,785,HIT,KIX,true
v0,measured,793,2026-09-08T14:48:46.296Z,268.513,268.359,200,4,absent,HKG,true
v1,measured,796,2026-09-08T14:48:46.595Z,54.662,54.595,200,785,HIT,KIX,true
v0,measured,794,2026-09-08T14:48:46.395Z,255.252,255.221,200,4,absent,HKG,true
v0,measured,795,2026-09-08T14:48:46.497Z,180.552,180.474,200,4,absent,NRT,true
v1,measured,797,2026-09-08T14:48:46.696Z,51.887,51.748,200,785,HIT,KIX,true
v1,measured,798,2026-09-08T14:48:46.796Z,45.025,44.881,200,785,HIT,KIX,true
v0,measured,796,2026-09-08T14:48:46.595Z,266.656,266.510,200,4,absent,HKG,true
v0,measured,797,2026-09-08T14:48:46.696Z,224.809,224.663,200,4,absent,HKG,true
v1,measured,799,2026-09-08T14:48:46.895Z,47.322,47.166,200,785,HIT,KIX,true
v0,measured,798,2026-09-08T14:48:46.795Z,188.603,188.497,200,4,absent,NRT,true
v1,measured,800,2026-09-08T14:48:46.997Z,47.197,47.123,200,785,HIT,KIX,true
v1,measured,801,2026-09-08T14:48:47.095Z,65.349,65.215,200,785,HIT,KIX,true
v0,measured,799,2026-09-08T14:48:46.896Z,273.070,272.935,200,4,absent,HKG,true
v0,measured,800,2026-09-08T14:48:46.996Z,226.660,226.459,200,4,absent,HKG,true
v1,measured,802,2026-09-08T14:48:47.197Z,62.789,62.646,200,785,HIT,KIX,true
v0,measured,801,2026-09-08T14:48:47.096Z,194.582,194.448,200,4,absent,NRT,true
v1,measured,803,2026-09-08T14:48:47.295Z,52.552,52.455,200,785,HIT,KIX,true
v1,measured,804,2026-09-08T14:48:47.396Z,44.658,44.496,200,785,HIT,KIX,true
v0,measured,802,2026-09-08T14:48:47.196Z,280.577,280.405,200,4,absent,HKG,true
v0,measured,803,2026-09-08T14:48:47.296Z,230.345,230.203,200,4,absent,HKG,true
v1,measured,805,2026-09-08T14:48:47.495Z,44.536,44.193,200,785,HIT,KIX,true
v0,measured,804,2026-09-08T14:48:47.396Z,189.258,189.091,200,4,absent,NRT,true
v1,measured,806,2026-09-08T14:48:47.596Z,45.646,45.555,200,785,HIT,KIX,true
v1,measured,807,2026-09-08T14:48:47.695Z,52.229,52.094,200,785,HIT,KIX,true
v0,measured,805,2026-09-08T14:48:47.496Z,275.401,275.277,200,4,absent,HKG,true
v0,measured,806,2026-09-08T14:48:47.595Z,233.686,233.572,200,4,absent,HKG,true
v1,measured,808,2026-09-08T14:48:47.795Z,46.435,46.327,200,785,HIT,KIX,true
v0,measured,807,2026-09-08T14:48:47.696Z,181.637,181.377,200,4,absent,NRT,true
v1,measured,809,2026-09-08T14:48:47.896Z,48.116,48.008,200,785,HIT,KIX,true
v1,measured,810,2026-09-08T14:48:47.997Z,44.846,44.757,200,785,HIT,KIX,true
v0,measured,808,2026-09-08T14:48:47.795Z,259.597,259.510,200,4,absent,HKG,true
v0,measured,809,2026-09-08T14:48:47.897Z,222.661,222.561,200,4,absent,HKG,true
v1,measured,811,2026-09-08T14:48:48.096Z,53.303,53.161,200,785,HIT,KIX,true
v0,measured,810,2026-09-08T14:48:47.996Z,184.673,184.532,200,4,absent,NRT,true
v1,measured,812,2026-09-08T14:48:48.197Z,45.046,44.903,200,785,HIT,KIX,true
v1,measured,813,2026-09-08T14:48:48.295Z,46.373,46.217,200,785,HIT,KIX,true
v0,measured,811,2026-09-08T14:48:48.096Z,267.900,267.743,200,4,absent,HKG,true
v0,measured,812,2026-09-08T14:48:48.196Z,229.224,229.050,200,4,absent,HKG,true
v1,measured,814,2026-09-08T14:48:48.397Z,44.808,44.698,200,785,HIT,KIX,true
v0,measured,813,2026-09-08T14:48:48.296Z,193.801,193.635,200,4,absent,NRT,true
v1,measured,815,2026-09-08T14:48:48.494Z,47.773,47.638,200,785,HIT,KIX,true
v1,measured,816,2026-09-08T14:48:48.595Z,43.312,43.195,200,785,HIT,KIX,true
v0,measured,814,2026-09-08T14:48:48.396Z,264.779,264.575,200,4,absent,HKG,true
v0,measured,815,2026-09-08T14:48:48.495Z,223.381,223.259,200,4,absent,HKG,true
v1,measured,817,2026-09-08T14:48:48.696Z,44.492,44.361,200,785,HIT,KIX,true
v0,measured,816,2026-09-08T14:48:48.595Z,189.458,189.342,200,4,absent,NRT,true
v1,measured,818,2026-09-08T14:48:48.796Z,46.442,46.234,200,785,HIT,KIX,true
v1,measured,819,2026-09-08T14:48:48.895Z,48.920,48.745,200,785,HIT,KIX,true
v0,measured,817,2026-09-08T14:48:48.696Z,267.176,267.008,200,4,absent,HKG,true
v0,measured,818,2026-09-08T14:48:48.796Z,226.822,226.705,200,4,absent,HKG,true
v1,measured,820,2026-09-08T14:48:48.996Z,58.790,58.642,200,785,HIT,KIX,true
v0,measured,819,2026-09-08T14:48:48.896Z,192.135,192.001,200,4,absent,NRT,true
v1,measured,821,2026-09-08T14:48:49.095Z,49.564,49.384,200,785,HIT,KIX,true
v1,measured,822,2026-09-08T14:48:49.197Z,56.400,56.285,200,785,HIT,KIX,true
v0,measured,820,2026-09-08T14:48:48.996Z,272.748,272.616,200,4,absent,HKG,true
v0,measured,821,2026-09-08T14:48:49.095Z,220.928,220.765,200,4,absent,HKG,true
v1,measured,823,2026-09-08T14:48:49.296Z,45.614,45.486,200,785,HIT,KIX,true
v0,measured,822,2026-09-08T14:48:49.197Z,205.225,205.103,200,4,absent,NRT,true
v1,measured,824,2026-09-08T14:48:49.397Z,46.012,45.842,200,785,HIT,KIX,true
v1,measured,825,2026-09-08T14:48:49.495Z,47.806,47.632,200,785,HIT,KIX,true
v0,measured,823,2026-09-08T14:48:49.297Z,270.680,270.523,200,4,absent,HKG,true
v0,measured,824,2026-09-08T14:48:49.396Z,225.795,225.584,200,4,absent,HKG,true
v1,measured,826,2026-09-08T14:48:49.597Z,50.809,50.560,200,785,HIT,KIX,true
v0,measured,825,2026-09-08T14:48:49.496Z,189.340,189.151,200,4,absent,NRT,true
v1,measured,827,2026-09-08T14:48:49.695Z,49.841,49.670,200,785,HIT,KIX,true
v1,measured,828,2026-09-08T14:48:49.795Z,44.946,44.752,200,785,HIT,KIX,true
v0,measured,826,2026-09-08T14:48:49.596Z,325.709,325.558,200,4,absent,HKG,true
v1,measured,829,2026-09-08T14:48:49.895Z,47.849,47.708,200,785,HIT,KIX,true
v0,measured,828,2026-09-08T14:48:49.794Z,188.262,188.172,200,4,absent,NRT,true
v0,measured,827,2026-09-08T14:48:49.696Z,303.560,303.436,200,4,absent,HKG,true
v1,measured,830,2026-09-08T14:48:49.995Z,47.831,47.678,200,785,HIT,KIX,true
v1,measured,831,2026-09-08T14:48:50.096Z,55.484,55.307,200,785,HIT,KIX,true
v0,measured,829,2026-09-08T14:48:49.895Z,318.373,318.236,200,4,absent,KIX,true
v1,measured,832,2026-09-08T14:48:50.197Z,46.305,46.118,200,785,HIT,KIX,true
v0,measured,830,2026-09-08T14:48:49.995Z,267.324,267.181,200,4,absent,HKG,true
v0,measured,831,2026-09-08T14:48:50.097Z,229.814,229.624,200,4,absent,HKG,true
v1,measured,833,2026-09-08T14:48:50.296Z,50.751,50.609,200,785,HIT,KIX,true
v0,measured,832,2026-09-08T14:48:50.196Z,188.441,188.335,200,4,absent,NRT,true
v1,measured,834,2026-09-08T14:48:50.395Z,49.035,48.939,200,785,HIT,KIX,true
v1,measured,835,2026-09-08T14:48:50.496Z,46.151,46.040,200,785,HIT,KIX,true
v0,measured,833,2026-09-08T14:48:50.297Z,280.755,280.591,200,4,absent,HKG,true
v0,measured,834,2026-09-08T14:48:50.395Z,227.825,227.706,200,4,absent,HKG,true
v1,measured,836,2026-09-08T14:48:50.596Z,45.022,44.685,200,785,HIT,KIX,true
v0,measured,835,2026-09-08T14:48:50.496Z,180.204,180.036,200,4,absent,NRT,true
v1,measured,837,2026-09-08T14:48:50.696Z,51.074,50.862,200,785,HIT,KIX,true
v1,measured,838,2026-09-08T14:48:50.796Z,46.588,46.460,200,785,HIT,KIX,true
v0,measured,836,2026-09-08T14:48:50.595Z,269.731,269.578,200,4,absent,HKG,true
v0,measured,837,2026-09-08T14:48:50.696Z,230.050,229.877,200,4,absent,HKG,true
v1,measured,839,2026-09-08T14:48:50.896Z,44.890,44.711,200,785,HIT,KIX,true
v0,measured,838,2026-09-08T14:48:50.796Z,183.188,183.069,200,4,absent,NRT,true
v1,measured,840,2026-09-08T14:48:50.997Z,45.979,45.799,200,785,HIT,KIX,true
v1,measured,841,2026-09-08T14:48:51.095Z,45.106,45.007,200,785,HIT,KIX,true
v0,measured,839,2026-09-08T14:48:50.897Z,264.240,264.114,200,4,absent,HKG,true
v0,measured,840,2026-09-08T14:48:50.996Z,242.479,242.375,200,4,absent,HKG,true
v0,measured,841,2026-09-08T14:48:51.096Z,202.528,202.375,200,4,absent,NRT,true
v1,measured,842,2026-09-08T14:48:51.196Z,164.450,164.206,200,785,REVALIDATED,KIX,true
v1,measured,843,2026-09-08T14:48:51.295Z,130.807,130.573,200,785,HIT,KIX,true
v1,measured,844,2026-09-08T14:48:51.396Z,46.283,46.193,200,785,HIT,KIX,true
v0,measured,842,2026-09-08T14:48:51.195Z,264.660,264.565,200,4,absent,HKG,true
v0,measured,843,2026-09-08T14:48:51.297Z,224.228,224.142,200,4,absent,HKG,true
v1,measured,845,2026-09-08T14:48:51.496Z,53.471,53.326,200,785,HIT,KIX,true
v0,measured,844,2026-09-08T14:48:51.396Z,201.617,201.526,200,4,absent,NRT,true
v1,measured,846,2026-09-08T14:48:51.595Z,44.900,44.737,200,785,HIT,KIX,true
v1,measured,847,2026-09-08T14:48:51.695Z,45.879,45.623,200,785,HIT,KIX,true
v0,measured,845,2026-09-08T14:48:51.496Z,272.087,271.913,200,4,absent,HKG,true
v0,measured,846,2026-09-08T14:48:51.595Z,231.112,230.958,200,4,absent,HKG,true
v1,measured,848,2026-09-08T14:48:51.795Z,46.571,46.423,200,785,HIT,KIX,true
v0,measured,847,2026-09-08T14:48:51.695Z,178.995,178.805,200,4,absent,NRT,true
v1,measured,849,2026-09-08T14:48:51.896Z,49.094,48.906,200,785,HIT,KIX,true
v1,measured,850,2026-09-08T14:48:51.995Z,50.044,49.912,200,785,HIT,KIX,true
v0,measured,848,2026-09-08T14:48:51.795Z,251.845,251.776,200,4,absent,HKG,true
v0,measured,849,2026-09-08T14:48:51.897Z,224.411,224.306,200,4,absent,HKG,true
v1,measured,851,2026-09-08T14:48:52.095Z,47.581,47.450,200,785,HIT,KIX,true
v0,measured,850,2026-09-08T14:48:51.995Z,191.003,190.846,200,4,absent,NRT,true
v1,measured,852,2026-09-08T14:48:52.197Z,44.264,43.985,200,785,HIT,KIX,true
v1,measured,853,2026-09-08T14:48:52.295Z,45.180,45.026,200,785,HIT,KIX,true
v0,measured,851,2026-09-08T14:48:52.096Z,279.467,279.296,200,4,absent,HKG,true
v0,measured,852,2026-09-08T14:48:52.196Z,230.119,229.936,200,4,absent,HKG,true
v1,measured,854,2026-09-08T14:48:52.397Z,45.125,44.958,200,785,HIT,KIX,true
v0,measured,853,2026-09-08T14:48:52.295Z,186.763,186.595,200,4,absent,NRT,true
v1,measured,855,2026-09-08T14:48:52.495Z,49.311,49.117,200,785,HIT,KIX,true
v1,measured,856,2026-09-08T14:48:52.596Z,49.854,49.682,200,785,HIT,KIX,true
v0,measured,854,2026-09-08T14:48:52.396Z,264.891,264.735,200,4,absent,HKG,true
v0,measured,855,2026-09-08T14:48:52.496Z,233.931,233.722,200,4,absent,HKG,true
v1,measured,857,2026-09-08T14:48:52.695Z,54.273,54.124,200,785,HIT,KIX,true
v0,measured,856,2026-09-08T14:48:52.595Z,183.728,183.583,200,4,absent,NRT,true
v1,measured,858,2026-09-08T14:48:52.797Z,45.168,44.966,200,785,HIT,KIX,true
v1,measured,859,2026-09-08T14:48:52.895Z,44.860,44.707,200,785,HIT,KIX,true
v0,measured,857,2026-09-08T14:48:52.695Z,288.315,288.119,200,4,absent,HKG,true
v0,measured,858,2026-09-08T14:48:52.797Z,233.110,232.975,200,4,absent,HKG,true
v1,measured,860,2026-09-08T14:48:52.996Z,44.374,44.200,200,785,HIT,KIX,true
v0,measured,859,2026-09-08T14:48:52.896Z,201.740,201.609,200,4,absent,NRT,true
v1,measured,861,2026-09-08T14:48:53.096Z,45.167,44.876,200,785,HIT,KIX,true
v1,measured,862,2026-09-08T14:48:53.196Z,45.385,45.183,200,785,HIT,KIX,true
v0,measured,860,2026-09-08T14:48:52.995Z,280.267,280.142,200,4,absent,HKG,true
v0,measured,861,2026-09-08T14:48:53.097Z,234.979,234.909,200,4,absent,HKG,true
v1,measured,863,2026-09-08T14:48:53.296Z,47.203,47.057,200,785,HIT,KIX,true
v0,measured,862,2026-09-08T14:48:53.196Z,180.274,180.059,200,4,absent,NRT,true
v1,measured,864,2026-09-08T14:48:53.397Z,49.972,49.782,200,785,HIT,KIX,true
v1,measured,865,2026-09-08T14:48:53.495Z,47.189,47.036,200,785,HIT,KIX,true
v0,measured,863,2026-09-08T14:48:53.296Z,269.669,269.483,200,4,absent,HKG,true
v0,measured,864,2026-09-08T14:48:53.396Z,238.473,238.284,200,4,absent,HKG,true
v1,measured,866,2026-09-08T14:48:53.596Z,44.870,44.694,200,785,HIT,KIX,true
v0,measured,865,2026-09-08T14:48:53.496Z,177.201,177.065,200,4,absent,NRT,true
v1,measured,867,2026-09-08T14:48:53.695Z,43.226,43.074,200,785,HIT,KIX,true
v1,measured,868,2026-09-08T14:48:53.797Z,45.582,45.426,200,785,HIT,KIX,true
v0,measured,866,2026-09-08T14:48:53.595Z,266.685,266.597,200,4,absent,HKG,true
v0,measured,867,2026-09-08T14:48:53.695Z,228.899,228.727,200,4,absent,HKG,true
v1,measured,869,2026-09-08T14:48:53.895Z,47.703,47.554,200,785,HIT,KIX,true
v0,measured,868,2026-09-08T14:48:53.796Z,182.294,182.071,200,4,absent,NRT,true
v1,measured,870,2026-09-08T14:48:53.997Z,49.220,49.055,200,785,HIT,KIX,true
v1,measured,871,2026-09-08T14:48:54.095Z,43.651,43.558,200,785,HIT,KIX,true
v0,measured,869,2026-09-08T14:48:53.895Z,277.395,277.282,200,4,absent,HKG,true
v0,measured,870,2026-09-08T14:48:53.996Z,226.806,226.635,200,4,absent,HKG,true
v1,measured,872,2026-09-08T14:48:54.196Z,44.080,43.926,200,785,HIT,KIX,true
v0,measured,871,2026-09-08T14:48:54.096Z,182.928,182.773,200,4,absent,NRT,true
v1,measured,873,2026-09-08T14:48:54.295Z,44.051,43.901,200,785,HIT,KIX,true
v1,measured,874,2026-09-08T14:48:54.395Z,44.124,43.943,200,785,HIT,KIX,true
v0,measured,872,2026-09-08T14:48:54.195Z,272.322,272.145,200,4,absent,HKG,true
v0,measured,873,2026-09-08T14:48:54.296Z,223.384,223.261,200,4,absent,HKG,true
v1,measured,875,2026-09-08T14:48:54.495Z,43.270,43.123,200,785,HIT,KIX,true
v0,measured,874,2026-09-08T14:48:54.394Z,180.753,180.638,200,4,absent,NRT,true
v1,measured,876,2026-09-08T14:48:54.596Z,45.113,44.805,200,785,HIT,KIX,true
v1,measured,877,2026-09-08T14:48:54.695Z,44.583,44.502,200,785,HIT,KIX,true
v0,measured,875,2026-09-08T14:48:54.496Z,274.294,274.143,200,4,absent,HKG,true
v1,measured,878,2026-09-08T14:48:54.795Z,47.095,46.962,200,785,HIT,KIX,true
v0,measured,876,2026-09-08T14:48:54.596Z,280.995,280.811,200,4,absent,HKG,true
v0,measured,877,2026-09-08T14:48:54.695Z,220.487,220.315,200,4,absent,NRT,true
v1,measured,879,2026-09-08T14:48:54.896Z,43.732,43.572,200,785,HIT,KIX,true
v1,measured,880,2026-09-08T14:48:54.996Z,46.948,46.780,200,785,HIT,KIX,true
v0,measured,878,2026-09-08T14:48:54.795Z,297.311,297.045,200,4,absent,HKG,true
v1,measured,881,2026-09-08T14:48:55.094Z,44.827,44.723,200,785,HIT,KIX,true
v0,measured,879,2026-09-08T14:48:54.897Z,254.542,254.427,200,4,absent,HKG,true
v0,measured,880,2026-09-08T14:48:54.995Z,191.758,191.644,200,4,absent,NRT,true
v1,measured,882,2026-09-08T14:48:55.195Z,44.974,44.810,200,785,HIT,KIX,true
v1,measured,883,2026-09-08T14:48:55.296Z,46.172,46.016,200,785,HIT,KIX,true
v0,measured,881,2026-09-08T14:48:55.095Z,271.034,270.926,200,4,absent,HKG,true
v0,measured,882,2026-09-08T14:48:55.195Z,235.183,234.966,200,4,absent,HKG,true
v1,measured,884,2026-09-08T14:48:55.395Z,57.733,57.609,200,785,HIT,KIX,true
v0,measured,883,2026-09-08T14:48:55.296Z,188.472,188.289,200,4,absent,NRT,true
v1,measured,885,2026-09-08T14:48:55.494Z,44.673,44.565,200,785,HIT,KIX,true
v1,measured,886,2026-09-08T14:48:55.597Z,45.417,45.256,200,785,HIT,KIX,true
v0,measured,884,2026-09-08T14:48:55.394Z,280.821,280.631,200,4,absent,HKG,true
v0,measured,885,2026-09-08T14:48:55.495Z,233.166,233.001,200,4,absent,HKG,true
v1,measured,887,2026-09-08T14:48:55.695Z,46.975,46.855,200,785,HIT,KIX,true
v0,measured,886,2026-09-08T14:48:55.596Z,180.162,179.990,200,4,absent,NRT,true
v1,measured,888,2026-09-08T14:48:55.796Z,43.556,43.385,200,785,HIT,KIX,true
v1,measured,889,2026-09-08T14:48:55.896Z,48.998,48.811,200,785,HIT,KIX,true
v0,measured,887,2026-09-08T14:48:55.696Z,283.713,283.610,200,4,absent,HKG,true
v1,measured,890,2026-09-08T14:48:55.996Z,49.774,49.646,200,785,HIT,KIX,true
v0,measured,888,2026-09-08T14:48:55.796Z,250.230,250.195,200,4,absent,HKG,true
v0,measured,889,2026-09-08T14:48:55.897Z,185.281,185.102,200,4,absent,NRT,true
v1,measured,891,2026-09-08T14:48:56.097Z,43.072,42.924,200,785,HIT,KIX,true
v1,measured,892,2026-09-08T14:48:56.196Z,43.709,43.589,200,785,HIT,KIX,true
v0,measured,890,2026-09-08T14:48:55.995Z,285.368,285.262,200,4,absent,HKG,true
v0,measured,891,2026-09-08T14:48:56.097Z,244.355,244.179,200,4,absent,HKG,true
v0,measured,892,2026-09-08T14:48:56.195Z,192.020,191.826,200,4,absent,NRT,true
v1,measured,893,2026-09-08T14:48:56.296Z,166.679,166.492,200,785,REVALIDATED,KIX,true
v1,measured,894,2026-09-08T14:48:56.396Z,130.298,130.064,200,785,HIT,NRT,true
v1,measured,895,2026-09-08T14:48:56.496Z,46.570,46.491,200,785,HIT,KIX,true
v0,measured,894,2026-09-08T14:48:56.396Z,228.000,227.887,200,4,absent,HKG,true
v0,measured,893,2026-09-08T14:48:56.297Z,340.205,340.012,200,4,absent,HKG,true
v1,measured,896,2026-09-08T14:48:56.597Z,46.821,46.676,200,785,HIT,KIX,true
v0,measured,895,2026-09-08T14:48:56.497Z,183.945,183.784,200,4,absent,NRT,true
v1,measured,897,2026-09-08T14:48:56.699Z,47.025,46.843,200,785,HIT,KIX,true
v1,measured,898,2026-09-08T14:48:56.796Z,43.738,43.586,200,785,HIT,KIX,true
v1,measured,899,2026-09-08T14:48:56.895Z,43.869,43.782,200,785,HIT,KIX,true
v0,measured,896,2026-09-08T14:48:56.596Z,342.823,342.802,200,4,absent,HKG,true
v0,measured,897,2026-09-08T14:48:56.699Z,281.536,281.439,200,4,absent,HKG,true
v1,measured,900,2026-09-08T14:48:56.996Z,45.487,45.346,200,785,HIT,KIX,true
v0,measured,898,2026-09-08T14:48:56.795Z,280.624,280.524,200,4,absent,HKG,true
v0,measured,899,2026-09-08T14:48:56.895Z,180.314,180.292,200,4,absent,NRT,true
v1,measured,901,2026-09-08T14:48:57.095Z,43.059,42.948,200,785,HIT,KIX,true
v1,measured,902,2026-09-08T14:48:57.196Z,44.174,44.018,200,785,HIT,KIX,true
v0,measured,900,2026-09-08T14:48:56.996Z,266.917,266.754,200,4,absent,HKG,true
v1,measured,903,2026-09-08T14:48:57.295Z,275.891,275.841,200,785,HIT,KIX,true
v0,measured,903,2026-09-08T14:48:57.296Z,275.353,275.338,200,4,absent,HKG,true
v0,measured,902,2026-09-08T14:48:57.195Z,375.733,375.724,200,4,absent,NRT,true
v0,measured,901,2026-09-08T14:48:57.095Z,475.710,475.701,200,4,absent,HKG,true
v1,measured,904,2026-09-08T14:48:57.397Z,174.019,173.997,200,785,HIT,NRT,true
v0,measured,904,2026-09-08T14:48:57.396Z,225.851,225.637,200,4,absent,HKG,true
v1,measured,906,2026-09-08T14:48:57.596Z,47.915,47.860,200,785,HIT,KIX,true
v1,measured,907,2026-09-08T14:48:57.695Z,45.605,45.546,200,785,HIT,KIX,true
v1,measured,905,2026-09-08T14:48:57.495Z,313.071,312.934,200,785,REVALIDATED,HKG,true
v0,measured,905,2026-09-08T14:48:57.497Z,332.626,332.575,200,4,absent,HKG,true
v0,measured,906,2026-09-08T14:48:57.596Z,243.624,243.425,200,4,absent,HKG,true
v1,measured,908,2026-09-08T14:48:57.796Z,43.423,43.366,200,785,HIT,KIX,true
v1,measured,909,2026-09-08T14:48:57.896Z,46.108,45.918,200,785,HIT,KIX,true
v0,measured,907,2026-09-08T14:48:57.696Z,278.471,278.323,200,4,absent,HKG,true
v0,measured,908,2026-09-08T14:48:57.796Z,192.918,192.788,200,4,absent,NRT,true
v1,measured,910,2026-09-08T14:48:57.997Z,42.643,42.544,200,785,HIT,KIX,true
v0,measured,909,2026-09-08T14:48:57.897Z,226.886,226.783,200,4,absent,HKG,true
v1,measured,911,2026-09-08T14:48:58.097Z,48.615,48.479,200,785,HIT,KIX,true
v1,measured,912,2026-09-08T14:48:58.196Z,44.614,44.412,200,785,HIT,KIX,true
v0,measured,910,2026-09-08T14:48:57.996Z,268.486,268.363,200,4,absent,HKG,true
v0,measured,911,2026-09-08T14:48:58.097Z,184.214,184.034,200,4,absent,NRT,true
v1,measured,913,2026-09-08T14:48:58.295Z,42.932,42.806,200,785,HIT,KIX,true
v0,measured,912,2026-09-08T14:48:58.195Z,231.248,231.087,200,4,absent,HKG,true
v1,measured,914,2026-09-08T14:48:58.396Z,43.360,43.152,200,785,HIT,KIX,true
v1,measured,915,2026-09-08T14:48:58.495Z,44.688,44.491,200,785,HIT,KIX,true
v0,measured,913,2026-09-08T14:48:58.296Z,270.519,270.385,200,4,absent,HKG,true
v0,measured,914,2026-09-08T14:48:58.395Z,198.585,198.464,200,4,absent,NRT,true
v1,measured,916,2026-09-08T14:48:58.596Z,43.377,43.256,200,785,HIT,KIX,true
v0,measured,915,2026-09-08T14:48:58.496Z,233.098,232.895,200,4,absent,HKG,true
v1,measured,917,2026-09-08T14:48:58.695Z,43.064,42.862,200,785,HIT,KIX,true
v1,measured,918,2026-09-08T14:48:58.796Z,46.850,46.732,200,785,HIT,KIX,true
v0,measured,916,2026-09-08T14:48:58.595Z,272.572,272.445,200,4,absent,HKG,true
v0,measured,917,2026-09-08T14:48:58.695Z,183.418,183.333,200,4,absent,NRT,true
v1,measured,919,2026-09-08T14:48:58.896Z,44.518,44.425,200,785,HIT,KIX,true
v0,measured,918,2026-09-08T14:48:58.796Z,239.110,239.058,200,4,absent,HKG,true
v1,measured,920,2026-09-08T14:48:58.995Z,41.727,41.704,200,785,HIT,KIX,true
v1,measured,921,2026-09-08T14:48:59.096Z,44.403,44.342,200,785,HIT,KIX,true
v0,measured,919,2026-09-08T14:48:58.896Z,273.915,273.852,200,4,absent,HKG,true
v0,measured,920,2026-09-08T14:48:58.995Z,203.141,203.095,200,4,absent,NRT,true
v1,measured,922,2026-09-08T14:48:59.196Z,44.089,44.041,200,785,HIT,KIX,true
v0,measured,921,2026-09-08T14:48:59.096Z,237.992,237.953,200,4,absent,HKG,true
v1,measured,923,2026-09-08T14:48:59.296Z,46.277,46.242,200,785,HIT,KIX,true
v1,measured,924,2026-09-08T14:48:59.395Z,43.013,42.972,200,785,HIT,KIX,true
v0,measured,922,2026-09-08T14:48:59.195Z,281.665,281.629,200,4,absent,HKG,true
v0,measured,923,2026-09-08T14:48:59.296Z,189.339,189.310,200,4,absent,NRT,true
v1,measured,925,2026-09-08T14:48:59.495Z,51.687,51.644,200,785,HIT,KIX,true
v0,measured,924,2026-09-08T14:48:59.395Z,228.037,227.993,200,4,absent,HKG,true
v1,measured,926,2026-09-08T14:48:59.596Z,47.121,47.090,200,785,HIT,KIX,true
v1,measured,927,2026-09-08T14:48:59.695Z,42.440,42.385,200,785,HIT,KIX,true
v0,measured,925,2026-09-08T14:48:59.496Z,274.058,273.982,200,4,absent,HKG,true
v0,measured,926,2026-09-08T14:48:59.596Z,191.091,191.006,200,4,absent,NRT,true
v1,measured,928,2026-09-08T14:48:59.797Z,44.028,43.970,200,785,HIT,KIX,true
v0,measured,927,2026-09-08T14:48:59.695Z,220.969,220.904,200,4,absent,HKG,true
v1,measured,929,2026-09-08T14:48:59.896Z,45.029,44.963,200,785,HIT,KIX,true
v1,measured,930,2026-09-08T14:48:59.995Z,42.980,42.878,200,785,HIT,KIX,true
v0,measured,928,2026-09-08T14:48:59.796Z,271.109,271.014,200,4,absent,HKG,true
v0,measured,929,2026-09-08T14:48:59.896Z,176.693,176.574,200,4,absent,NRT,true
v1,measured,931,2026-09-08T14:49:00.096Z,49.788,49.511,200,785,HIT,KIX,true
v0,measured,930,2026-09-08T14:48:59.995Z,237.052,236.881,200,4,absent,HKG,true
v1,measured,932,2026-09-08T14:49:00.196Z,46.546,46.455,200,785,HIT,KIX,true
v1,measured,933,2026-09-08T14:49:00.295Z,48.464,48.389,200,785,HIT,KIX,true
v0,measured,931,2026-09-08T14:49:00.096Z,279.112,278.936,200,4,absent,HKG,true
v0,measured,932,2026-09-08T14:49:00.195Z,182.322,182.147,200,4,absent,NRT,true
v1,measured,934,2026-09-08T14:49:00.395Z,46.066,45.970,200,785,HIT,KIX,true
v0,measured,933,2026-09-08T14:49:00.295Z,237.449,237.393,200,4,absent,HKG,true
v1,measured,935,2026-09-08T14:49:00.495Z,45.384,45.241,200,785,HIT,KIX,true
v1,measured,936,2026-09-08T14:49:00.596Z,43.224,43.090,200,785,HIT,KIX,true
v0,measured,934,2026-09-08T14:49:00.395Z,270.215,270.147,200,4,absent,HKG,true
v0,measured,935,2026-09-08T14:49:00.495Z,178.439,178.363,200,4,absent,NRT,true
v1,measured,937,2026-09-08T14:49:00.696Z,42.279,42.224,200,785,HIT,KIX,true
v0,measured,936,2026-09-08T14:49:00.595Z,226.235,226.140,200,4,absent,HKG,true
v1,measured,938,2026-09-08T14:49:00.796Z,42.800,42.734,200,785,HIT,KIX,true
v1,measured,939,2026-09-08T14:49:00.895Z,41.960,41.907,200,785,HIT,KIX,true
v0,measured,937,2026-09-08T14:49:00.696Z,270.177,270.140,200,4,absent,HKG,true
v0,measured,938,2026-09-08T14:49:00.796Z,188.309,188.266,200,4,absent,NRT,true
v1,measured,940,2026-09-08T14:49:00.996Z,43.594,43.519,200,785,HIT,KIX,true
v0,measured,939,2026-09-08T14:49:00.896Z,236.345,236.294,200,4,absent,HKG,true
v1,measured,941,2026-09-08T14:49:01.094Z,43.749,43.717,200,785,HIT,KIX,true
v1,measured,942,2026-09-08T14:49:01.196Z,46.215,46.142,200,785,HIT,KIX,true
v0,measured,940,2026-09-08T14:49:00.996Z,270.920,270.853,200,4,absent,HKG,true
v0,measured,941,2026-09-08T14:49:01.095Z,193.768,193.714,200,4,absent,NRT,true
v1,measured,943,2026-09-08T14:49:01.295Z,41.748,41.687,200,785,HIT,KIX,true
v0,measured,942,2026-09-08T14:49:01.196Z,231.045,230.988,200,4,absent,HKG,true
v1,measured,944,2026-09-08T14:49:01.397Z,43.433,43.240,200,785,HIT,KIX,true
v0,measured,943,2026-09-08T14:49:01.296Z,268.683,268.620,200,4,absent,HKG,true
v0,measured,944,2026-09-08T14:49:01.396Z,184.513,184.438,200,4,absent,NRT,true
v1,measured,945,2026-09-08T14:49:01.496Z,167.040,166.974,200,785,REVALIDATED,KIX,true
v0,measured,945,2026-09-08T14:49:01.496Z,230.062,229.928,200,4,absent,HKG,true
v1,measured,947,2026-09-08T14:49:01.695Z,46.490,46.407,200,785,HIT,KIX,true
v1,measured,946,2026-09-08T14:49:01.595Z,173.363,173.240,200,785,HIT,HKG,true
v1,measured,948,2026-09-08T14:49:01.796Z,46.587,46.409,200,785,HIT,KIX,true
v0,measured,947,2026-09-08T14:49:01.696Z,195.559,195.472,200,4,absent,NRT,true
v0,measured,946,2026-09-08T14:49:01.595Z,322.415,322.342,200,4,absent,HKG,true
v1,measured,949,2026-09-08T14:49:01.895Z,43.210,43.111,200,785,HIT,KIX,true
v0,measured,948,2026-09-08T14:49:01.796Z,234.130,234.075,200,4,absent,HKG,true
v1,measured,950,2026-09-08T14:49:01.997Z,44.451,44.414,200,785,HIT,KIX,true
v0,measured,949,2026-09-08T14:49:01.895Z,198.225,198.147,200,4,absent,NRT,true
v1,measured,951,2026-09-08T14:49:02.095Z,45.385,45.329,200,785,HIT,KIX,true
v1,measured,952,2026-09-08T14:49:02.196Z,46.306,46.183,200,785,HIT,KIX,true
v0,measured,950,2026-09-08T14:49:01.996Z,267.018,266.963,200,4,absent,HKG,true
v0,measured,951,2026-09-08T14:49:02.096Z,235.506,235.362,200,4,absent,HKG,true
v1,measured,953,2026-09-08T14:49:02.295Z,44.725,44.593,200,785,HIT,KIX,true
v0,measured,952,2026-09-08T14:49:02.196Z,202.376,202.321,200,4,absent,NRT,true
v1,measured,954,2026-09-08T14:49:02.397Z,43.947,43.882,200,785,HIT,KIX,true
v1,measured,955,2026-09-08T14:49:02.496Z,51.864,51.805,200,785,HIT,KIX,true
v0,measured,953,2026-09-08T14:49:02.296Z,265.400,265.304,200,4,absent,HKG,true
v0,measured,954,2026-09-08T14:49:02.396Z,226.443,226.388,200,4,absent,HKG,true
v1,measured,956,2026-09-08T14:49:02.596Z,43.397,43.340,200,785,HIT,KIX,true
v0,measured,955,2026-09-08T14:49:02.497Z,188.119,188.070,200,4,absent,NRT,true
v1,measured,957,2026-09-08T14:49:02.696Z,44.952,44.905,200,785,HIT,KIX,true
v1,measured,958,2026-09-08T14:49:02.795Z,41.611,41.549,200,785,HIT,KIX,true
v0,measured,956,2026-09-08T14:49:02.596Z,264.261,264.131,200,4,absent,HKG,true
v0,measured,957,2026-09-08T14:49:02.696Z,230.185,230.127,200,4,absent,HKG,true
v1,measured,959,2026-09-08T14:49:02.894Z,44.404,44.355,200,785,HIT,KIX,true
v0,measured,958,2026-09-08T14:49:02.795Z,184.337,184.270,200,4,absent,NRT,true
v1,measured,960,2026-09-08T14:49:02.996Z,45.758,45.609,200,785,HIT,KIX,true
v1,measured,961,2026-09-08T14:49:03.095Z,52.508,52.408,200,785,HIT,KIX,true
v0,measured,959,2026-09-08T14:49:02.895Z,269.092,269.044,200,4,absent,HKG,true
v1,measured,962,2026-09-08T14:49:03.196Z,42.611,42.518,200,785,HIT,KIX,true
v0,measured,960,2026-09-08T14:49:02.996Z,247.374,247.299,200,4,absent,HKG,true
v1,measured,963,2026-09-08T14:49:03.295Z,42.685,42.599,200,785,HIT,KIX,true
v0,measured,961,2026-09-08T14:49:03.095Z,268.260,268.205,200,4,absent,NRT,true
v1,measured,964,2026-09-08T14:49:03.396Z,42.383,42.314,200,785,HIT,KIX,true
v0,measured,962,2026-09-08T14:49:03.195Z,262.254,262.175,200,4,absent,HKG,true
v0,measured,963,2026-09-08T14:49:03.296Z,223.163,223.062,200,4,absent,HKG,true
v1,measured,965,2026-09-08T14:49:03.495Z,46.298,46.189,200,785,HIT,KIX,true
v0,measured,964,2026-09-08T14:49:03.396Z,189.779,189.736,200,4,absent,NRT,true
v1,measured,966,2026-09-08T14:49:03.596Z,43.575,43.318,200,785,HIT,KIX,true
v1,measured,967,2026-09-08T14:49:03.695Z,45.250,45.157,200,785,HIT,KIX,true
v0,measured,965,2026-09-08T14:49:03.495Z,268.184,268.141,200,4,absent,HKG,true
v0,measured,966,2026-09-08T14:49:03.596Z,222.182,222.123,200,4,absent,HKG,true
v1,measured,968,2026-09-08T14:49:03.795Z,42.740,42.675,200,785,HIT,KIX,true
v0,measured,967,2026-09-08T14:49:03.696Z,184.966,184.839,200,4,absent,NRT,true
v1,measured,969,2026-09-08T14:49:03.895Z,43.605,43.540,200,785,HIT,KIX,true
v1,measured,970,2026-09-08T14:49:03.996Z,44.612,44.542,200,785,HIT,KIX,true
v0,measured,968,2026-09-08T14:49:03.795Z,265.206,265.124,200,4,absent,HKG,true
v0,measured,969,2026-09-08T14:49:03.895Z,228.112,227.922,200,4,absent,HKG,true
v1,measured,971,2026-09-08T14:49:04.096Z,45.042,44.987,200,785,HIT,KIX,true
v0,measured,970,2026-09-08T14:49:03.995Z,192.452,192.393,200,4,absent,NRT,true
v1,measured,972,2026-09-08T14:49:04.196Z,45.299,45.234,200,785,HIT,KIX,true
v1,measured,973,2026-09-08T14:49:04.295Z,43.339,43.239,200,785,HIT,KIX,true
v0,measured,971,2026-09-08T14:49:04.097Z,270.094,269.933,200,4,absent,HKG,true
v0,measured,972,2026-09-08T14:49:04.196Z,221.524,221.348,200,4,absent,HKG,true
v1,measured,974,2026-09-08T14:49:04.397Z,48.516,48.454,200,785,HIT,KIX,true
v0,measured,973,2026-09-08T14:49:04.296Z,179.852,179.713,200,4,absent,NRT,true
v1,measured,975,2026-09-08T14:49:04.496Z,47.377,47.307,200,785,HIT,KIX,true
v1,measured,976,2026-09-08T14:49:04.597Z,43.970,43.903,200,785,HIT,KIX,true
v0,measured,974,2026-09-08T14:49:04.396Z,280.592,280.532,200,4,absent,HKG,true
v0,measured,975,2026-09-08T14:49:04.497Z,222.539,222.469,200,4,absent,HKG,true
v1,measured,977,2026-09-08T14:49:04.695Z,45.021,44.963,200,785,HIT,KIX,true
v0,measured,976,2026-09-08T14:49:04.596Z,175.571,175.519,200,4,absent,NRT,true
v1,measured,978,2026-09-08T14:49:04.795Z,42.035,41.972,200,785,HIT,KIX,true
v1,measured,979,2026-09-08T14:49:04.895Z,44.197,44.074,200,785,HIT,KIX,true
v0,measured,977,2026-09-08T14:49:04.695Z,269.529,269.471,200,4,absent,HKG,true
v0,measured,978,2026-09-08T14:49:04.795Z,222.814,222.745,200,4,absent,HKG,true
v1,measured,980,2026-09-08T14:49:04.995Z,48.464,48.302,200,785,HIT,KIX,true
v0,measured,979,2026-09-08T14:49:04.895Z,189.047,188.974,200,4,absent,NRT,true
v1,measured,981,2026-09-08T14:49:05.096Z,45.165,45.086,200,785,HIT,KIX,true
v1,measured,982,2026-09-08T14:49:05.196Z,49.483,49.418,200,785,HIT,KIX,true
v0,measured,980,2026-09-08T14:49:04.995Z,271.215,271.157,200,4,absent,HKG,true
v0,measured,981,2026-09-08T14:49:05.097Z,225.163,225.100,200,4,absent,HKG,true
v1,measured,983,2026-09-08T14:49:05.295Z,44.318,44.243,200,785,HIT,KIX,true
v0,measured,982,2026-09-08T14:49:05.196Z,188.600,188.479,200,4,absent,NRT,true
v1,measured,984,2026-09-08T14:49:05.396Z,45.248,45.121,200,785,HIT,KIX,true
v1,measured,985,2026-09-08T14:49:05.495Z,46.186,46.079,200,785,HIT,KIX,true
v0,measured,983,2026-09-08T14:49:05.295Z,266.609,266.485,200,4,absent,HKG,true
v0,measured,984,2026-09-08T14:49:05.395Z,228.272,228.189,200,4,absent,HKG,true
v1,measured,986,2026-09-08T14:49:05.597Z,42.654,42.557,200,785,HIT,KIX,true
v0,measured,985,2026-09-08T14:49:05.495Z,187.738,187.682,200,4,absent,NRT,true
v1,measured,987,2026-09-08T14:49:05.696Z,46.848,46.786,200,785,HIT,KIX,true
v1,measured,988,2026-09-08T14:49:05.796Z,44.812,44.659,200,785,HIT,KIX,true
v0,measured,986,2026-09-08T14:49:05.596Z,264.221,264.156,200,4,absent,HKG,true
v0,measured,987,2026-09-08T14:49:05.696Z,228.307,228.252,200,4,absent,HKG,true
v1,measured,989,2026-09-08T14:49:05.896Z,43.274,43.181,200,785,HIT,KIX,true
v0,measured,988,2026-09-08T14:49:05.795Z,196.773,196.700,200,4,absent,NRT,true
v1,measured,990,2026-09-08T14:49:05.996Z,44.678,44.573,200,785,HIT,KIX,true
v1,measured,991,2026-09-08T14:49:06.095Z,51.039,50.871,200,785,HIT,KIX,true
v0,measured,989,2026-09-08T14:49:05.896Z,265.818,265.696,200,4,absent,HKG,true
v0,measured,990,2026-09-08T14:49:05.996Z,228.118,228.008,200,4,absent,HKG,true
v1,measured,992,2026-09-08T14:49:06.196Z,43.768,43.604,200,785,HIT,KIX,true
v0,measured,991,2026-09-08T14:49:06.096Z,188.566,188.407,200,4,absent,NRT,true
v1,measured,993,2026-09-08T14:49:06.296Z,42.673,42.575,200,785,HIT,KIX,true
v1,measured,994,2026-09-08T14:49:06.396Z,44.808,44.698,200,785,HIT,KIX,true
v0,measured,992,2026-09-08T14:49:06.195Z,279.135,278.934,200,4,absent,HKG,true
v0,measured,993,2026-09-08T14:49:06.296Z,228.861,228.795,200,4,absent,HKG,true
v1,measured,995,2026-09-08T14:49:06.497Z,43.208,43.152,200,785,HIT,KIX,true
v0,measured,994,2026-09-08T14:49:06.396Z,185.509,185.337,200,4,absent,NRT,true
v1,measured,996,2026-09-08T14:49:06.596Z,42.008,41.940,200,785,HIT,KIX,true
v0,measured,995,2026-09-08T14:49:06.497Z,273.113,272.966,200,4,absent,HKG,true
v0,measured,996,2026-09-08T14:49:06.595Z,225.297,225.241,200,4,absent,HKG,true
v1,measured,997,2026-09-08T14:49:06.695Z,166.784,166.638,200,785,REVALIDATED,KIX,true
v0,measured,997,2026-09-08T14:49:06.695Z,186.957,186.855,200,4,absent,NRT,true
v1,measured,998,2026-09-08T14:49:06.796Z,135.118,134.855,200,785,HIT,NRT,true
v1,measured,999,2026-09-08T14:49:06.896Z,46.123,46.046,200,785,HIT,KIX,true
v0,measured,998,2026-09-08T14:49:06.795Z,262.257,262.189,200,4,absent,HKG,true
v0,measured,999,2026-09-08T14:49:06.897Z,229.841,229.764,200,4,absent,HKG,true
