version,phase,index,started_at_utc,duration_ms,headers_ms,status,body_bytes,cache_status,edge_colo,valid
v0,warmup,0,2026-10-09T07:44:39.481Z,466.380,461.851,200,4,absent,NRT,true
v1,warmup,0,2026-10-09T07:44:39.948Z,268.478,267.011,200,6284,REVALIDATED,HKG,true
v0,warmup,1,2026-10-09T07:44:40.316Z,313.484,313.256,200,4,absent,NRT,true
v1,warmup,1,2026-10-09T07:44:40.630Z,49.092,48.467,200,6284,HIT,HKG,true
v0,warmup,2,2026-10-09T07:44:40.780Z,313.703,313.489,200,4,absent,NRT,true
v1,warmup,2,2026-10-09T07:44:41.094Z,47.450,46.623,200,6284,HIT,HKG,true
v0,warmup,3,2026-10-09T07:44:41.244Z,328.011,327.817,200,4,absent,NRT,true
v1,warmup,3,2026-10-09T07:44:41.572Z,52.035,51.592,200,6284,HIT,HKG,true
v0,warmup,4,2026-10-09T07:44:41.726Z,311.128,310.789,200,4,absent,NRT,true
v1,warmup,4,2026-10-09T07:44:42.037Z,49.300,48.354,200,6284,HIT,HKG,true
v0,warmup,5,2026-10-09T07:44:42.188Z,297.581,297.413,200,4,absent,NRT,true
v1,warmup,5,2026-10-09T07:44:42.486Z,46.376,45.893,200,6284,HIT,HKG,true
v0,warmup,6,2026-10-09T07:44:42.633Z,316.808,316.629,200,4,absent,NRT,true
v1,warmup,6,2026-10-09T07:44:42.950Z,52.321,50.905,200,6284,HIT,HKG,true
v0,warmup,7,2026-10-09T07:44:43.104Z,316.862,316.745,200,4,absent,NRT,true
v1,warmup,7,2026-10-09T07:44:43.421Z,110.831,110.332,200,6284,HIT,HKG,true
v0,warmup,8,2026-10-09T07:44:43.631Z,297.809,297.687,200,4,absent,NRT,true
v1,warmup,8,2026-10-09T07:44:43.929Z,126.513,126.185,200,6284,HIT,HKG,true
v0,warmup,9,2026-10-09T07:44:44.156Z,310.435,310.338,200,4,absent,NRT,true
v1,warmup,9,2026-10-09T07:44:44.467Z,113.529,113.337,200,6284,HIT,HKG,true
v1,measured,0,2026-10-09T07:44:44.685Z,136.155,135.753,200,6284,HIT,HKG,true
v1,measured,2,2026-10-09T07:44:44.883Z,49.493,49.246,200,6284,HIT,HKG,true
v1,measured,1,2026-10-09T07:44:44.782Z,152.859,151.959,200,6284,HIT,HKG,true
v0,measured,0,2026-10-09T07:44:44.684Z,290.911,290.773,200,4,absent,NRT,true
v1,measured,3,2026-10-09T07:44:44.984Z,122.166,121.873,200,6284,HIT,HKG,true
v1,measured,4,2026-10-09T07:44:45.083Z,69.688,69.224,200,6284,HIT,HKG,true
v0,measured,1,2026-10-09T07:44:44.783Z,412.176,412.039,200,4,absent,KIX,true
v0,measured,2,2026-10-09T07:44:44.882Z,419.054,418.927,200,4,absent,KIX,true
v1,measured,5,2026-10-09T07:44:45.183Z,118.886,118.693,200,6284,UPDATING,HKG,true
v0,measured,3,2026-10-09T07:44:44.984Z,317.806,317.738,200,4,absent,NRT,true
v1,measured,6,2026-10-09T07:44:45.284Z,64.025,63.104,200,6284,UPDATING,HKG,true
v1,measured,7,2026-10-09T07:44:45.384Z,55.136,54.853,200,6284,HIT,HKG,true
v0,measured,4,2026-10-09T07:44:45.082Z,444.449,444.249,200,4,absent,HKG,true
v1,measured,8,2026-10-09T07:44:45.483Z,51.486,51.300,200,6284,HIT,HKG,true
v0,measured,5,2026-10-09T07:44:45.183Z,448.513,448.403,200,4,absent,HKG,true
v0,measured,6,2026-10-09T07:44:45.283Z,348.841,348.752,200,4,absent,KIX,true
v1,measured,9,2026-10-09T07:44:45.583Z,93.169,92.959,200,6284,HIT,HKG,true
v0,measured,7,2026-10-09T07:44:45.384Z,316.349,316.100,200,4,absent,NRT,true
v1,measured,10,2026-10-09T07:44:45.684Z,49.872,49.689,200,6284,HIT,HKG,true
v0,measured,8,2026-10-09T07:44:45.483Z,339.941,339.718,200,4,absent,KIX,true
v0,measured,9,2026-10-09T07:44:45.584Z,273.653,273.528,200,4,absent,HKG,true
v1,measured,11,2026-10-09T07:44:45.782Z,86.805,83.614,200,6284,HIT,HKG,true
v1,measured,12,2026-10-09T07:44:45.883Z,48.629,48.384,200,6284,HIT,HKG,true
v0,measured,10,2026-10-09T07:44:45.684Z,317.044,316.897,200,4,absent,KIX,true
v1,measured,13,2026-10-09T07:44:45.983Z,51.540,51.352,200,6284,HIT,HKG,true
v0,measured,11,2026-10-09T07:44:45.783Z,373.585,373.257,200,4,absent,NRT,true
v0,measured,12,2026-10-09T07:44:45.883Z,314.740,314.625,200,4,absent,KIX,true
v1,measured,14,2026-10-09T07:44:46.082Z,119.316,119.159,200,6284,HIT,HKG,true
v0,measured,13,2026-10-09T07:44:45.984Z,223.115,222.932,200,4,absent,HKG,true
v1,measured,15,2026-10-09T07:44:46.184Z,52.947,52.561,200,6284,HIT,HKG,true
v1,measured,16,2026-10-09T07:44:46.284Z,109.828,109.544,200,6284,HIT,HKG,true
v1,measured,17,2026-10-09T07:44:46.382Z,55.514,55.179,200,6284,HIT,HKG,true
v0,measured,14,2026-10-09T07:44:46.082Z,382.111,381.965,200,4,absent,KIX,true
v0,measured,15,2026-10-09T07:44:46.184Z,304.482,304.370,200,4,absent,NRT,true
v1,measured,18,2026-10-09T07:44:46.485Z,49.955,49.780,200,6284,HIT,HKG,true
v0,measured,17,2026-10-09T07:44:46.382Z,297.830,297.640,200,4,absent,HKG,true
v0,measured,16,2026-10-09T07:44:46.284Z,396.681,396.544,200,4,absent,KIX,true
v1,measured,19,2026-10-09T07:44:46.582Z,99.468,99.279,200,6284,HIT,HKG,true
v1,measured,20,2026-10-09T07:44:46.684Z,53.330,53.124,200,6284,HIT,HKG,true
v0,measured,18,2026-10-09T07:44:46.484Z,384.792,384.698,200,4,absent,KIX,true
v0,measured,19,2026-10-09T07:44:46.582Z,307.405,307.282,200,4,absent,NRT,true
v1,measured,21,2026-10-09T07:44:46.784Z,133.708,133.551,200,6284,HIT,HKG,true
v1,measured,22,2026-10-09T07:44:46.884Z,51.537,50.251,200,6284,HIT,HKG,true
v0,measured,20,2026-10-09T07:44:46.683Z,313.895,313.829,200,4,absent,KIX,true
v1,measured,23,2026-10-09T07:44:46.984Z,55.984,55.885,200,6284,HIT,HKG,true
v0,measured,21,2026-10-09T07:44:46.785Z,307.057,307.007,200,4,absent,HKG,true
v1,measured,24,2026-10-09T07:44:47.083Z,121.870,121.755,200,6284,HIT,HKG,true
v0,measured,22,2026-10-09T07:44:46.884Z,321.632,321.554,200,4,absent,KIX,true
v1,measured,25,2026-10-09T07:44:47.185Z,69.055,68.806,200,6284,HIT,HKG,true
v0,measured,23,2026-10-09T07:44:46.984Z,307.464,307.362,200,4,absent,NRT,true
v0,measured,24,2026-10-09T07:44:47.083Z,311.924,311.804,200,4,absent,KIX,true
v1,measured,26,2026-10-09T07:44:47.285Z,111.072,110.741,200,6284,HIT,HKG,true
v0,measured,25,2026-10-09T07:44:47.185Z,239.104,238.929,200,4,absent,HKG,true
v1,measured,27,2026-10-09T07:44:47.384Z,61.203,61.005,200,6284,HIT,HKG,true
v1,measured,28,2026-10-09T07:44:47.485Z,53.524,53.372,200,6284,HIT,HKG,true
v0,measured,26,2026-10-09T07:44:47.284Z,309.895,309.782,200,4,absent,KIX,true
v1,measured,29,2026-10-09T07:44:47.584Z,144.907,144.774,200,6284,HIT,HKG,true
v0,measured,27,2026-10-09T07:44:47.384Z,344.584,344.522,200,4,absent,NRT,true
v1,measured,30,2026-10-09T07:44:47.683Z,94.407,94.171,200,6284,HIT,HKG,true
v0,measured,28,2026-10-09T07:44:47.484Z,310.302,310.197,200,4,absent,KIX,true
v0,measured,29,2026-10-09T07:44:47.584Z,223.165,222.938,200,4,absent,HKG,true
v1,measured,31,2026-10-09T07:44:47.784Z,50.289,50.169,200,6284,HIT,HKG,true
v1,measured,32,2026-10-09T07:44:47.884Z,84.877,84.657,200,6284,HIT,HKG,true
v0,measured,30,2026-10-09T07:44:47.683Z,352.184,352.092,200,4,absent,KIX,true
v1,measured,33,2026-10-09T07:44:47.983Z,56.795,56.692,200,6284,HIT,HKG,true
v0,measured,31,2026-10-09T07:44:47.784Z,307.071,306.906,200,4,absent,NRT,true
v1,measured,34,2026-10-09T07:44:48.084Z,54.773,54.615,200,6284,HIT,HKG,true
v0,measured,33,2026-10-09T07:44:47.984Z,269.280,269.177,200,4,absent,HKG,true
v0,measured,32,2026-10-09T07:44:47.883Z,370.169,370.109,200,4,absent,KIX,true
v1,measured,35,2026-10-09T07:44:48.184Z,118.467,118.361,200,6284,HIT,HKG,true
v1,measured,36,2026-10-09T07:44:48.284Z,54.258,54.080,200,6284,HIT,HKG,true
v0,measured,34,2026-10-09T07:44:48.084Z,361.504,361.357,200,4,absent,KIX,true
v1,measured,37,2026-10-09T07:44:48.384Z,112.981,112.893,200,6284,HIT,HKG,true
v1,measured,38,2026-10-09T07:44:48.482Z,55.483,55.212,200,6284,HIT,HKG,true
v0,measured,35,2026-10-09T07:44:48.184Z,368.110,368.002,200,4,absent,NRT,true
v0,measured,36,2026-10-09T07:44:48.283Z,312.902,312.803,200,4,absent,KIX,true
v1,measured,39,2026-10-09T07:44:48.584Z,57.294,57.183,200,6284,HIT,HKG,true
v0,measured,37,2026-10-09T07:44:48.384Z,270.534,270.384,200,4,absent,HKG,true
v0,measured,38,2026-10-09T07:44:48.482Z,303.357,303.219,200,4,absent,KIX,true
v1,measured,40,2026-10-09T07:44:48.684Z,140.038,139.869,200,6284,HIT,HKG,true
v1,measured,41,2026-10-09T07:44:48.784Z,55.173,54.581,200,6284,HIT,HKG,true
v0,measured,39,2026-10-09T07:44:48.584Z,391.776,391.585,200,4,absent,NRT,true
v0,measured,40,2026-10-09T07:44:48.684Z,313.148,312.956,200,4,absent,KIX,true
v0,measured,41,2026-10-09T07:44:48.784Z,227.365,227.219,200,4,absent,HKG,true
v1,measured,42,2026-10-09T07:44:48.885Z,138.941,138.836,200,6284,HIT,HKG,true
v1,measured,43,2026-10-09T07:44:48.983Z,66.981,66.541,200,6284,HIT,HKG,true
v1,measured,44,2026-10-09T07:44:49.083Z,48.032,47.874,200,6284,HIT,HKG,true
v0,measured,42,2026-10-09T07:44:48.884Z,416.637,416.483,200,4,absent,KIX,true
v1,measured,45,2026-10-09T07:44:49.183Z,118.457,118.373,200,6284,HIT,HKG,true
v0,measured,43,2026-10-09T07:44:48.983Z,318.572,318.413,200,4,absent,NRT,true
v1,measured,46,2026-10-09T07:44:49.285Z,94.820,94.708,200,6284,HIT,HKG,true
v0,measured,44,2026-10-09T07:44:49.083Z,310.475,310.368,200,4,absent,KIX,true
v0,measured,45,2026-10-09T07:44:49.183Z,312.311,312.202,200,4,absent,HKG,true
v1,measured,47,2026-10-09T07:44:49.383Z,112.725,112.621,200,6284,HIT,HKG,true
v0,measured,46,2026-10-09T07:44:49.285Z,215.855,215.735,200,4,absent,HKG,true
v1,measured,48,2026-10-09T07:44:49.483Z,58.691,58.517,200,6284,HIT,HKG,true
v1,measured,49,2026-10-09T07:44:49.584Z,76.046,75.931,200,6284,HIT,HKG,true
v0,measured,47,2026-10-09T07:44:49.384Z,324.260,324.138,200,4,absent,NRT,true
v1,measured,50,2026-10-09T07:44:49.685Z,139.654,139.442,200,6284,HIT,HKG,true
v0,measured,48,2026-10-09T07:44:49.482Z,343.173,343.056,200,4,absent,KIX,true
v1,measured,51,2026-10-09T07:44:49.783Z,90.618,90.383,200,6284,HIT,HKG,true
v0,measured,49,2026-10-09T07:44:49.584Z,311.295,311.200,200,4,absent,KIX,true
v0,measured,50,2026-10-09T07:44:49.685Z,226.167,226.072,200,4,absent,HKG,true
v1,measured,52,2026-10-09T07:44:49.883Z,132.646,132.491,200,6284,HIT,HKG,true
v1,measured,53,2026-10-09T07:44:49.983Z,83.052,82.634,200,6284,HIT,HKG,true
v0,measured,51,2026-10-09T07:44:49.784Z,326.784,326.687,200,4,absent,NRT,true
v1,measured,54,2026-10-09T07:44:50.084Z,52.313,52.043,200,6284,HIT,HKG,true
v0,measured,52,2026-10-09T07:44:49.883Z,311.252,311.120,200,4,absent,KIX,true
v1,measured,55,2026-10-09T07:44:50.184Z,60.492,60.352,200,6284,HIT,HKG,true
v0,measured,54,2026-10-09T07:44:50.083Z,267.130,267.067,200,4,absent,HKG,true
v0,measured,53,2026-10-09T07:44:49.983Z,366.936,366.883,200,4,absent,KIX,true
v1,measured,56,2026-10-09T07:44:50.285Z,112.194,111.875,200,6284,UPDATING,HKG,true
v1,measured,57,2026-10-09T07:44:50.383Z,53.501,53.260,200,6284,UPDATING,HKG,true
v0,measured,55,2026-10-09T07:44:50.184Z,355.176,354.915,200,4,absent,NRT,true
v1,measured,58,2026-10-09T07:44:50.485Z,106.710,106.594,200,6284,HIT,HKG,true
v1,measured,59,2026-10-09T07:44:50.583Z,52.740,52.559,200,6284,HIT,HKG,true
v0,measured,56,2026-10-09T07:44:50.284Z,362.717,362.526,200,4,absent,KIX,true
v0,measured,57,2026-10-09T07:44:50.383Z,316.449,316.396,200,4,absent,KIX,true
v1,measured,60,2026-10-09T07:44:50.683Z,51.088,51.013,200,6284,HIT,HKG,true
v0,measured,58,2026-10-09T07:44:50.484Z,272.432,272.378,200,4,absent,HKG,true
v0,measured,59,2026-10-09T07:44:50.583Z,317.660,317.540,200,4,absent,NRT,true
v1,measured,61,2026-10-09T07:44:50.784Z,137.444,137.370,200,6284,HIT,HKG,true
v1,measured,62,2026-10-09T07:44:50.885Z,55.437,55.214,200,6284,HIT,HKG,true
v0,measured,60,2026-10-09T07:44:50.682Z,382.971,382.888,200,4,absent,KIX,true
v0,measured,62,2026-10-09T07:44:50.884Z,218.799,218.688,200,4,absent,HKG,true
v1,measured,63,2026-10-09T07:44:50.984Z,127.203,127.085,200,6284,HIT,HKG,true
v1,measured,64,2026-10-09T07:44:51.083Z,53.518,52.026,200,6284,HIT,HKG,true
v0,measured,61,2026-10-09T07:44:50.784Z,401.177,401.092,200,4,absent,KIX,true
v1,measured,65,2026-10-09T07:44:51.184Z,47.811,47.727,200,6284,HIT,HKG,true
v1,measured,66,2026-10-09T07:44:51.285Z,114.318,114.149,200,6284,HIT,HKG,true
v0,measured,63,2026-10-09T07:44:50.985Z,415.241,415.157,200,4,absent,NRT,true
v0,measured,64,2026-10-09T07:44:51.082Z,318.009,317.920,200,4,absent,KIX,true
v0,measured,65,2026-10-09T07:44:51.184Z,217.320,217.266,200,4,absent,HKG,true
v1,measured,67,2026-10-09T07:44:51.384Z,64.426,64.173,200,6284,HIT,HKG,true
v1,measured,68,2026-10-09T07:44:51.484Z,105.349,105.263,200,6284,HIT,HKG,true
v0,measured,67,2026-10-09T07:44:51.385Z,209.467,209.335,200,4,absent,HKG,true
v0,measured,66,2026-10-09T07:44:51.285Z,314.509,314.438,200,4,absent,KIX,true
v1,measured,69,2026-10-09T07:44:51.584Z,54.754,54.455,200,6284,HIT,HKG,true
v1,measured,70,2026-10-09T07:44:51.684Z,55.507,55.384,200,6284,HIT,HKG,true
v0,measured,68,2026-10-09T07:44:51.484Z,305.595,305.146,200,4,absent,NRT,true
v1,measured,71,2026-10-09T07:44:51.784Z,50.267,50.060,200,6284,HIT,HKG,true
v0,measured,69,2026-10-09T07:44:51.584Z,336.606,336.538,200,4,absent,KIX,true
v1,measured,72,2026-10-09T07:44:51.883Z,87.746,87.595,200,6284,HIT,HKG,true
v0,measured,70,2026-10-09T07:44:51.683Z,309.380,309.268,200,4,absent,KIX,true
v0,measured,71,2026-10-09T07:44:51.784Z,213.402,213.333,200,4,absent,HKG,true
v1,measured,73,2026-10-09T07:44:51.985Z,128.263,128.078,200,6284,HIT,HKG,true
v1,measured,74,2026-10-09T07:44:52.085Z,78.819,77.676,200,6284,HIT,HKG,true
v0,measured,72,2026-10-09T07:44:51.883Z,341.171,341.051,200,4,absent,NRT,true
v1,measured,75,2026-10-09T07:44:52.183Z,51.672,51.534,200,6284,HIT,HKG,true
v0,measured,73,2026-10-09T07:44:51.985Z,316.151,315.980,200,4,absent,KIX,true
v1,measured,76,2026-10-09T07:44:52.284Z,49.520,49.325,200,6284,HIT,HKG,true
v0,measured,75,2026-10-09T07:44:52.184Z,263.750,263.634,200,4,absent,HKG,true
v0,measured,74,2026-10-09T07:44:52.085Z,363.367,363.309,200,4,absent,KIX,true
v1,measured,77,2026-10-09T07:44:52.385Z,106.233,106.104,200,6284,HIT,HKG,true
v1,measured,78,2026-10-09T07:44:52.485Z,57.736,57.562,200,6284,HIT,HKG,true
v0,measured,76,2026-10-09T07:44:52.284Z,355.706,355.490,200,4,absent,NRT,true
v1,measured,79,2026-10-09T07:44:52.585Z,98.313,98.030,200,6284,HIT,HKG,true
v1,measured,80,2026-10-09T07:44:52.684Z,50.090,49.994,200,6284,HIT,HKG,true
v0,measured,77,2026-10-09T07:44:52.386Z,362.895,362.838,200,4,absent,KIX,true
v0,measured,78,2026-10-09T07:44:52.484Z,313.155,313.007,200,4,absent,KIX,true
v1,measured,81,2026-10-09T07:44:52.784Z,49.733,49.602,200,6284,HIT,HKG,true
v0,measured,79,2026-10-09T07:44:52.586Z,267.624,267.566,200,4,absent,HKG,true
v0,measured,80,2026-10-09T07:44:52.683Z,292.775,292.661,200,4,absent,NRT,true
v1,measured,82,2026-10-09T07:44:52.884Z,132.402,132.307,200,6284,HIT,HKG,true
v1,measured,83,2026-10-09T07:44:52.983Z,54.191,54.088,200,6284,HIT,HKG,true
v0,measured,81,2026-10-09T07:44:52.785Z,379.045,378.931,200,4,absent,KIX,true
v1,measured,84,2026-10-09T07:44:53.085Z,122.092,121.956,200,6284,HIT,HKG,true
v1,measured,85,2026-10-09T07:44:53.184Z,53.816,53.687,200,6284,HIT,HKG,true
v0,measured,82,2026-10-09T07:44:52.883Z,373.107,373.049,200,4,absent,KIX,true
v0,measured,83,2026-10-09T07:44:52.984Z,302.608,302.492,200,4,absent,NRT,true
v1,measured,86,2026-10-09T07:44:53.284Z,48.946,48.851,200,6284,HIT,HKG,true
v0,measured,84,2026-10-09T07:44:53.084Z,288.941,288.842,200,4,absent,HKG,true
v0,measured,85,2026-10-09T07:44:53.185Z,313.037,312.832,200,4,absent,KIX,true
v1,measured,87,2026-10-09T07:44:53.383Z,115.749,115.497,200,6284,HIT,HKG,true
v1,measured,88,2026-10-09T07:44:53.485Z,61.179,61.065,200,6284,HIT,HKG,true
v0,measured,86,2026-10-09T07:44:53.284Z,296.465,296.360,200,4,absent,KIX,true
v1,measured,89,2026-10-09T07:44:53.583Z,103.629,103.475,200,6284,HIT,HKG,true
v0,measured,87,2026-10-09T07:44:53.383Z,309.058,308.932,200,4,absent,NRT,true
v0,measured,88,2026-10-09T07:44:53.484Z,238.389,238.288,200,4,absent,HKG,true
v1,measured,90,2026-10-09T07:44:53.684Z,51.714,51.466,200,6284,HIT,HKG,true
v1,measured,91,2026-10-09T07:44:53.784Z,50.794,50.359,200,6284,HIT,HKG,true
v0,measured,89,2026-10-09T07:44:53.583Z,313.974,313.871,200,4,absent,KIX,true
v0,measured,90,2026-10-09T07:44:53.683Z,335.778,335.633,200,4,absent,KIX,true
v1,measured,92,2026-10-09T07:44:53.885Z,134.508,134.358,200,6284,HIT,HKG,true
v1,measured,93,2026-10-09T07:44:53.983Z,84.781,84.480,200,6284,HIT,HKG,true
v0,measured,91,2026-10-09T07:44:53.785Z,318.979,318.813,200,4,absent,NRT,true
v0,measured,92,2026-10-09T07:44:53.884Z,224.349,224.233,200,4,absent,HKG,true
v1,measured,94,2026-10-09T07:44:54.084Z,128.377,128.251,200,6284,HIT,HKG,true
v1,measured,95,2026-10-09T07:44:54.185Z,77.026,76.923,200,6284,HIT,HKG,true
v0,measured,93,2026-10-09T07:44:53.984Z,329.151,329.028,200,4,absent,KIX,true
v1,measured,96,2026-10-09T07:44:54.282Z,54.891,54.792,200,6284,HIT,HKG,true
v0,measured,94,2026-10-09T07:44:54.083Z,302.044,301.933,200,4,absent,KIX,true
v1,measured,97,2026-10-09T07:44:54.382Z,50.203,50.098,200,6284,HIT,HKG,true
v0,measured,96,2026-10-09T07:44:54.282Z,262.707,262.579,200,4,absent,HKG,true
v0,measured,95,2026-10-09T07:44:54.186Z,359.018,358.966,200,4,absent,NRT,true
v1,measured,98,2026-10-09T07:44:54.485Z,107.748,107.621,200,6284,HIT,HKG,true
v1,measured,99,2026-10-09T07:44:54.584Z,52.729,52.612,200,6284,HIT,HKG,true
v0,measured,97,2026-10-09T07:44:54.382Z,353.526,353.360,200,4,absent,KIX,true
v1,measured,100,2026-10-09T07:44:54.685Z,98.649,98.450,200,6284,HIT,HKG,true
v1,measured,101,2026-10-09T07:44:54.784Z,51.580,51.370,200,6284,HIT,HKG,true
v0,measured,98,2026-10-09T07:44:54.484Z,359.981,359.779,200,4,absent,KIX,true
v0,measured,99,2026-10-09T07:44:54.584Z,302.332,302.239,200,4,absent,NRT,true
v1,measured,102,2026-10-09T07:44:54.884Z,50.205,50.105,200,6284,HIT,HKG,true
v0,measured,100,2026-10-09T07:44:54.685Z,273.112,273.022,200,4,absent,HKG,true
v0,measured,101,2026-10-09T07:44:54.785Z,300.630,300.522,200,4,absent,KIX,true
v1,measured,103,2026-10-09T07:44:54.985Z,130.200,130.096,200,6284,HIT,HKG,true
v1,measured,104,2026-10-09T07:44:55.084Z,52.444,52.229,200,6284,HIT,HKG,true
v0,measured,102,2026-10-09T07:44:54.884Z,378.031,377.817,200,4,absent,KIX,true
v0,measured,104,2026-10-09T07:44:55.083Z,210.820,210.693,200,4,absent,HKG,true
v1,measured,105,2026-10-09T07:44:55.185Z,120.723,120.600,200,6284,HIT,HKG,true
v1,measured,106,2026-10-09T07:44:55.284Z,54.745,54.656,200,6284,HIT,HKG,true
v0,measured,103,2026-10-09T07:44:54.986Z,371.919,371.830,200,4,absent,NRT,true
v1,measured,107,2026-10-09T07:44:55.385Z,52.856,52.556,200,6284,HIT,HKG,true
v1,measured,108,2026-10-09T07:44:55.483Z,110.266,110.125,200,6284,UPDATING,HKG,true
v0,measured,105,2026-10-09T07:44:55.185Z,407.997,407.937,200,4,absent,KIX,true
v0,measured,106,2026-10-09T07:44:55.284Z,311.984,311.889,200,4,absent,KIX,true
v1,measured,109,2026-10-09T07:44:55.584Z,55.890,55.630,200,6284,UPDATING,HKG,true
v0,measured,107,2026-10-09T07:44:55.386Z,301.640,301.468,200,4,absent,NRT,true
v0,measured,108,2026-10-09T07:44:55.482Z,301.426,301.320,200,4,absent,HKG,true
v0,measured,109,2026-10-09T07:44:55.584Z,200.272,200.199,200,4,absent,HKG,true
v1,measured,110,2026-10-09T07:44:55.684Z,100.867,100.697,200,6284,HIT,HKG,true
v1,measured,111,2026-10-09T07:44:55.784Z,51.970,51.904,200,6284,HIT,HKG,true
v1,measured,112,2026-10-09T07:44:55.885Z,51.835,51.636,200,6284,HIT,HKG,true
v0,measured,110,2026-10-09T07:44:55.684Z,305.793,305.282,200,4,absent,KIX,true
v1,measured,113,2026-10-09T07:44:55.985Z,133.018,132.869,200,6284,HIT,HKG,true
v0,measured,111,2026-10-09T07:44:55.784Z,333.897,333.835,200,4,absent,NRT,true
v1,measured,114,2026-10-09T07:44:56.084Z,81.844,81.733,200,6284,HIT,HKG,true
v0,measured,112,2026-10-09T07:44:55.885Z,312.724,312.533,200,4,absent,KIX,true
v0,measured,113,2026-10-09T07:44:55.986Z,214.161,214.036,200,4,absent,HKG,true
v1,measured,115,2026-10-09T07:44:56.184Z,124.734,124.580,200,6284,HIT,HKG,true
v1,measured,116,2026-10-09T07:44:56.286Z,71.065,70.905,200,6284,HIT,HKG,true
v0,measured,114,2026-10-09T07:44:56.084Z,328.550,328.303,200,4,absent,KIX,true
v1,measured,117,2026-10-09T07:44:56.382Z,49.621,49.488,200,6284,HIT,HKG,true
v0,measured,115,2026-10-09T07:44:56.184Z,293.544,293.444,200,4,absent,NRT,true
v1,measured,118,2026-10-09T07:44:56.484Z,51.347,51.169,200,6284,HIT,HKG,true
v0,measured,117,2026-10-09T07:44:56.382Z,260.975,260.782,200,4,absent,HKG,true
v0,measured,116,2026-10-09T07:44:56.285Z,358.597,358.499,200,4,absent,KIX,true
v1,measured,119,2026-10-09T07:44:56.584Z,101.703,101.512,200,6284,HIT,HKG,true
v1,measured,120,2026-10-09T07:44:56.685Z,54.194,53.770,200,6284,HIT,HKG,true
v0,measured,118,2026-10-09T07:44:56.484Z,347.119,347.015,200,4,absent,NRT,true
v1,measured,121,2026-10-09T07:44:56.784Z,94.913,94.712,200,6284,HIT,HKG,true
v1,measured,122,2026-10-09T07:44:56.884Z,51.944,51.771,200,6284,HIT,HKG,true
v0,measured,119,2026-10-09T07:44:56.585Z,359.056,358.951,200,4,absent,KIX,true
v0,measured,120,2026-10-09T07:44:56.684Z,298.780,298.656,200,4,absent,KIX,true
v1,measured,123,2026-10-09T07:44:56.983Z,47.757,47.633,200,6284,HIT,HKG,true
v0,measured,121,2026-10-09T07:44:56.785Z,257.476,257.320,200,4,absent,HKG,true
v0,measured,122,2026-10-09T07:44:56.883Z,301.706,301.574,200,4,absent,NRT,true
v1,measured,124,2026-10-09T07:44:57.084Z,126.387,126.296,200,6284,HIT,HKG,true
v1,measured,125,2026-10-09T07:44:57.184Z,55.744,53.415,200,6284,HIT,HKG,true
v0,measured,123,2026-10-09T07:44:56.983Z,372.051,371.902,200,4,absent,KIX,true
v0,measured,125,2026-10-09T07:44:57.184Z,221.722,221.566,200,4,absent,HKG,true
v1,measured,126,2026-10-09T07:44:57.285Z,125.002,124.842,200,6284,HIT,HKG,true
v0,measured,124,2026-10-09T07:44:57.083Z,391.108,390.965,200,4,absent,KIX,true
v1,measured,127,2026-10-09T07:44:57.385Z,97.503,97.395,200,6284,HIT,HKG,true
v1,measured,128,2026-10-09T07:44:57.483Z,49.571,49.443,200,6284,HIT,HKG,true
v0,measured,127,2026-10-09T07:44:57.386Z,303.509,303.362,200,4,absent,KIX,true
v1,measured,129,2026-10-09T07:44:57.585Z,105.540,105.383,200,6284,HIT,HKG,true
v0,measured,126,2026-10-09T07:44:57.284Z,406.489,406.353,200,4,absent,NRT,true
v1,measured,130,2026-10-09T07:44:57.685Z,54.142,53.963,200,6284,HIT,HKG,true
v0,measured,128,2026-10-09T07:44:57.483Z,303.156,303.077,200,4,absent,KIX,true
v0,measured,129,2026-10-09T07:44:57.585Z,295.194,295.127,200,4,absent,HKG,true
v1,measured,131,2026-10-09T07:44:57.784Z,96.614,96.573,200,6284,HIT,HKG,true
v0,measured,130,2026-10-09T07:44:57.684Z,199.413,199.365,200,4,absent,HKG,true
v1,measured,132,2026-10-09T07:44:57.883Z,48.803,48.691,200,6284,HIT,HKG,true
v1,measured,133,2026-10-09T07:44:57.984Z,50.961,50.802,200,6284,HIT,HKG,true
v0,measured,131,2026-10-09T07:44:57.785Z,304.346,304.210,200,4,absent,NRT,true
v0,measured,132,2026-10-09T07:44:57.883Z,331.667,331.588,200,4,absent,KIX,true
v1,measured,134,2026-10-09T07:44:58.085Z,129.788,129.758,200,6284,HIT,HKG,true
v1,measured,135,2026-10-09T07:44:58.185Z,78.501,77.649,200,6284,HIT,HKG,true
v0,measured,134,2026-10-09T07:44:58.085Z,214.664,214.569,200,4,absent,HKG,true
v0,measured,133,2026-10-09T07:44:57.985Z,324.304,324.162,200,4,absent,KIX,true
v1,measured,136,2026-10-09T07:44:58.283Z,121.935,121.774,200,6284,HIT,HKG,true
v1,measured,137,2026-10-09T07:44:58.384Z,72.122,71.837,200,6284,HIT,HKG,true
v0,measured,135,2026-10-09T07:44:58.185Z,331.613,331.494,200,4,absent,NRT,true
v1,measured,138,2026-10-09T07:44:58.486Z,49.281,49.108,200,6284,HIT,HKG,true
v0,measured,136,2026-10-09T07:44:58.283Z,311.590,311.425,200,4,absent,KIX,true
v1,measured,139,2026-10-09T07:44:58.584Z,49.262,49.097,200,6284,HIT,HKG,true
v0,measured,137,2026-10-09T07:44:58.384Z,354.094,353.871,200,4,absent,KIX,true
v0,measured,138,2026-10-09T07:44:58.485Z,254.199,253.969,200,4,absent,HKG,true
v1,measured,140,2026-10-09T07:44:58.685Z,104.924,104.810,200,6284,HIT,HKG,true
v1,measured,141,2026-10-09T07:44:58.784Z,61.388,61.303,200,6284,HIT,HKG,true
v0,measured,139,2026-10-09T07:44:58.585Z,344.590,344.437,200,4,absent,NRT,true
v1,measured,142,2026-10-09T07:44:58.885Z,93.245,93.126,200,6284,HIT,HKG,true
v0,measured,140,2026-10-09T07:44:58.685Z,352.569,352.464,200,4,absent,KIX,true
v1,measured,143,2026-10-09T07:44:58.982Z,55.828,55.764,200,6284,HIT,HKG,true
v0,measured,141,2026-10-09T07:44:58.784Z,314.988,314.910,200,4,absent,KIX,true
v0,measured,142,2026-10-09T07:44:58.884Z,269.447,269.264,200,4,absent,HKG,true
v1,measured,144,2026-10-09T07:44:59.086Z,68.993,68.881,200,6284,HIT,HKG,true
v0,measured,143,2026-10-09T07:44:58.982Z,290.547,290.340,200,4,absent,NRT,true
v1,measured,145,2026-10-09T07:44:59.184Z,134.072,133.904,200,6284,HIT,HKG,true
v1,measured,146,2026-10-09T07:44:59.283Z,54.576,54.467,200,6284,HIT,HKG,true
v0,measured,144,2026-10-09T07:44:59.085Z,370.124,370.002,200,4,absent,KIX,true
v1,measured,147,2026-10-09T07:44:59.384Z,119.953,119.810,200,6284,HIT,HKG,true
v1,measured,148,2026-10-09T07:44:59.483Z,54.388,54.279,200,6284,HIT,HKG,true
v0,measured,146,2026-10-09T07:44:59.283Z,296.101,296.015,200,4,absent,NRT,true
v0,measured,145,2026-10-09T07:44:59.184Z,421.519,421.402,200,4,absent,KIX,true
v1,measured,149,2026-10-09T07:44:59.583Z,50.624,50.531,200,6284,HIT,HKG,true
v0,measured,147,2026-10-09T07:44:59.385Z,276.730,276.649,200,4,absent,HKG,true
v1,measured,150,2026-10-09T07:44:59.684Z,103.359,103.225,200,6284,HIT,HKG,true
v0,measured,148,2026-10-09T07:44:59.482Z,310.780,310.671,200,4,absent,KIX,true
v1,measured,151,2026-10-09T07:44:59.784Z,52.612,52.400,200,6284,HIT,HKG,true
v0,measured,149,2026-10-09T07:44:59.583Z,290.188,289.998,200,4,absent,NRT,true
v1,measured,152,2026-10-09T07:44:59.883Z,95.256,95.117,200,6284,HIT,HKG,true
v0,measured,150,2026-10-09T07:44:59.684Z,312.480,312.388,200,4,absent,KIX,true
v0,measured,151,2026-10-09T07:44:59.785Z,223.781,223.625,200,4,absent,HKG,true
v1,measured,153,2026-10-09T07:44:59.984Z,51.267,51.020,200,6284,HIT,HKG,true
v1,measured,154,2026-10-09T07:45:00.083Z,56.521,56.434,200,6284,HIT,HKG,true
v0,measured,152,2026-10-09T07:44:59.882Z,292.843,292.753,200,4,absent,NRT,true
v1,measured,155,2026-10-09T07:45:00.184Z,129.852,129.704,200,6284,HIT,HKG,true
v0,measured,153,2026-10-09T07:44:59.984Z,330.400,330.361,200,4,absent,KIX,true
v1,measured,156,2026-10-09T07:45:00.284Z,77.250,77.054,200,6284,HIT,HKG,true
v0,measured,154,2026-10-09T07:45:00.083Z,323.049,322.902,200,4,absent,KIX,true
v1,measured,157,2026-10-09T07:45:00.383Z,119.585,119.424,200,6284,HIT,HKG,true
v0,measured,155,2026-10-09T07:45:00.185Z,318.243,318.189,200,4,absent,NRT,true
v0,measured,156,2026-10-09T07:45:00.283Z,256.613,256.439,200,4,absent,HKG,true
v1,measured,158,2026-10-09T07:45:00.484Z,68.749,68.619,200,6284,HIT,HKG,true
v1,measured,159,2026-10-09T07:45:00.585Z,50.429,50.235,200,6284,HIT,HKG,true
v0,measured,157,2026-10-09T07:45:00.384Z,300.292,300.141,200,4,absent,KIX,true
v1,measured,160,2026-10-09T07:45:00.683Z,54.171,53.956,200,6284,UPDATING,HKG,true
v0,measured,158,2026-10-09T07:45:00.484Z,350.800,350.606,200,4,absent,KIX,true
v1,measured,161,2026-10-09T07:45:00.783Z,98.498,98.338,200,6284,HIT,HKG,true
v0,measured,159,2026-10-09T07:45:00.586Z,300.672,300.588,200,4,absent,NRT,true
v0,measured,160,2026-10-09T07:45:00.682Z,218.161,218.041,200,4,absent,HKG,true
v1,measured,162,2026-10-09T07:45:00.882Z,50.052,49.710,200,6284,HIT,HKG,true
v1,measured,163,2026-10-09T07:45:00.983Z,91.763,91.638,200,6284,HIT,HKG,true
v1,measured,164,2026-10-09T07:45:01.085Z,51.694,51.546,200,6284,HIT,HKG,true
v0,measured,161,2026-10-09T07:45:00.784Z,376.077,375.961,200,4,absent,KIX,true
v0,measured,162,2026-10-09T07:45:00.882Z,313.911,313.754,200,4,absent,KIX,true
v1,measured,165,2026-10-09T07:45:01.185Z,55.453,55.237,200,6284,HIT,HKG,true
v0,measured,164,2026-10-09T07:45:01.085Z,276.002,275.853,200,4,absent,HKG,true
v0,measured,163,2026-10-09T07:45:00.983Z,377.809,377.758,200,4,absent,NRT,true
v1,measured,166,2026-10-09T07:45:01.283Z,128.028,127.651,200,6284,HIT,HKG,true
v1,measured,167,2026-10-09T07:45:01.383Z,53.862,53.723,200,6284,HIT,HKG,true
v0,measured,165,2026-10-09T07:45:01.186Z,366.010,365.706,200,4,absent,KIX,true
v1,measured,168,2026-10-09T07:45:01.484Z,111.472,111.364,200,6284,HIT,HKG,true
v1,measured,169,2026-10-09T07:45:01.585Z,53.234,52.847,200,6284,HIT,HKG,true
v0,measured,166,2026-10-09T07:45:01.282Z,377.775,377.381,200,4,absent,KIX,true
v0,measured,167,2026-10-09T07:45:01.384Z,311.065,310.954,200,4,absent,NRT,true
v1,measured,170,2026-10-09T07:45:01.682Z,54.548,53.362,200,6284,HIT,HKG,true
v0,measured,168,2026-10-09T07:45:01.484Z,281.627,281.476,200,4,absent,HKG,true
v1,measured,171,2026-10-09T07:45:01.783Z,105.435,105.185,200,6284,HIT,HKG,true
v0,measured,169,2026-10-09T07:45:01.586Z,318.348,318.188,200,4,absent,KIX,true
v1,measured,172,2026-10-09T07:45:01.885Z,56.339,55.639,200,6284,HIT,HKG,true
v0,measured,170,2026-10-09T07:45:01.682Z,394.157,394.045,200,4,absent,KIX,true
v1,measured,173,2026-10-09T07:45:01.984Z,92.702,92.663,200,6284,HIT,HKG,true
v0,measured,171,2026-10-09T07:45:01.784Z,306.728,306.584,200,4,absent,NRT,true
v0,measured,172,2026-10-09T07:45:01.884Z,224.372,224.271,200,4,absent,HKG,true
v1,measured,174,2026-10-09T07:45:02.084Z,51.193,51.065,200,6284,HIT,HKG,true
v1,measured,175,2026-10-09T07:45:02.184Z,50.436,50.290,200,6284,HIT,HKG,true
v0,measured,173,2026-10-09T07:45:01.984Z,312.355,312.253,200,4,absent,KIX,true
v0,measured,174,2026-10-09T07:45:02.084Z,324.380,324.168,200,4,absent,KIX,true
v1,measured,176,2026-10-09T07:45:02.285Z,124.321,123.998,200,6284,HIT,HKG,true
v1,measured,177,2026-10-09T07:45:02.384Z,74.219,73.994,200,6284,HIT,HKG,true
v0,measured,176,2026-10-09T07:45:02.285Z,219.705,219.496,200,4,absent,HKG,true
v0,measured,175,2026-10-09T07:45:02.185Z,320.123,319.995,200,4,absent,NRT,true
v1,measured,178,2026-10-09T07:45:02.484Z,117.212,116.091,200,6284,HIT,HKG,true
v1,measured,179,2026-10-09T07:45:02.584Z,68.011,67.788,200,6284,HIT,HKG,true
v0,measured,177,2026-10-09T07:45:02.385Z,334.135,333.963,200,4,absent,KIX,true
v1,measured,180,2026-10-09T07:45:02.686Z,49.739,49.601,200,6284,HIT,HKG,true
v0,measured,178,2026-10-09T07:45:02.484Z,313.135,313.046,200,4,absent,KIX,true
v1,measured,181,2026-10-09T07:45:02.784Z,49.147,49.046,200,6284,HIT,HKG,true
v0,measured,180,2026-10-09T07:45:02.685Z,247.733,247.405,200,4,absent,HKG,true
v0,measured,179,2026-10-09T07:45:02.584Z,349.118,349.032,200,4,absent,NRT,true
v1,measured,182,2026-10-09T07:45:02.886Z,109.085,108.882,200,6284,HIT,HKG,true
v1,measured,183,2026-10-09T07:45:02.983Z,53.369,53.232,200,6284,HIT,HKG,true
v0,measured,181,2026-10-09T07:45:02.784Z,367.475,367.292,200,4,absent,KIX,true
v1,measured,184,2026-10-09T07:45:03.083Z,88.723,88.631,200,6284,HIT,HKG,true
v0,measured,182,2026-10-09T07:45:02.885Z,348.295,348.192,200,4,absent,KIX,true
v1,measured,185,2026-10-09T07:45:03.185Z,49.614,49.557,200,6284,HIT,HKG,true
v0,measured,183,2026-10-09T07:45:02.983Z,351.088,350.966,200,4,absent,NRT,true
v1,measured,186,2026-10-09T07:45:03.285Z,52.928,52.791,200,6284,HIT,HKG,true
v0,measured,184,2026-10-09T07:45:03.083Z,373.230,373.082,200,4,absent,HKG,true
v1,measured,187,2026-10-09T07:45:03.383Z,119.004,118.892,200,6284,HIT,HKG,true
v0,measured,185,2026-10-09T07:45:03.185Z,339.729,339.605,200,4,absent,KIX,true
v1,measured,188,2026-10-09T07:45:03.482Z,55.181,55.017,200,6284,HIT,HKG,true
v0,measured,186,2026-10-09T07:45:03.285Z,364.731,364.284,200,4,absent,KIX,true
v1,measured,189,2026-10-09T07:45:03.585Z,107.871,107.559,200,6284,HIT,HKG,true
v0,measured,188,2026-10-09T07:45:03.482Z,216.338,216.246,200,4,absent,HKG,true
v1,measured,190,2026-10-09T07:45:03.685Z,56.439,56.285,200,6284,HIT,HKG,true
v0,measured,187,2026-10-09T07:45:03.383Z,368.515,368.371,200,4,absent,NRT,true
v1,measured,191,2026-10-09T07:45:03.785Z,47.968,47.705,200,6284,HIT,HKG,true
v0,measured,189,2026-10-09T07:45:03.585Z,396.728,396.529,200,4,absent,KIX,true
v1,measured,192,2026-10-09T07:45:03.885Z,99.055,98.878,200,6284,HIT,HKG,true
v0,measured,190,2026-10-09T07:45:03.684Z,317.724,317.487,200,4,absent,KIX,true
v1,measured,193,2026-10-09T07:45:03.983Z,53.819,53.661,200,6284,HIT,HKG,true
v0,measured,192,2026-10-09T07:45:03.885Z,290.514,290.392,200,4,absent,HKG,true
v0,measured,191,2026-10-09T07:45:03.786Z,389.461,389.398,200,4,absent,NRT,true
v1,measured,194,2026-10-09T07:45:04.085Z,137.505,137.317,200,6284,HIT,HKG,true
v1,measured,195,2026-10-09T07:45:04.182Z,52.830,52.688,200,6284,HIT,HKG,true
v0,measured,193,2026-10-09T07:45:03.983Z,318.033,317.786,200,4,absent,KIX,true
v1,measured,196,2026-10-09T07:45:04.284Z,52.223,52.024,200,6284,HIT,HKG,true
v0,measured,194,2026-10-09T07:45:04.084Z,316.020,315.881,200,4,absent,KIX,true
v1,measured,197,2026-10-09T07:45:04.382Z,124.021,123.839,200,6284,HIT,HKG,true
v0,measured,195,2026-10-09T07:45:04.183Z,323.464,323.384,200,4,absent,NRT,true
v0,measured,196,2026-10-09T07:45:04.283Z,223.372,223.333,200,4,absent,HKG,true
v1,measured,198,2026-10-09T07:45:04.485Z,69.241,69.133,200,6284,HIT,HKG,true
v0,measured,197,2026-10-09T07:45:04.382Z,314.867,314.699,200,4,absent,KIX,true
v1,measured,199,2026-10-09T07:45:04.584Z,113.448,113.352,200,6284,HIT,HKG,true
v1,measured,200,2026-10-09T07:45:04.685Z,60.276,60.083,200,6284,HIT,HKG,true
v0,measured,198,2026-10-09T07:45:04.484Z,329.497,329.382,200,4,absent,KIX,true
v1,measured,201,2026-10-09T07:45:04.785Z,52.778,52.535,200,6284,HIT,HKG,true
v0,measured,199,2026-10-09T07:45:04.585Z,326.155,326.006,200,4,absent,NRT,true
v0,measured,200,2026-10-09T07:45:04.685Z,236.628,236.477,200,4,absent,HKG,true
v1,measured,202,2026-10-09T07:45:04.885Z,48.963,48.849,200,6284,HIT,HKG,true
v1,measured,203,2026-10-09T07:45:04.985Z,91.219,91.043,200,6284,HIT,HKG,true
v0,measured,201,2026-10-09T07:45:04.785Z,311.450,311.323,200,4,absent,KIX,true
v1,measured,204,2026-10-09T07:45:05.083Z,50.847,50.671,200,6284,HIT,HKG,true
v0,measured,202,2026-10-09T07:45:04.885Z,338.280,338.135,200,4,absent,KIX,true
v1,measured,205,2026-10-09T07:45:05.184Z,100.695,94.035,200,6284,HIT,HKG,true
v0,measured,204,2026-10-09T07:45:05.083Z,225.805,225.538,200,4,absent,HKG,true
v1,measured,206,2026-10-09T07:45:05.284Z,53.012,52.633,200,6284,HIT,HKG,true
v0,measured,203,2026-10-09T07:45:04.985Z,357.509,357.411,200,4,absent,NRT,true
v1,measured,207,2026-10-09T07:45:05.384Z,50.318,50.204,200,6284,HIT,HKG,true
v0,measured,205,2026-10-09T07:45:05.185Z,369.289,368.719,200,4,absent,KIX,true
v0,measured,206,2026-10-09T07:45:05.284Z,301.285,300.983,200,4,absent,KIX,true
v1,measured,208,2026-10-09T07:45:05.484Z,120.867,120.492,200,6284,HIT,HKG,true
v1,measured,209,2026-10-09T07:45:05.583Z,53.767,53.525,200,6284,HIT,HKG,true
v0,measured,207,2026-10-09T07:45:05.385Z,359.639,359.481,200,4,absent,NRT,true
v0,measured,208,2026-10-09T07:45:05.483Z,289.751,289.589,200,4,absent,HKG,true
v1,measured,210,2026-10-09T07:45:05.684Z,118.165,115.019,200,6284,HIT,HKG,true
v1,measured,211,2026-10-09T07:45:05.783Z,53.957,53.771,200,6284,HIT,HKG,true
v0,measured,209,2026-10-09T07:45:05.583Z,300.899,300.802,200,4,absent,KIX,true
v1,measured,212,2026-10-09T07:45:05.884Z,48.912,48.794,200,6284,UPDATING,HKG,true
v0,measured,210,2026-10-09T07:45:05.683Z,395.502,395.393,200,4,absent,KIX,true
v1,measured,213,2026-10-09T07:45:05.984Z,95.096,95.035,200,6284,UPDATING,HKG,true
v0,measured,212,2026-10-09T07:45:05.883Z,233.306,233.207,200,4,absent,HKG,true
v1,measured,214,2026-10-09T07:45:06.082Z,52.567,52.504,200,6284,HIT,HKG,true
v0,measured,211,2026-10-09T07:45:05.784Z,494.552,494.345,200,4,absent,NRT,true
v0,measured,213,2026-10-09T07:45:05.985Z,311.011,310.745,200,4,absent,KIX,true
v1,measured,215,2026-10-09T07:45:06.185Z,131.671,131.503,200,6284,HIT,HKG,true
v1,measured,216,2026-10-09T07:45:06.284Z,54.147,53.910,200,6284,HIT,HKG,true
v0,measured,214,2026-10-09T07:45:06.082Z,312.896,312.775,200,4,absent,KIX,true
v1,measured,217,2026-10-09T07:45:06.383Z,74.721,74.528,200,6284,HIT,HKG,true
v0,measured,215,2026-10-09T07:45:06.185Z,298.894,298.755,200,4,absent,HKG,true
v1,measured,218,2026-10-09T07:45:06.483Z,119.695,119.626,200,6284,HIT,HKG,true
v0,measured,216,2026-10-09T07:45:06.283Z,320.054,320.026,200,4,absent,NRT,true
v1,measured,219,2026-10-09T07:45:06.585Z,69.976,69.867,200,6284,HIT,HKG,true
v0,measured,217,2026-10-09T07:45:06.384Z,301.961,301.855,200,4,absent,KIX,true
v1,measured,220,2026-10-09T07:45:06.684Z,109.843,109.705,200,6284,HIT,HKG,true
v0,measured,218,2026-10-09T07:45:06.483Z,331.493,331.259,200,4,absent,KIX,true
v0,measured,219,2026-10-09T07:45:06.585Z,237.686,237.587,200,4,absent,HKG,true
v1,measured,221,2026-10-09T07:45:06.783Z,61.526,61.411,200,6284,HIT,HKG,true
v1,measured,222,2026-10-09T07:45:06.885Z,54.426,54.210,200,6284,HIT,HKG,true
v0,measured,220,2026-10-09T07:45:06.683Z,320.358,320.222,200,4,absent,NRT,true
v1,measured,223,2026-10-09T07:45:06.982Z,51.589,51.499,200,6284,HIT,HKG,true
v0,measured,221,2026-10-09T07:45:06.784Z,343.635,343.563,200,4,absent,KIX,true
v1,measured,224,2026-10-09T07:45:07.085Z,87.111,87.053,200,6284,HIT,HKG,true
v0,measured,222,2026-10-09T07:45:06.884Z,312.762,312.647,200,4,absent,KIX,true
v0,measured,223,2026-10-09T07:45:06.982Z,218.772,218.641,200,4,absent,HKG,true
v1,measured,225,2026-10-09T07:45:07.183Z,51.542,51.431,200,6284,HIT,HKG,true
v1,measured,226,2026-10-09T07:45:07.283Z,81.782,81.645,200,6284,HIT,HKG,true
v0,measured,224,2026-10-09T07:45:07.084Z,347.323,347.157,200,4,absent,NRT,true
v1,measured,227,2026-10-09T07:45:07.385Z,55.931,55.824,200,6284,HIT,HKG,true
v0,measured,225,2026-10-09T07:45:07.184Z,317.485,317.068,200,4,absent,KIX,true
v1,measured,228,2026-10-09T07:45:07.484Z,58.481,58.247,200,6284,HIT,HKG,true
v0,measured,227,2026-10-09T07:45:07.386Z,266.238,266.102,200,4,absent,HKG,true
v0,measured,226,2026-10-09T07:45:07.282Z,370.619,370.535,200,4,absent,KIX,true
v1,measured,229,2026-10-09T07:45:07.583Z,114.724,114.562,200,6284,HIT,HKG,true
v1,measured,230,2026-10-09T07:45:07.683Z,56.059,55.981,200,6284,HIT,HKG,true
v0,measured,228,2026-10-09T07:45:07.483Z,359.294,359.072,200,4,absent,NRT,true
v1,measured,231,2026-10-09T07:45:07.784Z,106.194,105.962,200,6284,HIT,HKG,true
v1,measured,232,2026-10-09T07:45:07.884Z,57.009,56.775,200,6284,HIT,HKG,true
v0,measured,229,2026-10-09T07:45:07.584Z,363.947,363.735,200,4,absent,KIX,true
v0,measured,230,2026-10-09T07:45:07.683Z,330.683,330.552,200,4,absent,KIX,true
v1,measured,233,2026-10-09T07:45:07.983Z,56.521,56.349,200,6284,HIT,HKG,true
v0,measured,231,2026-10-09T07:45:07.785Z,274.411,274.295,200,4,absent,HKG,true
v1,measured,234,2026-10-09T07:45:08.084Z,141.305,141.010,200,6284,HIT,HKG,true
v1,measured,235,2026-10-09T07:45:08.184Z,58.283,57.892,200,6284,HIT,HKG,true
v0,measured,232,2026-10-09T07:45:07.884Z,374.919,374.781,200,4,absent,NRT,true
v0,measured,233,2026-10-09T07:45:07.984Z,384.763,384.606,200,4,absent,KIX,true
v0,measured,235,2026-10-09T07:45:08.184Z,232.927,232.803,200,4,absent,HKG,true
v1,measured,236,2026-10-09T07:45:08.285Z,131.969,131.909,200,6284,HIT,HKG,true
v1,measured,237,2026-10-09T07:45:08.384Z,54.925,52.101,200,6284,HIT,HKG,true
v0,measured,234,2026-10-09T07:45:08.083Z,399.118,398.911,200,4,absent,KIX,true
v1,measured,238,2026-10-09T07:45:08.483Z,49.827,49.708,200,6284,HIT,HKG,true
v0,measured,237,2026-10-09T07:45:08.384Z,317.629,316.559,200,4,absent,KIX,true
v1,measured,239,2026-10-09T07:45:08.584Z,118.693,118.555,200,6284,HIT,HKG,true
v0,measured,236,2026-10-09T07:45:08.285Z,418.722,418.564,200,4,absent,NRT,true
v1,measured,240,2026-10-09T07:45:08.687Z,60.624,60.404,200,6284,HIT,HKG,true
v0,measured,238,2026-10-09T07:45:08.482Z,312.768,312.649,200,4,absent,KIX,true
v0,measured,239,2026-10-09T07:45:08.584Z,308.351,308.084,200,4,absent,HKG,true
v1,measured,241,2026-10-09T07:45:08.783Z,114.276,114.166,200,6284,HIT,HKG,true
v1,measured,242,2026-10-09T07:45:08.884Z,57.873,57.801,200,6284,HIT,HKG,true
v1,measured,243,2026-10-09T07:45:08.985Z,50.829,50.708,200,6284,HIT,HKG,true
v0,measured,241,2026-10-09T07:45:08.783Z,309.088,309.032,200,4,absent,NRT,true
v0,measured,240,2026-10-09T07:45:08.684Z,425.016,424.970,200,4,absent,HKG,true
v1,measured,244,2026-10-09T07:45:09.084Z,50.730,50.670,200,6284,HIT,HKG,true
v0,measured,242,2026-10-09T07:45:08.883Z,340.223,340.104,200,4,absent,KIX,true
v1,measured,245,2026-10-09T07:45:09.183Z,89.307,88.978,200,6284,HIT,HKG,true
v0,measured,243,2026-10-09T07:45:08.985Z,316.046,315.757,200,4,absent,KIX,true
v0,measured,244,2026-10-09T07:45:09.084Z,222.816,222.458,200,4,absent,HKG,true
v1,measured,246,2026-10-09T07:45:09.284Z,132.062,131.843,200,6284,HIT,HKG,true
v1,measured,247,2026-10-09T07:45:09.385Z,79.951,79.805,200,6284,HIT,HKG,true
v0,measured,245,2026-10-09T07:45:09.184Z,331.786,331.648,200,4,absent,NRT,true
v1,measured,248,2026-10-09T07:45:09.486Z,55.801,55.656,200,6284,HIT,HKG,true
v0,measured,246,2026-10-09T07:45:09.283Z,319.867,319.781,200,4,absent,KIX,true
v1,measured,249,2026-10-09T07:45:09.582Z,55.491,55.388,200,6284,HIT,HKG,true
v0,measured,248,2026-10-09T07:45:09.485Z,263.925,263.751,200,4,absent,HKG,true
v0,measured,247,2026-10-09T07:45:09.385Z,364.023,363.975,200,4,absent,KIX,true
v1,measured,250,2026-10-09T07:45:09.685Z,111.097,110.988,200,6284,HIT,HKG,true
v1,measured,251,2026-10-09T07:45:09.783Z,55.141,55.024,200,6284,HIT,HKG,true
v0,measured,249,2026-10-09T07:45:09.583Z,355.562,355.442,200,4,absent,NRT,true
v1,measured,252,2026-10-09T07:45:09.885Z,101.535,101.345,200,6284,HIT,HKG,true
v1,measured,253,2026-10-09T07:45:09.983Z,55.438,55.289,200,6284,HIT,HKG,true
v0,measured,250,2026-10-09T07:45:09.684Z,372.912,372.788,200,4,absent,KIX,true
v0,measured,251,2026-10-09T07:45:09.783Z,313.128,312.927,200,4,absent,KIX,true
v1,measured,254,2026-10-09T07:45:10.084Z,48.324,48.096,200,6284,HIT,HKG,true
v0,measured,252,2026-10-09T07:45:09.885Z,278.315,278.205,200,4,absent,HKG,true
v0,measured,253,2026-10-09T07:45:09.983Z,294.204,294.096,200,4,absent,NRT,true
v1,measured,255,2026-10-09T07:45:10.183Z,134.679,134.520,200,6284,HIT,HKG,true
v1,measured,256,2026-10-09T07:45:10.284Z,55.218,55.011,200,6284,HIT,HKG,true
v0,measured,254,2026-10-09T07:45:10.083Z,378.803,378.560,200,4,absent,KIX,true
v1,measured,257,2026-10-09T07:45:10.383Z,125.657,125.484,200,6284,HIT,HKG,true
v1,measured,258,2026-10-09T07:45:10.485Z,57.024,56.928,200,6284,HIT,HKG,true
v0,measured,255,2026-10-09T07:45:10.184Z,396.855,396.773,200,4,absent,KIX,true
v0,measured,256,2026-10-09T07:45:10.284Z,300.403,300.304,200,4,absent,NRT,true
v1,measured,259,2026-10-09T07:45:10.583Z,50.519,50.370,200,6284,HIT,HKG,true
v0,measured,257,2026-10-09T07:45:10.383Z,307.987,307.668,200,4,absent,HKG,true
v0,measured,258,2026-10-09T07:45:10.484Z,317.429,315.449,200,4,absent,KIX,true
v1,measured,260,2026-10-09T07:45:10.684Z,117.899,117.808,200,6284,HIT,HKG,true
v1,measured,261,2026-10-09T07:45:10.784Z,69.784,69.676,200,6284,HIT,HKG,true
v0,measured,259,2026-10-09T07:45:10.584Z,319.113,319.026,200,4,absent,KIX,true
v1,measured,262,2026-10-09T07:45:10.885Z,104.391,104.186,200,6284,HIT,HKG,true
v0,measured,260,2026-10-09T07:45:10.684Z,306.189,306.118,200,4,absent,NRT,true
v0,measured,261,2026-10-09T07:45:10.785Z,230.900,230.811,200,4,absent,HKG,true
v1,measured,263,2026-10-09T07:45:10.981Z,55.028,54.857,200,6284,HIT,HKG,true
v1,measured,264,2026-10-09T07:45:11.083Z,48.554,48.415,200,6284,UPDATING,HKG,true
v0,measured,262,2026-10-09T07:45:10.884Z,326.981,326.872,200,4,absent,KIX,true
v0,measured,263,2026-10-09T07:45:10.983Z,339.621,339.399,200,4,absent,KIX,true
v1,measured,265,2026-10-09T07:45:11.184Z,138.753,138.685,200,6284,UPDATING,HKG,true
v1,measured,266,2026-10-09T07:45:11.283Z,89.377,89.017,200,6284,HIT,HKG,true
v0,measured,264,2026-10-09T07:45:11.082Z,307.780,307.632,200,4,absent,NRT,true
v0,measured,265,2026-10-09T07:45:11.185Z,227.942,227.828,200,4,absent,HKG,true
v1,measured,267,2026-10-09T07:45:11.382Z,130.791,130.587,200,6284,HIT,HKG,true
v1,measured,268,2026-10-09T07:45:11.484Z,82.811,80.112,200,6284,HIT,HKG,true
v0,measured,266,2026-10-09T07:45:11.283Z,348.977,348.895,200,4,absent,KIX,true
v1,measured,269,2026-10-09T07:45:11.583Z,55.253,55.150,200,6284,HIT,HKG,true
v0,measured,267,2026-10-09T07:45:11.383Z,317.771,317.531,200,4,absent,KIX,true
v1,measured,270,2026-10-09T07:45:11.683Z,60.236,60.048,200,6284,HIT,HKG,true
v0,measured,268,2026-10-09T07:45:11.483Z,359.980,359.873,200,4,absent,NRT,true
v0,measured,269,2026-10-09T07:45:11.584Z,284.696,284.520,200,4,absent,HKG,true
v1,measured,271,2026-10-09T07:45:11.782Z,125.550,125.403,200,6284,HIT,HKG,true
v1,measured,272,2026-10-09T07:45:11.884Z,54.133,53.932,200,6284,HIT,HKG,true
v0,measured,270,2026-10-09T07:45:11.683Z,353.404,353.267,200,4,absent,KIX,true
v1,measured,273,2026-10-09T07:45:11.983Z,104.193,104.087,200,6284,HIT,HKG,true
v1,measured,274,2026-10-09T07:45:12.085Z,55.446,55.273,200,6284,HIT,HKG,true
v0,measured,271,2026-10-09T07:45:11.782Z,376.668,376.544,200,4,absent,KIX,true
v0,measured,272,2026-10-09T07:45:11.884Z,290.380,290.307,200,4,absent,NRT,true
v1,measured,275,2026-10-09T07:45:12.184Z,57.583,57.081,200,6284,HIT,HKG,true
v0,measured,273,2026-10-09T07:45:11.983Z,269.864,269.766,200,4,absent,HKG,true
v0,measured,274,2026-10-09T07:45:12.084Z,313.426,313.327,200,4,absent,KIX,true
v1,measured,276,2026-10-09T07:45:12.284Z,135.049,134.956,200,6284,HIT,HKG,true
v1,measured,277,2026-10-09T07:45:12.384Z,54.592,54.440,200,6284,HIT,HKG,true
v0,measured,275,2026-10-09T07:45:12.185Z,373.866,373.720,200,4,absent,NRT,true
v0,measured,277,2026-10-09T07:45:12.385Z,218.968,218.865,200,4,absent,HKG,true
v1,measured,278,2026-10-09T07:45:12.484Z,130.286,130.163,200,6284,HIT,HKG,true
v1,measured,279,2026-10-09T07:45:12.581Z,56.619,56.500,200,6284,HIT,HKG,true
v0,measured,276,2026-10-09T07:45:12.283Z,408.787,408.696,200,4,absent,KIX,true
v1,measured,280,2026-10-09T07:45:12.684Z,50.102,49.944,200,6284,HIT,HKG,true
v0,measured,278,2026-10-09T07:45:12.484Z,409.383,409.300,200,4,absent,KIX,true
v1,measured,281,2026-10-09T07:45:12.783Z,110.652,110.611,200,6284,HIT,HKG,true
v0,measured,279,2026-10-09T07:45:12.582Z,322.134,322.005,200,4,absent,NRT,true
v0,measured,280,2026-10-09T07:45:12.684Z,222.823,222.739,200,4,absent,HKG,true
v1,measured,282,2026-10-09T07:45:12.883Z,59.243,59.162,200,6284,HIT,HKG,true
v1,measured,283,2026-10-09T07:45:12.982Z,47.945,47.813,200,6284,HIT,HKG,true
v0,measured,281,2026-10-09T07:45:12.783Z,311.661,311.525,200,4,absent,KIX,true
v0,measured,282,2026-10-09T07:45:12.883Z,229.116,228.402,200,4,absent,HKG,true
v1,measured,284,2026-10-09T07:45:13.083Z,52.097,51.987,200,6284,HIT,HKG,true
v1,measured,285,2026-10-09T07:45:13.183Z,53.331,53.247,200,6284,HIT,HKG,true
v0,measured,283,2026-10-09T07:45:12.983Z,311.104,310.885,200,4,absent,NRT,true
v0,measured,284,2026-10-09T07:45:13.082Z,335.687,335.594,200,4,absent,KIX,true
v1,measured,286,2026-10-09T07:45:13.283Z,135.502,135.450,200,6284,HIT,HKG,true
v1,measured,287,2026-10-09T07:45:13.384Z,83.377,83.190,200,6284,HIT,HKG,true
v0,measured,285,2026-10-09T07:45:13.183Z,309.662,309.597,200,4,absent,KIX,true
v0,measured,286,2026-10-09T07:45:13.282Z,236.477,236.406,200,4,absent,HKG,true
v1,measured,288,2026-10-09T07:45:13.482Z,50.963,50.873,200,6284,HIT,HKG,true
v1,measured,289,2026-10-09T07:45:13.582Z,48.864,48.690,200,6284,HIT,HKG,true
v0,measured,287,2026-10-09T07:45:13.384Z,327.945,327.710,200,4,absent,NRT,true
v1,measured,290,2026-10-09T07:45:13.684Z,50.180,50.078,200,6284,HIT,HKG,true
v0,measured,288,2026-10-09T07:45:13.481Z,313.425,313.372,200,4,absent,KIX,true
v1,measured,291,2026-10-09T07:45:13.783Z,49.082,49.022,200,6284,HIT,HKG,true
v0,measured,289,2026-10-09T07:45:13.583Z,357.297,357.168,200,4,absent,KIX,true
v0,measured,290,2026-10-09T07:45:13.683Z,259.892,259.786,200,4,absent,HKG,true
v1,measured,292,2026-10-09T07:45:13.884Z,109.662,109.221,200,6284,HIT,HKG,true
v1,measured,293,2026-10-09T07:45:13.983Z,58.516,58.328,200,6284,HIT,HKG,true
v0,measured,291,2026-10-09T07:45:13.783Z,286.560,286.372,200,4,absent,NRT,true
v1,measured,294,2026-10-09T07:45:14.083Z,55.652,55.549,200,6284,HIT,HKG,true
v1,measured,295,2026-10-09T07:45:14.182Z,51.887,51.771,200,6284,HIT,HKG,true
v0,measured,292,2026-10-09T07:45:13.883Z,369.087,368.964,200,4,absent,KIX,true
v0,measured,293,2026-10-09T07:45:13.984Z,315.567,315.204,200,4,absent,KIX,true
v1,measured,296,2026-10-09T07:45:14.283Z,52.253,52.142,200,6284,HIT,HKG,true
v0,measured,295,2026-10-09T07:45:14.182Z,284.474,284.359,200,4,absent,HKG,true
v0,measured,294,2026-10-09T07:45:14.082Z,385.162,385.083,200,4,absent,NRT,true
v1,measured,297,2026-10-09T07:45:14.383Z,133.495,126.532,200,6284,HIT,HKG,true
v1,measured,298,2026-10-09T07:45:14.482Z,54.022,53.872,200,6284,HIT,HKG,true
v0,measured,296,2026-10-09T07:45:14.282Z,313.326,313.225,200,4,absent,KIX,true
v1,measured,299,2026-10-09T07:45:14.583Z,50.573,50.403,200,6284,HIT,HKG,true
v1,measured,300,2026-10-09T07:45:14.683Z,51.279,51.121,200,6284,HIT,HKG,true
v0,measured,297,2026-10-09T07:45:14.384Z,389.549,389.385,200,4,absent,KIX,true
v0,measured,298,2026-10-09T07:45:14.481Z,296.002,295.853,200,4,absent,NRT,true
v0,measured,299,2026-10-09T07:45:14.583Z,209.692,209.592,200,4,absent,HKG,true
v1,measured,301,2026-10-09T07:45:14.781Z,53.528,53.401,200,6284,HIT,HKG,true
v1,measured,302,2026-10-09T07:45:14.883Z,107.641,107.016,200,6284,HIT,HKG,true
v0,measured,300,2026-10-09T07:45:14.682Z,313.843,313.761,200,4,absent,KIX,true
v1,measured,303,2026-10-09T07:45:14.983Z,55.428,55.323,200,6284,HIT,HKG,true
v0,measured,301,2026-10-09T07:45:14.782Z,303.870,303.758,200,4,absent,NRT,true
v1,measured,304,2026-10-09T07:45:15.084Z,49.991,49.872,200,6284,HIT,HKG,true
v0,measured,302,2026-10-09T07:45:14.883Z,310.338,310.155,200,4,absent,KIX,true
v0,measured,303,2026-10-09T07:45:14.984Z,210.145,210.082,200,4,absent,HKG,true
v1,measured,305,2026-10-09T07:45:15.184Z,51.435,51.307,200,6284,HIT,HKG,true
v1,measured,306,2026-10-09T07:45:15.284Z,51.147,51.008,200,6284,HIT,HKG,true
v0,measured,304,2026-10-09T07:45:15.083Z,311.605,311.489,200,4,absent,KIX,true
v1,measured,307,2026-10-09T07:45:15.381Z,51.009,50.737,200,6284,HIT,HKG,true
v0,measured,305,2026-10-09T07:45:15.185Z,286.611,286.500,200,4,absent,NRT,true
v1,measured,308,2026-10-09T07:45:15.484Z,51.365,51.220,200,6284,HIT,HKG,true
v0,measured,307,2026-10-09T07:45:15.382Z,218.406,218.317,200,4,absent,HKG,true
v0,measured,306,2026-10-09T07:45:15.283Z,322.471,322.369,200,4,absent,KIX,true
v1,measured,309,2026-10-09T07:45:15.582Z,51.370,51.254,200,6284,HIT,HKG,true
v1,measured,310,2026-10-09T07:45:15.682Z,53.433,53.322,200,6284,HIT,HKG,true
v0,measured,308,2026-10-09T07:45:15.483Z,306.449,306.381,200,4,absent,NRT,true
v1,measured,311,2026-10-09T07:45:15.782Z,57.193,57.059,200,6284,HIT,HKG,true
v0,measured,309,2026-10-09T07:45:15.583Z,310.500,310.333,200,4,absent,KIX,true
v1,measured,312,2026-10-09T07:45:15.884Z,63.998,63.824,200,6284,HIT,HKG,true
v0,measured,310,2026-10-09T07:45:15.682Z,312.395,312.267,200,4,absent,KIX,true
v0,measured,311,2026-10-09T07:45:15.783Z,225.262,225.140,200,4,absent,HKG,true
v1,measured,313,2026-10-09T07:45:15.982Z,83.409,83.141,200,6284,HIT,HKG,true
v1,measured,314,2026-10-09T07:45:16.083Z,58.757,58.590,200,6284,HIT,HKG,true
v0,measured,312,2026-10-09T07:45:15.883Z,297.873,297.695,200,4,absent,NRT,true
v1,measured,315,2026-10-09T07:45:16.181Z,56.438,56.310,200,6284,HIT,HKG,true
v0,measured,313,2026-10-09T07:45:15.982Z,299.609,299.429,200,4,absent,KIX,true
v1,measured,316,2026-10-09T07:45:16.281Z,53.588,51.608,200,6284,UPDATING,HKG,true
v0,measured,314,2026-10-09T07:45:16.083Z,308.251,308.114,200,4,absent,KIX,true
v1,measured,317,2026-10-09T07:45:16.382Z,51.203,51.087,200,6284,UPDATING,HKG,true
v0,measured,315,2026-10-09T07:45:16.181Z,301.657,301.556,200,4,absent,NRT,true
v0,measured,316,2026-10-09T07:45:16.281Z,213.125,213.030,200,4,absent,HKG,true
v1,measured,318,2026-10-09T07:45:16.481Z,47.798,47.672,200,6284,HIT,HKG,true
v1,measured,319,2026-10-09T07:45:16.581Z,49.234,49.089,200,6284,HIT,HKG,true
v0,measured,317,2026-10-09T07:45:16.383Z,311.539,311.443,200,4,absent,KIX,true
v1,measured,320,2026-10-09T07:45:16.683Z,49.163,48.941,200,6284,HIT,HKG,true
v0,measured,318,2026-10-09T07:45:16.481Z,313.050,312.950,200,4,absent,KIX,true
v1,measured,321,2026-10-09T07:45:16.782Z,59.509,58.984,200,6284,HIT,HKG,true
v0,measured,319,2026-10-09T07:45:16.581Z,292.264,292.123,200,4,absent,NRT,true
v0,measured,320,2026-10-09T07:45:16.682Z,226.947,226.774,200,4,absent,HKG,true
v1,measured,322,2026-10-09T07:45:16.882Z,51.243,51.082,200,6284,HIT,HKG,true
v1,measured,323,2026-10-09T07:45:16.983Z,50.164,49.982,200,6284,HIT,HKG,true
v0,measured,321,2026-10-09T07:45:16.782Z,302.810,302.693,200,4,absent,KIX,true
v1,measured,324,2026-10-09T07:45:17.084Z,48.326,48.216,200,6284,HIT,HKG,true
v0,measured,322,2026-10-09T07:45:16.881Z,291.301,291.186,200,4,absent,NRT,true
v1,measured,325,2026-10-09T07:45:17.183Z,49.297,49.158,200,6284,HIT,HKG,true
v0,measured,323,2026-10-09T07:45:16.984Z,313.620,313.503,200,4,absent,KIX,true
v0,measured,324,2026-10-09T07:45:17.084Z,220.887,220.791,200,4,absent,HKG,true
v1,measured,326,2026-10-09T07:45:17.283Z,51.368,49.091,200,6284,HIT,HKG,true
v1,measured,327,2026-10-09T07:45:17.382Z,49.263,49.018,200,6284,HIT,HKG,true
v0,measured,325,2026-10-09T07:45:17.183Z,282.467,282.376,200,4,absent,NRT,true
v1,measured,328,2026-10-09T07:45:17.482Z,47.834,47.709,200,6284,HIT,HKG,true
v0,measured,326,2026-10-09T07:45:17.282Z,322.492,322.371,200,4,absent,KIX,true
v1,measured,329,2026-10-09T07:45:17.581Z,47.884,47.757,200,6284,HIT,HKG,true
v0,measured,327,2026-10-09T07:45:17.382Z,313.901,313.761,200,4,absent,KIX,true
v1,measured,330,2026-10-09T07:45:17.682Z,48.201,47.993,200,6284,HIT,HKG,true
v0,measured,328,2026-10-09T07:45:17.482Z,292.747,292.595,200,4,absent,NRT,true
v0,measured,329,2026-10-09T07:45:17.581Z,216.832,216.781,200,4,absent,HKG,true
v1,measured,331,2026-10-09T07:45:17.783Z,49.067,48.947,200,6284,HIT,HKG,true
v1,measured,332,2026-10-09T07:45:17.883Z,49.579,49.335,200,6284,HIT,HKG,true
v0,measured,330,2026-10-09T07:45:17.681Z,313.060,312.946,200,4,absent,KIX,true
v1,measured,333,2026-10-09T07:45:17.983Z,49.218,49.036,200,6284,HIT,HKG,true
v0,measured,331,2026-10-09T07:45:17.784Z,300.454,300.323,200,4,absent,NRT,true
v1,measured,334,2026-10-09T07:45:18.081Z,55.150,54.223,200,6284,HIT,HKG,true
v0,measured,332,2026-10-09T07:45:17.883Z,309.644,309.544,200,4,absent,KIX,true
v0,measured,333,2026-10-09T07:45:17.983Z,225.699,225.597,200,4,absent,HKG,true
v1,measured,335,2026-10-09T07:45:18.181Z,48.071,47.959,200,6284,HIT,HKG,true
v1,measured,336,2026-10-09T07:45:18.282Z,50.736,48.662,200,6284,HIT,HKG,true
v0,measured,334,2026-10-09T07:45:18.081Z,303.089,302.950,200,4,absent,KIX,true
v1,measured,337,2026-10-09T07:45:18.381Z,48.047,47.988,200,6284,HIT,HKG,true
v0,measured,335,2026-10-09T07:45:18.181Z,285.756,285.660,200,4,absent,NRT,true
v1,measured,338,2026-10-09T07:45:18.482Z,49.284,49.030,200,6284,HIT,HKG,true
v0,measured,336,2026-10-09T07:45:18.281Z,314.719,314.628,200,4,absent,KIX,true
v0,measured,337,2026-10-09T07:45:18.381Z,223.976,223.880,200,4,absent,HKG,true
v1,measured,339,2026-10-09T07:45:18.582Z,50.792,50.564,200,6284,HIT,HKG,true
v1,measured,340,2026-10-09T07:45:18.681Z,49.032,48.917,200,6284,HIT,HKG,true
v0,measured,338,2026-10-09T07:45:18.482Z,304.846,304.732,200,4,absent,NRT,true
v1,measured,341,2026-10-09T07:45:18.781Z,47.905,47.779,200,6284,HIT,HKG,true
v0,measured,339,2026-10-09T07:45:18.582Z,309.032,308.899,200,4,absent,KIX,true
v1,measured,342,2026-10-09T07:45:18.882Z,48.513,48.310,200,6284,HIT,HKG,true
v0,measured,340,2026-10-09T07:45:18.681Z,297.440,297.298,200,4,absent,KIX,true
v0,measured,341,2026-10-09T07:45:18.781Z,230.073,229.892,200,4,absent,HKG,true
v1,measured,343,2026-10-09T07:45:18.982Z,47.282,47.176,200,6284,HIT,HKG,true
v1,measured,344,2026-10-09T07:45:19.084Z,47.551,47.361,200,6284,HIT,HKG,true
v0,measured,342,2026-10-09T07:45:18.882Z,283.087,282.974,200,4,absent,NRT,true
v1,measured,345,2026-10-09T07:45:19.182Z,48.024,47.836,200,6284,HIT,HKG,true
v0,measured,343,2026-10-09T07:45:18.983Z,311.839,311.670,200,4,absent,KIX,true
v1,measured,346,2026-10-09T07:45:19.283Z,48.111,47.995,200,6284,HIT,HKG,true
v0,measured,344,2026-10-09T07:45:19.083Z,309.670,309.557,200,4,absent,KIX,true
v1,measured,347,2026-10-09T07:45:19.383Z,54.533,54.422,200,6284,HIT,HKG,true
v0,measured,345,2026-10-09T07:45:19.183Z,288.306,288.068,200,4,absent,NRT,true
v0,measured,346,2026-10-09T07:45:19.282Z,215.552,215.439,200,4,absent,HKG,true
v1,measured,348,2026-10-09T07:45:19.484Z,53.852,53.637,200,6284,HIT,HKG,true
v1,measured,349,2026-10-09T07:45:19.581Z,49.382,49.279,200,6284,HIT,HKG,true
v0,measured,347,2026-10-09T07:45:19.383Z,315.107,315.010,200,4,absent,KIX,true
v1,measured,350,2026-10-09T07:45:19.683Z,48.667,48.595,200,6284,HIT,HKG,true
v0,measured,348,2026-10-09T07:45:19.483Z,302.381,302.287,200,4,absent,NRT,true
v1,measured,351,2026-10-09T07:45:19.780Z,48.842,48.735,200,6284,HIT,HKG,true
v0,measured,349,2026-10-09T07:45:19.582Z,301.728,301.628,200,4,absent,KIX,true
v0,measured,350,2026-10-09T07:45:19.683Z,235.764,235.595,200,4,absent,HKG,true
v1,measured,352,2026-10-09T07:45:19.883Z,50.009,49.920,200,6284,HIT,HKG,true
v1,measured,353,2026-10-09T07:45:19.983Z,47.643,47.508,200,6284,HIT,HKG,true
v0,measured,351,2026-10-09T07:45:19.781Z,310.953,310.842,200,4,absent,KIX,true
v1,measured,354,2026-10-09T07:45:20.081Z,48.963,48.766,200,6284,HIT,HKG,true
v0,measured,352,2026-10-09T07:45:19.882Z,285.230,285.135,200,4,absent,NRT,true
v1,measured,355,2026-10-09T07:45:20.183Z,47.845,47.639,200,6284,HIT,HKG,true
v0,measured,353,2026-10-09T07:45:19.983Z,311.018,310.921,200,4,absent,KIX,true
v0,measured,354,2026-10-09T07:45:20.080Z,224.181,224.068,200,4,absent,HKG,true
v1,measured,356,2026-10-09T07:45:20.281Z,52.720,52.600,200,6284,HIT,HKG,true
v1,measured,357,2026-10-09T07:45:20.382Z,51.218,51.019,200,6284,HIT,HKG,true
v0,measured,355,2026-10-09T07:45:20.183Z,297.513,297.424,200,4,absent,NRT,true
v1,measured,358,2026-10-09T07:45:20.481Z,49.236,49.132,200,6284,HIT,HKG,true
v0,measured,356,2026-10-09T07:45:20.281Z,300.074,299.988,200,4,absent,KIX,true
v1,measured,359,2026-10-09T07:45:20.581Z,47.836,47.745,200,6284,HIT,HKG,true
v0,measured,357,2026-10-09T07:45:20.382Z,312.457,312.343,200,4,absent,KIX,true
v1,measured,360,2026-10-09T07:45:20.682Z,51.707,51.585,200,6284,HIT,HKG,true
v0,measured,358,2026-10-09T07:45:20.481Z,301.377,301.279,200,4,absent,NRT,true
v1,measured,361,2026-10-09T07:45:20.782Z,47.669,47.486,200,6284,HIT,HKG,true
v0,measured,359,2026-10-09T07:45:20.581Z,302.110,301.859,200,4,absent,KIX,true
v0,measured,360,2026-10-09T07:45:20.682Z,209.921,209.755,200,4,absent,HKG,true
v1,measured,362,2026-10-09T07:45:20.882Z,49.961,49.609,200,6284,HIT,HKG,true
v1,measured,363,2026-10-09T07:45:20.981Z,52.558,52.462,200,6284,HIT,HKG,true
v0,measured,361,2026-10-09T07:45:20.783Z,291.204,291.099,200,4,absent,NRT,true
v1,measured,364,2026-10-09T07:45:21.081Z,48.740,48.632,200,6284,HIT,HKG,true
v0,measured,362,2026-10-09T07:45:20.882Z,313.378,313.276,200,4,absent,KIX,true
v1,measured,365,2026-10-09T07:45:21.183Z,46.334,46.216,200,6284,HIT,HKG,true
v0,measured,363,2026-10-09T07:45:20.981Z,313.662,313.566,200,4,absent,KIX,true
v1,measured,366,2026-10-09T07:45:21.282Z,48.891,48.686,200,6284,HIT,HKG,true
v0,measured,364,2026-10-09T07:45:21.081Z,302.393,302.236,200,4,absent,NRT,true
v0,measured,365,2026-10-09T07:45:21.184Z,212.984,212.888,200,4,absent,HKG,true
v1,measured,367,2026-10-09T07:45:21.381Z,50.725,50.533,200,6284,HIT,HKG,true
v1,measured,368,2026-10-09T07:45:21.483Z,47.875,46.962,200,6284,UPDATING,HKG,true
v0,measured,366,2026-10-09T07:45:21.281Z,299.551,299.392,200,4,absent,KIX,true
v1,measured,369,2026-10-09T07:45:21.581Z,52.160,52.027,200,6284,UPDATING,HKG,true
v0,measured,367,2026-10-09T07:45:21.381Z,321.756,321.612,200,4,absent,KIX,true
v1,measured,370,2026-10-09T07:45:21.682Z,50.516,50.314,200,6284,HIT,HKG,true
v0,measured,368,2026-10-09T07:45:21.483Z,300.108,300.019,200,4,absent,NRT,true
v1,measured,371,2026-10-09T07:45:21.782Z,47.625,47.447,200,6284,HIT,HKG,true
v0,measured,370,2026-10-09T07:45:21.682Z,204.291,204.244,200,4,absent,HKG,true
v0,measured,369,2026-10-09T07:45:21.582Z,317.223,317.164,200,4,absent,KIX,true
v1,measured,372,2026-10-09T07:45:21.882Z,66.260,66.196,200,6284,HIT,HKG,true
v1,measured,373,2026-10-09T07:45:21.983Z,51.588,51.484,200,6284,HIT,HKG,true
v0,measured,371,2026-10-09T07:45:21.782Z,297.457,297.353,200,4,absent,KIX,true
v1,measured,374,2026-10-09T07:45:22.080Z,53.857,53.641,200,6284,HIT,HKG,true
v0,measured,372,2026-10-09T07:45:21.881Z,287.637,287.517,200,4,absent,NRT,true
v1,measured,375,2026-10-09T07:45:22.180Z,49.140,49.028,200,6284,HIT,HKG,true
v0,measured,373,2026-10-09T07:45:21.983Z,312.476,312.367,200,4,absent,KIX,true
v1,measured,376,2026-10-09T07:45:22.282Z,54.343,54.246,200,6284,HIT,HKG,true
v0,measured,374,2026-10-09T07:45:22.080Z,316.332,316.221,200,4,absent,KIX,true
v1,measured,377,2026-10-09T07:45:22.383Z,49.185,49.022,200,6284,HIT,HKG,true
v0,measured,375,2026-10-09T07:45:22.181Z,296.621,296.514,200,4,absent,NRT,true
v0,measured,376,2026-10-09T07:45:22.281Z,213.750,213.641,200,4,absent,HKG,true
v1,measured,378,2026-10-09T07:45:22.482Z,51.686,51.568,200,6284,HIT,HKG,true
v1,measured,379,2026-10-09T07:45:22.580Z,51.563,51.354,200,6284,HIT,HKG,true
v0,measured,377,2026-10-09T07:45:22.384Z,300.518,300.425,200,4,absent,KIX,true
v1,measured,380,2026-10-09T07:45:22.683Z,51.139,51.035,200,6284,HIT,HKG,true
v0,measured,378,2026-10-09T07:45:22.481Z,281.066,280.968,200,4,absent,NRT,true
v1,measured,381,2026-10-09T07:45:22.783Z,50.110,50.005,200,6284,HIT,HKG,true
v0,measured,379,2026-10-09T07:45:22.581Z,308.489,308.404,200,4,absent,KIX,true
v0,measured,380,2026-10-09T07:45:22.682Z,217.669,217.517,200,4,absent,HKG,true
v1,measured,382,2026-10-09T07:45:22.882Z,50.705,49.456,200,6284,HIT,HKG,true
v1,measured,383,2026-10-09T07:45:22.980Z,56.811,56.691,200,6284,HIT,HKG,true
v0,measured,381,2026-10-09T07:45:22.783Z,299.173,299.046,200,4,absent,NRT,true
v1,measured,384,2026-10-09T07:45:23.082Z,57.063,56.944,200,6284,HIT,HKG,true
v0,measured,382,2026-10-09T07:45:22.882Z,297.627,297.510,200,4,absent,KIX,true
v1,measured,385,2026-10-09T07:45:23.181Z,48.531,48.425,200,6284,HIT,HKG,true
v0,measured,383,2026-10-09T07:45:22.981Z,310.257,310.085,200,4,absent,KIX,true
v0,measured,384,2026-10-09T07:45:23.081Z,221.891,221.797,200,4,absent,HKG,true
v1,measured,386,2026-10-09T07:45:23.282Z,49.994,49.827,200,6284,HIT,HKG,true
v1,measured,387,2026-10-09T07:45:23.383Z,47.535,47.258,200,6284,HIT,HKG,true
v0,measured,385,2026-10-09T07:45:23.182Z,286.299,286.096,200,4,absent,NRT,true
v1,measured,388,2026-10-09T07:45:23.483Z,49.416,49.229,200,6284,HIT,HKG,true
v0,measured,386,2026-10-09T07:45:23.281Z,311.955,311.849,200,4,absent,KIX,true
v1,measured,389,2026-10-09T07:45:23.582Z,47.255,47.157,200,6284,HIT,HKG,true
v0,measured,387,2026-10-09T07:45:23.384Z,299.539,299.438,200,4,absent,KIX,true
v1,measured,390,2026-10-09T07:45:23.683Z,48.413,48.290,200,6284,HIT,HKG,true
v0,measured,388,2026-10-09T07:45:23.483Z,286.606,286.519,200,4,absent,NRT,true
v0,measured,389,2026-10-09T07:45:23.582Z,220.572,220.321,200,4,absent,HKG,true
v1,measured,391,2026-10-09T07:45:23.781Z,53.592,53.465,200,6284,HIT,HKG,true
v1,measured,392,2026-10-09T07:45:23.883Z,48.799,48.596,200,6284,HIT,HKG,true
v0,measured,390,2026-10-09T07:45:23.682Z,296.696,296.601,200,4,absent,KIX,true
v1,measured,393,2026-10-09T07:45:23.981Z,48.316,48.180,200,6284,HIT,HKG,true
v0,measured,391,2026-10-09T07:45:23.782Z,291.744,291.643,200,4,absent,NRT,true
v1,measured,394,2026-10-09T07:45:24.082Z,48.705,48.586,200,6284,HIT,HKG,true
v0,measured,392,2026-10-09T07:45:23.883Z,302.307,302.212,200,4,absent,KIX,true
v1,measured,395,2026-10-09T07:45:24.182Z,47.602,47.456,200,6284,HIT,HKG,true
v0,measured,393,2026-10-09T07:45:23.982Z,314.054,313.942,200,4,absent,KIX,true
v1,measured,396,2026-10-09T07:45:24.283Z,47.598,47.454,200,6284,HIT,HKG,true
v0,measured,394,2026-10-09T07:45:24.081Z,303.056,302.945,200,4,absent,NRT,true
v0,measured,395,2026-10-09T07:45:24.182Z,215.441,215.336,200,4,absent,HKG,true
v1,measured,397,2026-10-09T07:45:24.381Z,48.573,48.414,200,6284,HIT,HKG,true
v1,measured,398,2026-10-09T07:45:24.483Z,50.600,50.245,200,6284,HIT,HKG,true
v0,measured,396,2026-10-09T07:45:24.282Z,308.657,308.543,200,4,absent,KIX,true
v1,measured,399,2026-10-09T07:45:24.582Z,49.385,49.260,200,6284,HIT,HKG,true
v0,measured,397,2026-10-09T07:45:24.382Z,311.866,311.751,200,4,absent,KIX,true
v1,measured,400,2026-10-09T07:45:24.680Z,50.991,50.691,200,6284,HIT,HKG,true
v0,measured,398,2026-10-09T07:45:24.482Z,316.370,316.245,200,4,absent,NRT,true
v0,measured,399,2026-10-09T07:45:24.583Z,231.185,231.112,200,4,absent,HKG,true
v1,measured,401,2026-10-09T07:45:24.781Z,48.331,48.224,200,6284,HIT,HKG,true
v1,measured,402,2026-10-09T07:45:24.884Z,46.839,46.692,200,6284,HIT,HKG,true
v0,measured,400,2026-10-09T07:45:24.680Z,308.338,308.175,200,4,absent,KIX,true
v1,measured,403,2026-10-09T07:45:24.981Z,47.837,47.614,200,6284,HIT,HKG,true
v0,measured,401,2026-10-09T07:45:24.781Z,297.505,297.381,200,4,absent,KIX,true
v1,measured,404,2026-10-09T07:45:25.081Z,46.613,46.499,200,6284,HIT,HKG,true
v0,measured,402,2026-10-09T07:45:24.883Z,300.447,300.338,200,4,absent,NRT,true
v0,measured,403,2026-10-09T07:45:24.982Z,217.196,217.012,200,4,absent,HKG,true
v1,measured,405,2026-10-09T07:45:25.181Z,49.426,49.225,200,6284,HIT,HKG,true
v1,measured,406,2026-10-09T07:45:25.282Z,50.708,50.562,200,6284,HIT,HKG,true
v0,measured,404,2026-10-09T07:45:25.080Z,314.813,314.705,200,4,absent,KIX,true
v1,measured,407,2026-10-09T07:45:25.383Z,50.309,50.125,200,6284,HIT,HKG,true
v0,measured,405,2026-10-09T07:45:25.182Z,306.070,305.985,200,4,absent,KIX,true
v1,measured,408,2026-10-09T07:45:25.482Z,47.803,47.653,200,6284,HIT,HKG,true
v0,measured,406,2026-10-09T07:45:25.282Z,297.462,297.337,200,4,absent,NRT,true
v0,measured,407,2026-10-09T07:45:25.383Z,203.741,203.620,200,4,absent,HKG,true
v1,measured,409,2026-10-09T07:45:25.580Z,45.728,45.625,200,6284,HIT,HKG,true
v1,measured,410,2026-10-09T07:45:25.680Z,48.840,48.749,200,6284,HIT,HKG,true
v0,measured,408,2026-10-09T07:45:25.481Z,313.235,313.125,200,4,absent,KIX,true
v1,measured,411,2026-10-09T07:45:25.782Z,51.154,50.880,200,6284,HIT,HKG,true
v0,measured,409,2026-10-09T07:45:25.581Z,301.145,301.036,200,4,absent,NRT,true
v1,measured,412,2026-10-09T07:45:25.882Z,47.751,47.571,200,6284,HIT,HKG,true
v0,measured,410,2026-10-09T07:45:25.679Z,308.794,308.703,200,4,absent,KIX,true
v0,measured,411,2026-10-09T07:45:25.782Z,210.870,210.779,200,4,absent,HKG,true
v1,measured,413,2026-10-09T07:45:25.982Z,47.846,47.726,200,6284,HIT,HKG,true
v1,measured,414,2026-10-09T07:45:26.082Z,48.038,47.915,200,6284,HIT,HKG,true
v0,measured,412,2026-10-09T07:45:25.882Z,304.404,304.279,200,4,absent,NRT,true
v1,measured,415,2026-10-09T07:45:26.182Z,49.541,49.391,200,6284,HIT,HKG,true
v0,measured,413,2026-10-09T07:45:25.982Z,308.741,308.607,200,4,absent,KIX,true
v1,measured,416,2026-10-09T07:45:26.284Z,50.571,50.465,200,6284,HIT,HKG,true
v0,measured,414,2026-10-09T07:45:26.081Z,301.890,301.787,200,4,absent,KIX,true
v0,measured,415,2026-10-09T07:45:26.183Z,220.066,219.980,200,4,absent,HKG,true
v1,measured,417,2026-10-09T07:45:26.381Z,53.820,53.673,200,6284,HIT,HKG,true
v1,measured,418,2026-10-09T07:45:26.483Z,51.593,51.382,200,6284,HIT,HKG,true
v0,measured,416,2026-10-09T07:45:26.283Z,307.200,307.110,200,4,absent,NRT,true
v1,measured,419,2026-10-09T07:45:26.583Z,49.872,49.609,200,6284,HIT,HKG,true
v0,measured,417,2026-10-09T07:45:26.381Z,311.374,311.178,200,4,absent,KIX,true
v1,measured,420,2026-10-09T07:45:26.681Z,52.125,51.942,200,6284,UPDATING,HKG,true
v0,measured,418,2026-10-09T07:45:26.483Z,311.581,311.416,200,4,absent,KIX,true
v0,measured,419,2026-10-09T07:45:26.583Z,214.352,214.251,200,4,absent,HKG,true
v1,measured,421,2026-10-09T07:45:26.781Z,48.057,47.944,200,6284,UPDATING,HKG,true
v1,measured,422,2026-10-09T07:45:26.882Z,52.263,52.157,200,6284,HIT,HKG,true
v0,measured,420,2026-10-09T07:45:26.681Z,291.570,291.384,200,4,absent,NRT,true
v1,measured,423,2026-10-09T07:45:26.982Z,47.515,47.357,200,6284,HIT,HKG,true
v0,measured,421,2026-10-09T07:45:26.782Z,312.649,312.539,200,4,absent,KIX,true
v1,measured,424,2026-10-09T07:45:27.083Z,47.128,46.986,200,6284,HIT,HKG,true
v0,measured,422,2026-10-09T07:45:26.882Z,302.166,302.055,200,4,absent,KIX,true
v1,measured,425,2026-10-09T07:45:27.182Z,48.660,48.528,200,6284,HIT,HKG,true
v0,measured,423,2026-10-09T07:45:26.983Z,290.164,290.055,200,4,absent,NRT,true
v0,measured,424,2026-10-09T07:45:27.082Z,214.781,214.677,200,4,absent,HKG,true
v1,measured,426,2026-10-09T07:45:27.282Z,47.480,47.382,200,6284,HIT,HKG,true
v1,measured,427,2026-10-09T07:45:27.382Z,51.666,51.538,200,6284,HIT,HKG,true
v0,measured,425,2026-10-09T07:45:27.182Z,311.204,311.084,200,4,absent,KIX,true
v1,measured,428,2026-10-09T07:45:27.483Z,46.791,46.661,200,6284,HIT,HKG,true
v0,measured,426,2026-10-09T07:45:27.282Z,289.816,289.691,200,4,absent,NRT,true
v1,measured,429,2026-10-09T07:45:27.583Z,49.724,49.585,200,6284,HIT,HKG,true
v0,measured,427,2026-10-09T07:45:27.382Z,301.019,300.852,200,4,absent,KIX,true
v0,measured,428,2026-10-09T07:45:27.483Z,224.556,224.456,200,4,absent,HKG,true
v1,measured,430,2026-10-09T07:45:27.681Z,46.876,46.769,200,6284,HIT,HKG,true
v1,measured,431,2026-10-09T07:45:27.783Z,48.906,48.421,200,6284,HIT,HKG,true
v0,measured,429,2026-10-09T07:45:27.583Z,293.639,293.526,200,4,absent,NRT,true
v1,measured,432,2026-10-09T07:45:27.881Z,51.900,49.700,200,6284,HIT,HKG,true
v0,measured,430,2026-10-09T07:45:27.681Z,309.787,309.683,200,4,absent,KIX,true
v1,measured,433,2026-10-09T07:45:27.981Z,49.653,49.486,200,6284,HIT,HKG,true
v0,measured,431,2026-10-09T07:45:27.783Z,308.513,308.277,200,4,absent,KIX,true
v1,measured,434,2026-10-09T07:45:28.082Z,47.931,47.724,200,6284,HIT,HKG,true
v0,measured,432,2026-10-09T07:45:27.880Z,297.918,297.731,200,4,absent,NRT,true
v0,measured,433,2026-10-09T07:45:27.981Z,219.432,219.056,200,4,absent,HKG,true
v1,measured,435,2026-10-09T07:45:28.181Z,46.523,46.405,200,6284,HIT,HKG,true
v1,measured,436,2026-10-09T07:45:28.281Z,50.950,50.809,200,6284,HIT,HKG,true
v0,measured,434,2026-10-09T07:45:28.081Z,308.555,308.462,200,4,absent,KIX,true
v1,measured,437,2026-10-09T07:45:28.384Z,47.196,47.091,200,6284,HIT,HKG,true
v0,measured,435,2026-10-09T07:45:28.181Z,285.364,285.266,200,4,absent,NRT,true
v1,measured,438,2026-10-09T07:45:28.482Z,49.167,49.053,200,6284,HIT,HKG,true
v0,measured,436,2026-10-09T07:45:28.281Z,299.390,299.284,200,4,absent,KIX,true
v0,measured,437,2026-10-09T07:45:28.385Z,232.274,232.161,200,4,absent,HKG,true
v1,measured,439,2026-10-09T07:45:28.580Z,47.185,47.082,200,6284,HIT,HKG,true
v1,measured,440,2026-10-09T07:45:28.680Z,49.706,49.562,200,6284,HIT,HKG,true
v0,measured,438,2026-10-09T07:45:28.482Z,288.021,287.906,200,4,absent,NRT,true
v1,measured,441,2026-10-09T07:45:28.783Z,52.715,52.587,200,6284,HIT,HKG,true
v0,measured,439,2026-10-09T07:45:28.581Z,305.508,305.408,200,4,absent,KIX,true
v1,measured,442,2026-10-09T07:45:28.883Z,49.603,49.278,200,6284,HIT,HKG,true
v0,measured,440,2026-10-09T07:45:28.680Z,310.821,310.732,200,4,absent,KIX,true
v1,measured,443,2026-10-09T07:45:28.983Z,50.475,50.379,200,6284,HIT,HKG,true
v0,measured,441,2026-10-09T07:45:28.783Z,305.560,305.430,200,4,absent,NRT,true
v0,measured,442,2026-10-09T07:45:28.882Z,221.101,220.924,200,4,absent,HKG,true
v1,measured,444,2026-10-09T07:45:29.082Z,53.488,53.392,200,6284,HIT,HKG,true
v1,measured,445,2026-10-09T07:45:29.180Z,47.240,47.130,200,6284,HIT,HKG,true
v0,measured,443,2026-10-09T07:45:28.984Z,300.053,299.869,200,4,absent,KIX,true
v1,measured,446,2026-10-09T07:45:29.282Z,46.901,46.781,200,6284,HIT,HKG,true
v0,measured,444,2026-10-09T07:45:29.081Z,314.243,314.127,200,4,absent,KIX,true
v1,measured,447,2026-10-09T07:45:29.382Z,46.823,46.724,200,6284,HIT,HKG,true
v0,measured,445,2026-10-09T07:45:29.181Z,293.511,293.406,200,4,absent,NRT,true
v0,measured,446,2026-10-09T07:45:29.281Z,216.474,216.383,200,4,absent,HKG,true
v1,measured,448,2026-10-09T07:45:29.481Z,47.471,47.340,200,6284,HIT,HKG,true
v1,measured,449,2026-10-09T07:45:29.582Z,49.136,49.034,200,6284,HIT,HKG,true
v0,measured,447,2026-10-09T07:45:29.382Z,315.900,315.800,200,4,absent,KIX,true
v1,measured,450,2026-10-09T07:45:29.682Z,47.069,46.953,200,6284,HIT,HKG,true
v0,measured,448,2026-10-09T07:45:29.481Z,294.922,294.849,200,4,absent,NRT,true
v1,measured,451,2026-10-09T07:45:29.780Z,51.575,51.475,200,6284,HIT,HKG,true
v0,measured,449,2026-10-09T07:45:29.583Z,308.181,308.093,200,4,absent,KIX,true
v0,measured,450,2026-10-09T07:45:29.681Z,219.818,219.722,200,4,absent,HKG,true
v1,measured,452,2026-10-09T07:45:29.883Z,49.250,49.128,200,6284,HIT,HKG,true
v1,measured,453,2026-10-09T07:45:29.980Z,46.209,46.056,200,6284,HIT,HKG,true
v0,measured,451,2026-10-09T07:45:29.780Z,306.571,306.468,200,4,absent,NRT,true
v1,measured,454,2026-10-09T07:45:30.083Z,46.607,46.519,200,6284,HIT,HKG,true
v0,measured,452,2026-10-09T07:45:29.883Z,311.783,311.674,200,4,absent,KIX,true
v1,measured,455,2026-10-09T07:45:30.182Z,49.521,49.393,200,6284,HIT,HKG,true
v0,measured,453,2026-10-09T07:45:29.980Z,312.572,312.383,200,4,absent,KIX,true
v0,measured,454,2026-10-09T07:45:30.082Z,212.661,212.488,200,4,absent,HKG,true
v1,measured,456,2026-10-09T07:45:30.283Z,50.013,49.873,200,6284,HIT,HKG,true
v1,measured,457,2026-10-09T07:45:30.381Z,55.814,55.661,200,6284,HIT,HKG,true
v0,measured,455,2026-10-09T07:45:30.183Z,289.690,289.472,200,4,absent,NRT,true
v1,measured,458,2026-10-09T07:45:30.485Z,48.937,48.747,200,6284,HIT,HKG,true
v0,measured,456,2026-10-09T07:45:30.282Z,312.736,312.569,200,4,absent,KIX,true
v1,measured,459,2026-10-09T07:45:30.582Z,46.446,46.332,200,6284,HIT,HKG,true
v0,measured,457,2026-10-09T07:45:30.381Z,312.705,312.586,200,4,absent,KIX,true
v1,measured,460,2026-10-09T07:45:30.682Z,48.640,47.104,200,6284,HIT,HKG,true
v0,measured,458,2026-10-09T07:45:30.484Z,301.969,301.877,200,4,absent,NRT,true
v0,measured,459,2026-10-09T07:45:30.582Z,217.115,216.976,200,4,absent,HKG,true
v1,measured,461,2026-10-09T07:45:30.781Z,47.530,47.414,200,6284,HIT,HKG,true
v1,measured,462,2026-10-09T07:45:30.883Z,50.053,49.861,200,6284,HIT,HKG,true
v0,measured,460,2026-10-09T07:45:30.681Z,310.997,310.772,200,4,absent,KIX,true
v1,measured,463,2026-10-09T07:45:30.982Z,51.396,51.159,200,6284,HIT,HKG,true
v0,measured,461,2026-10-09T07:45:30.781Z,311.394,311.281,200,4,absent,KIX,true
v1,measured,464,2026-10-09T07:45:31.081Z,47.021,46.905,200,6284,HIT,HKG,true
v0,measured,462,2026-10-09T07:45:30.882Z,301.837,301.638,200,4,absent,NRT,true
v0,measured,463,2026-10-09T07:45:30.982Z,224.191,224.031,200,4,absent,HKG,true
v1,measured,465,2026-10-09T07:45:31.181Z,46.993,46.878,200,6284,HIT,HKG,true
v1,measured,466,2026-10-09T07:45:31.282Z,46.600,46.538,200,6284,HIT,HKG,true
v0,measured,464,2026-10-09T07:45:31.080Z,311.300,311.214,200,4,absent,KIX,true
v1,measured,467,2026-10-09T07:45:31.382Z,48.041,47.394,200,6284,HIT,HKG,true
v0,measured,465,2026-10-09T07:45:31.181Z,297.002,296.891,200,4,absent,KIX,true
v1,measured,468,2026-10-09T07:45:31.481Z,53.343,51.928,200,6284,HIT,HKG,true
v0,measured,466,2026-10-09T07:45:31.281Z,287.752,287.647,200,4,absent,NRT,true
v0,measured,467,2026-10-09T07:45:31.382Z,213.414,213.314,200,4,absent,HKG,true
v1,measured,469,2026-10-09T07:45:31.581Z,55.595,55.450,200,6284,HIT,HKG,true
v1,measured,470,2026-10-09T07:45:31.682Z,48.320,48.194,200,6284,HIT,HKG,true
v0,measured,468,2026-10-09T07:45:31.480Z,309.210,309.117,200,4,absent,KIX,true
v1,measured,471,2026-10-09T07:45:31.780Z,52.150,51.790,200,6284,HIT,HKG,true
v0,measured,469,2026-10-09T07:45:31.581Z,287.270,287.171,200,4,absent,NRT,true
v1,measured,472,2026-10-09T07:45:31.880Z,49.715,49.617,200,6284,UPDATING,HKG,true
v0,measured,470,2026-10-09T07:45:31.681Z,309.998,309.903,200,4,absent,KIX,true
v0,measured,471,2026-10-09T07:45:31.781Z,221.338,221.177,200,4,absent,HKG,true
v1,measured,473,2026-10-09T07:45:31.981Z,48.192,48.070,200,6284,UPDATING,HKG,true
v1,measured,474,2026-10-09T07:45:32.083Z,54.298,54.199,200,6284,HIT,HKG,true
v0,measured,472,2026-10-09T07:45:31.880Z,293.370,293.282,200,4,absent,NRT,true
v1,measured,475,2026-10-09T07:45:32.180Z,52.782,52.454,200,6284,HIT,HKG,true
v0,measured,473,2026-10-09T07:45:31.982Z,321.341,321.211,200,4,absent,KIX,true
v1,measured,476,2026-10-09T07:45:32.282Z,48.797,48.662,200,6284,HIT,HKG,true
v0,measured,474,2026-10-09T07:45:32.082Z,313.420,313.287,200,4,absent,KIX,true
v1,measured,477,2026-10-09T07:45:32.382Z,50.941,50.845,200,6284,HIT,HKG,true
v0,measured,475,2026-10-09T07:45:32.181Z,295.245,295.141,200,4,absent,NRT,true
v0,measured,476,2026-10-09T07:45:32.281Z,228.417,228.303,200,4,absent,HKG,true
v1,measured,478,2026-10-09T07:45:32.482Z,50.063,49.933,200,6284,HIT,HKG,true
v1,measured,479,2026-10-09T07:45:32.580Z,49.270,49.131,200,6284,HIT,HKG,true
v0,measured,477,2026-10-09T07:45:32.383Z,300.963,300.828,200,4,absent,KIX,true
v1,measured,480,2026-10-09T07:45:32.681Z,53.091,52.503,200,6284,HIT,HKG,true
v0,measured,478,2026-10-09T07:45:32.481Z,288.893,288.770,200,4,absent,NRT,true
v1,measured,481,2026-10-09T07:45:32.782Z,49.744,49.575,200,6284,HIT,HKG,true
v0,measured,479,2026-10-09T07:45:32.581Z,297.999,297.884,200,4,absent,KIX,true
v0,measured,480,2026-10-09T07:45:32.681Z,211.550,211.451,200,4,absent,HKG,true
v1,measured,482,2026-10-09T07:45:32.879Z,53.387,53.242,200,6284,HIT,HKG,true
v1,measured,483,2026-10-09T07:45:32.982Z,50.083,49.888,200,6284,HIT,HKG,true
v0,measured,481,2026-10-09T07:45:32.782Z,288.528,288.198,200,4,absent,NRT,true
v1,measured,484,2026-10-09T07:45:33.081Z,50.925,50.664,200,6284,HIT,HKG,true
v0,measured,482,2026-10-09T07:45:32.879Z,310.198,310.046,200,4,absent,KIX,true
v1,measured,485,2026-10-09T07:45:33.181Z,47.536,47.407,200,6284,HIT,HKG,true
v0,measured,483,2026-10-09T07:45:32.983Z,298.079,297.948,200,4,absent,KIX,true
v1,measured,486,2026-10-09T07:45:33.282Z,48.861,48.757,200,6284,HIT,HKG,true
v0,measured,484,2026-10-09T07:45:33.081Z,280.376,280.286,200,4,absent,NRT,true
v0,measured,485,2026-10-09T07:45:33.181Z,208.975,208.879,200,4,absent,HKG,true
v1,measured,487,2026-10-09T07:45:33.381Z,50.317,50.203,200,6284,HIT,HKG,true
v1,measured,488,2026-10-09T07:45:33.483Z,49.231,49.037,200,6284,HIT,HKG,true
v0,measured,486,2026-10-09T07:45:33.281Z,308.879,308.776,200,4,absent,KIX,true
v1,measured,489,2026-10-09T07:45:33.582Z,52.543,52.417,200,6284,HIT,HKG,true
v0,measured,487,2026-10-09T07:45:33.381Z,298.922,298.800,200,4,absent,NRT,true
v1,measured,490,2026-10-09T07:45:33.681Z,47.069,46.970,200,6284,HIT,HKG,true
v0,measured,488,2026-10-09T07:45:33.482Z,300.308,300.160,200,4,absent,KIX,true
v0,measured,489,2026-10-09T07:45:33.582Z,232.919,232.860,200,4,absent,HKG,true
v1,measured,491,2026-10-09T07:45:33.781Z,48.495,48.321,200,6284,HIT,HKG,true
v1,measured,492,2026-10-09T07:45:33.882Z,50.223,49.999,200,6284,HIT,HKG,true
v0,measured,490,2026-10-09T07:45:33.680Z,293.848,293.669,200,4,absent,NRT,true
v1,measured,493,2026-10-09T07:45:33.982Z,48.231,48.076,200,6284,HIT,HKG,true
v0,measured,491,2026-10-09T07:45:33.781Z,319.845,319.526,200,4,absent,KIX,true
v1,measured,494,2026-10-09T07:45:34.082Z,49.550,49.402,200,6284,HIT,HKG,true
v0,measured,492,2026-10-09T07:45:33.882Z,310.151,309.978,200,4,absent,KIX,true
v1,measured,495,2026-10-09T07:45:34.182Z,49.074,48.964,200,6284,HIT,HKG,true
v0,measured,493,2026-10-09T07:45:33.982Z,295.369,295.101,200,4,absent,NRT,true
v0,measured,494,2026-10-09T07:45:34.082Z,221.590,221.473,200,4,absent,HKG,true
v1,measured,496,2026-10-09T07:45:34.282Z,50.704,50.478,200,6284,HIT,HKG,true
v1,measured,497,2026-10-09T07:45:34.383Z,47.774,47.521,200,6284,HIT,HKG,true
v0,measured,495,2026-10-09T07:45:34.182Z,299.848,299.747,200,4,absent,KIX,true
v1,measured,498,2026-10-09T07:45:34.481Z,47.316,47.182,200,6284,HIT,HKG,true
v0,measured,496,2026-10-09T07:45:34.281Z,289.373,289.274,200,4,absent,NRT,true
v1,measured,499,2026-10-09T07:45:34.582Z,52.942,52.842,200,6284,HIT,HKG,true
v0,measured,498,2026-10-09T07:45:34.481Z,210.311,210.198,200,4,absent,HKG,true
v0,measured,497,2026-10-09T07:45:34.384Z,309.908,309.799,200,4,absent,KIX,true
v1,measured,500,2026-10-09T07:45:34.683Z,47.574,47.458,200,6284,HIT,HKG,true
v1,measured,501,2026-10-09T07:45:34.781Z,48.083,47.982,200,6284,HIT,HKG,true
v0,measured,499,2026-10-09T07:45:34.582Z,298.734,298.568,200,4,absent,NRT,true
v1,measured,502,2026-10-09T07:45:34.881Z,48.987,48.859,200,6284,HIT,HKG,true
v0,measured,500,2026-10-09T07:45:34.683Z,310.824,310.629,200,4,absent,KIX,true
v1,measured,503,2026-10-09T07:45:34.981Z,48.432,48.312,200,6284,HIT,HKG,true
v0,measured,501,2026-10-09T07:45:34.781Z,302.276,302.125,200,4,absent,KIX,true
v1,measured,504,2026-10-09T07:45:35.081Z,49.853,49.664,200,6284,HIT,HKG,true
v0,measured,502,2026-10-09T07:45:34.881Z,297.526,297.431,200,4,absent,NRT,true
v0,measured,503,2026-10-09T07:45:34.981Z,216.280,216.154,200,4,absent,HKG,true
v1,measured,505,2026-10-09T07:45:35.180Z,54.102,53.825,200,6284,HIT,HKG,true
v1,measured,506,2026-10-09T07:45:35.282Z,50.382,50.229,200,6284,HIT,HKG,true
v0,measured,504,2026-10-09T07:45:35.081Z,311.418,311.323,200,4,absent,KIX,true
v1,measured,507,2026-10-09T07:45:35.383Z,48.646,48.516,200,6284,HIT,HKG,true
v0,measured,505,2026-10-09T07:45:35.180Z,299.031,298.925,200,4,absent,NRT,true
v1,measured,508,2026-10-09T07:45:35.481Z,47.247,47.125,200,6284,HIT,HKG,true
v0,measured,506,2026-10-09T07:45:35.282Z,310.867,310.703,200,4,absent,KIX,true
v0,measured,507,2026-10-09T07:45:35.384Z,210.102,209.967,200,4,absent,HKG,true
v1,measured,509,2026-10-09T07:45:35.582Z,49.290,49.164,200,6284,HIT,HKG,true
v1,measured,510,2026-10-09T07:45:35.682Z,52.324,52.213,200,6284,HIT,HKG,true
v0,measured,508,2026-10-09T07:45:35.481Z,275.543,275.449,200,4,absent,NRT,true
v1,measured,511,2026-10-09T07:45:35.781Z,51.399,51.292,200,6284,HIT,HKG,true
v0,measured,509,2026-10-09T07:45:35.583Z,308.335,308.219,200,4,absent,KIX,true
v1,measured,512,2026-10-09T07:45:35.883Z,53.282,53.162,200,6284,HIT,HKG,true
v0,measured,510,2026-10-09T07:45:35.682Z,300.666,300.484,200,4,absent,KIX,true
v1,measured,513,2026-10-09T07:45:35.982Z,50.060,49.910,200,6284,HIT,HKG,true
v0,measured,511,2026-10-09T07:45:35.783Z,305.311,305.202,200,4,absent,NRT,true
v0,measured,512,2026-10-09T07:45:35.882Z,210.099,209.901,200,4,absent,HKG,true
v1,measured,514,2026-10-09T07:45:36.083Z,47.174,46.857,200,6284,HIT,HKG,true
v1,measured,515,2026-10-09T07:45:36.180Z,47.690,47.580,200,6284,HIT,HKG,true
v0,measured,513,2026-10-09T07:45:35.982Z,301.370,301.269,200,4,absent,KIX,true
v1,measured,516,2026-10-09T07:45:36.280Z,48.590,48.467,200,6284,HIT,HKG,true
v0,measured,514,2026-10-09T07:45:36.083Z,314.975,314.881,200,4,absent,KIX,true
v1,measured,517,2026-10-09T07:45:36.382Z,51.338,51.054,200,6284,HIT,HKG,true
v0,measured,515,2026-10-09T07:45:36.181Z,292.529,292.282,200,4,absent,NRT,true
v0,measured,516,2026-10-09T07:45:36.280Z,221.646,221.540,200,4,absent,HKG,true
v1,measured,518,2026-10-09T07:45:36.482Z,46.954,46.846,200,6284,HIT,HKG,true
v1,measured,519,2026-10-09T07:45:36.582Z,45.631,45.508,200,6284,HIT,HKG,true
v1,measured,520,2026-10-09T07:45:36.682Z,47.452,47.335,200,6284,HIT,HKG,true
v0,measured,517,2026-10-09T07:45:36.382Z,371.436,371.292,200,4,absent,KIX,true
v0,measured,518,2026-10-09T07:45:36.481Z,351.547,351.401,200,4,absent,NRT,true
v1,measured,521,2026-10-09T07:45:36.783Z,50.543,50.255,200,6284,HIT,HKG,true
v0,measured,520,2026-10-09T07:45:36.682Z,213.248,213.151,200,4,absent,HKG,true
v0,measured,519,2026-10-09T07:45:36.582Z,346.698,346.597,200,4,absent,KIX,true
v1,measured,522,2026-10-09T07:45:36.883Z,46.654,46.568,200,6284,HIT,HKG,true
v1,measured,523,2026-10-09T07:45:36.982Z,48.215,48.096,200,6284,HIT,HKG,true
v0,measured,521,2026-10-09T07:45:36.783Z,314.829,314.722,200,4,absent,KIX,true
v1,measured,524,2026-10-09T07:45:37.080Z,48.227,48.097,200,6284,UPDATING,HKG,true
v0,measured,522,2026-10-09T07:45:36.882Z,278.316,278.213,200,4,absent,NRT,true
v1,measured,525,2026-10-09T07:45:37.180Z,48.614,48.500,200,6284,UPDATING,HKG,true
v0,measured,524,2026-10-09T07:45:37.080Z,207.260,207.161,200,4,absent,HKG,true
v0,measured,523,2026-10-09T07:45:36.983Z,314.499,313.915,200,4,absent,KIX,true
v1,measured,526,2026-10-09T07:45:37.282Z,51.368,50.336,200,6284,HIT,HKG,true
v1,measured,527,2026-10-09T07:45:37.381Z,49.821,49.687,200,6284,HIT,HKG,true
v0,measured,525,2026-10-09T07:45:37.180Z,303.963,303.766,200,4,absent,NRT,true
v1,measured,528,2026-10-09T07:45:37.482Z,52.809,52.615,200,6284,HIT,HKG,true
v0,measured,526,2026-10-09T07:45:37.281Z,308.753,308.637,200,4,absent,KIX,true
v1,measured,529,2026-10-09T07:45:37.581Z,50.683,50.534,200,6284,HIT,HKG,true
v0,measured,528,2026-10-09T07:45:37.481Z,208.771,208.659,200,4,absent,HKG,true
v0,measured,527,2026-10-09T07:45:37.381Z,310.410,310.259,200,4,absent,KIX,true
v1,measured,530,2026-10-09T07:45:37.682Z,51.786,51.637,200,6284,HIT,HKG,true
v1,measured,531,2026-10-09T07:45:37.781Z,55.561,55.430,200,6284,HIT,HKG,true
v0,measured,529,2026-10-09T07:45:37.582Z,306.033,305.926,200,4,absent,NRT,true
v1,measured,532,2026-10-09T07:45:37.882Z,50.303,50.178,200,6284,HIT,HKG,true
v0,measured,530,2026-10-09T07:45:37.681Z,289.471,289.394,200,4,absent,KIX,true
v1,measured,533,2026-10-09T07:45:37.979Z,48.619,47.391,200,6284,HIT,HKG,true
v0,measured,531,2026-10-09T07:45:37.781Z,311.998,311.932,200,4,absent,KIX,true
v0,measured,532,2026-10-09T07:45:37.882Z,219.204,219.151,200,4,absent,HKG,true
v1,measured,534,2026-10-09T07:45:38.081Z,52.267,52.197,200,6284,HIT,HKG,true
v1,measured,535,2026-10-09T07:45:38.182Z,46.561,46.195,200,6284,HIT,HKG,true
v0,measured,533,2026-10-09T07:45:37.979Z,283.298,283.158,200,4,absent,NRT,true
v1,measured,536,2026-10-09T07:45:38.282Z,51.681,51.266,200,6284,HIT,HKG,true
v0,measured,534,2026-10-09T07:45:38.081Z,286.469,286.355,200,4,absent,KIX,true
v1,measured,537,2026-10-09T07:45:38.381Z,50.634,50.517,200,6284,HIT,HKG,true
v0,measured,535,2026-10-09T07:45:38.183Z,313.035,312.933,200,4,absent,KIX,true
v1,measured,538,2026-10-09T07:45:38.483Z,51.449,50.414,200,6284,HIT,HKG,true
v0,measured,536,2026-10-09T07:45:38.282Z,269.551,269.410,200,4,absent,NRT,true
v1,measured,539,2026-10-09T07:45:38.582Z,52.606,52.426,200,6284,HIT,HKG,true
v0,measured,537,2026-10-09T07:45:38.381Z,301.279,301.171,200,4,absent,KIX,true
v0,measured,538,2026-10-09T07:45:38.483Z,216.697,216.585,200,4,absent,HKG,true
v1,measured,540,2026-10-09T07:45:38.682Z,49.600,49.436,200,6284,HIT,HKG,true
v1,measured,541,2026-10-09T07:45:38.781Z,53.403,53.286,200,6284,HIT,HKG,true
v0,measured,539,2026-10-09T07:45:38.582Z,295.790,295.677,200,4,absent,NRT,true
v1,measured,542,2026-10-09T07:45:38.880Z,49.686,49.554,200,6284,HIT,HKG,true
v0,measured,540,2026-10-09T07:45:38.681Z,311.952,311.812,200,4,absent,KIX,true
v1,measured,543,2026-10-09T07:45:38.981Z,51.304,51.164,200,6284,HIT,HKG,true
v0,measured,541,2026-10-09T07:45:38.782Z,303.967,303.815,200,4,absent,KIX,true
v1,measured,544,2026-10-09T07:45:39.083Z,55.177,54.980,200,6284,HIT,HKG,true
v0,measured,542,2026-10-09T07:45:38.879Z,282.890,282.717,200,4,absent,NRT,true
v0,measured,543,2026-10-09T07:45:38.981Z,210.906,210.713,200,4,absent,HKG,true
v1,measured,545,2026-10-09T07:45:39.181Z,49.668,49.523,200,6284,HIT,HKG,true
v1,measured,546,2026-10-09T07:45:39.282Z,48.758,48.643,200,6284,HIT,HKG,true
v0,measured,544,2026-10-09T07:45:39.082Z,313.034,312.781,200,4,absent,KIX,true
v1,measured,547,2026-10-09T07:45:39.381Z,51.837,50.614,200,6284,HIT,HKG,true
v0,measured,545,2026-10-09T07:45:39.182Z,277.973,277.860,200,4,absent,NRT,true
v1,measured,548,2026-10-09T07:45:39.481Z,50.748,50.633,200,6284,HIT,HKG,true
v0,measured,546,2026-10-09T07:45:39.282Z,300.005,299.896,200,4,absent,KIX,true
v0,measured,547,2026-10-09T07:45:39.382Z,221.707,221.525,200,4,absent,HKG,true
v1,measured,549,2026-10-09T07:45:39.581Z,49.067,48.951,200,6284,HIT,HKG,true
v1,measured,550,2026-10-09T07:45:39.680Z,48.180,48.067,200,6284,HIT,HKG,true
v0,measured,548,2026-10-09T07:45:39.481Z,306.522,306.420,200,4,absent,NRT,true
v1,measured,551,2026-10-09T07:45:39.779Z,47.832,47.723,200,6284,HIT,HKG,true
v0,measured,549,2026-10-09T07:45:39.581Z,313.793,313.696,200,4,absent,KIX,true
v1,measured,552,2026-10-09T07:45:39.880Z,46.986,46.864,200,6284,HIT,HKG,true
v0,measured,550,2026-10-09T07:45:39.680Z,300.650,300.550,200,4,absent,KIX,true
v0,measured,551,2026-10-09T07:45:39.779Z,216.806,216.692,200,4,absent,HKG,true
v1,measured,553,2026-10-09T07:45:39.980Z,48.119,46.825,200,6284,HIT,HKG,true
v1,measured,554,2026-10-09T07:45:40.082Z,48.383,48.257,200,6284,HIT,HKG,true
v0,measured,552,2026-10-09T07:45:39.880Z,311.983,311.832,200,4,absent,NRT,true
v1,measured,555,2026-10-09T07:45:40.181Z,50.826,50.719,200,6284,HIT,HKG,true
v0,measured,553,2026-10-09T07:45:39.980Z,297.768,297.677,200,4,absent,KIX,true
v1,measured,556,2026-10-09T07:45:40.280Z,48.228,48.116,200,6284,HIT,HKG,true
v0,measured,554,2026-10-09T07:45:40.082Z,308.821,308.732,200,4,absent,KIX,true
v0,measured,555,2026-10-09T07:45:40.181Z,230.433,230.342,200,4,absent,HKG,true
v1,measured,557,2026-10-09T07:45:40.382Z,49.327,49.209,200,6284,HIT,HKG,true
v1,measured,558,2026-10-09T07:45:40.485Z,49.614,49.299,200,6284,HIT,HKG,true
v0,measured,556,2026-10-09T07:45:40.279Z,290.281,290.164,200,4,absent,NRT,true
v1,measured,559,2026-10-09T07:45:40.581Z,47.973,47.870,200,6284,HIT,HKG,true
v0,measured,557,2026-10-09T07:45:40.382Z,309.907,309.794,200,4,absent,KIX,true
v1,measured,560,2026-10-09T07:45:40.680Z,48.664,48.533,200,6284,HIT,HKG,true
v0,measured,558,2026-10-09T07:45:40.482Z,304.649,304.491,200,4,absent,KIX,true
v1,measured,561,2026-10-09T07:45:40.781Z,47.294,46.309,200,6284,HIT,HKG,true
v0,measured,559,2026-10-09T07:45:40.581Z,289.844,289.734,200,4,absent,NRT,true
v0,measured,560,2026-10-09T07:45:40.679Z,219.600,219.448,200,4,absent,HKG,true
v1,measured,562,2026-10-09T07:45:40.881Z,51.559,51.439,200,6284,HIT,HKG,true
v1,measured,563,2026-10-09T07:45:40.981Z,55.022,54.857,200,6284,HIT,HKG,true
v0,measured,561,2026-10-09T07:45:40.782Z,313.014,312.811,200,4,absent,KIX,true
v1,measured,564,2026-10-09T07:45:41.082Z,48.152,48.025,200,6284,HIT,HKG,true
v0,measured,562,2026-10-09T07:45:40.880Z,306.695,306.552,200,4,absent,NRT,true
v1,measured,565,2026-10-09T07:45:41.181Z,46.785,46.610,200,6284,HIT,HKG,true
v0,measured,563,2026-10-09T07:45:40.982Z,309.677,309.568,200,4,absent,KIX,true
v0,measured,564,2026-10-09T07:45:41.081Z,213.301,213.188,200,4,absent,HKG,true
v1,measured,566,2026-10-09T07:45:41.281Z,47.654,47.409,200,6284,HIT,HKG,true
v1,measured,567,2026-10-09T07:45:41.383Z,47.304,47.155,200,6284,HIT,HKG,true
v0,measured,565,2026-10-09T07:45:41.182Z,312.228,311.973,200,4,absent,KIX,true
v1,measured,568,2026-10-09T07:45:41.481Z,55.925,55.805,200,6284,HIT,HKG,true
v0,measured,566,2026-10-09T07:45:41.281Z,295.810,295.696,200,4,absent,NRT,true
v1,measured,569,2026-10-09T07:45:41.580Z,47.736,47.616,200,6284,HIT,HKG,true
v0,measured,567,2026-10-09T07:45:41.383Z,298.343,298.219,200,4,absent,KIX,true
v0,measured,568,2026-10-09T07:45:41.481Z,217.003,216.913,200,4,absent,HKG,true
v1,measured,570,2026-10-09T07:45:41.679Z,46.604,46.464,200,6284,HIT,HKG,true
v1,measured,571,2026-10-09T07:45:41.780Z,46.681,46.566,200,6284,HIT,HKG,true
v0,measured,569,2026-10-09T07:45:41.580Z,278.652,278.547,200,4,absent,NRT,true
v1,measured,572,2026-10-09T07:45:41.881Z,46.780,46.665,200,6284,HIT,HKG,true
v0,measured,570,2026-10-09T07:45:41.679Z,297.888,297.735,200,4,absent,KIX,true
v1,measured,573,2026-10-09T07:45:41.981Z,46.050,45.976,200,6284,HIT,HKG,true
v0,measured,571,2026-10-09T07:45:41.780Z,318.361,318.154,200,4,absent,KIX,true
v1,measured,574,2026-10-09T07:45:42.081Z,47.887,47.720,200,6284,HIT,HKG,true
v0,measured,572,2026-10-09T07:45:41.881Z,291.760,291.672,200,4,absent,NRT,true
v1,measured,575,2026-10-09T07:45:42.182Z,47.117,47.007,200,6284,HIT,HKG,true
v0,measured,573,2026-10-09T07:45:41.981Z,300.336,300.250,200,4,absent,KIX,true
v0,measured,574,2026-10-09T07:45:42.081Z,220.208,220.122,200,4,absent,HKG,true
v1,measured,576,2026-10-09T07:45:42.282Z,48.048,47.934,200,6284,UPDATING,HKG,true
v1,measured,577,2026-10-09T07:45:42.382Z,46.081,45.929,200,6284,UPDATING,HKG,true
v0,measured,575,2026-10-09T07:45:42.182Z,311.262,311.146,200,4,absent,NRT,true
v1,measured,578,2026-10-09T07:45:42.481Z,46.917,46.818,200,6284,HIT,HKG,true
v0,measured,576,2026-10-09T07:45:42.281Z,308.594,308.498,200,4,absent,KIX,true
v1,measured,579,2026-10-09T07:45:42.580Z,46.940,46.836,200,6284,HIT,HKG,true
v0,measured,577,2026-10-09T07:45:42.382Z,289.559,289.456,200,4,absent,KIX,true
v0,measured,578,2026-10-09T07:45:42.481Z,209.162,209.080,200,4,absent,HKG,true
v1,measured,580,2026-10-09T07:45:42.681Z,47.147,47.037,200,6284,HIT,HKG,true
v1,measured,581,2026-10-09T07:45:42.782Z,49.141,48.977,200,6284,HIT,HKG,true
v0,measured,579,2026-10-09T07:45:42.581Z,290.121,289.917,200,4,absent,NRT,true
v1,measured,582,2026-10-09T07:45:42.880Z,48.363,48.230,200,6284,HIT,HKG,true
v1,measured,583,2026-10-09T07:45:42.981Z,49.566,49.452,200,6284,HIT,HKG,true
v0,measured,580,2026-10-09T07:45:42.681Z,404.847,404.730,200,4,absent,KIX,true
v1,measured,584,2026-10-09T07:45:43.084Z,47.592,47.442,200,6284,HIT,HKG,true
v0,measured,582,2026-10-09T07:45:42.879Z,294.408,294.322,200,4,absent,NRT,true
v0,measured,581,2026-10-09T07:45:42.782Z,400.959,400.850,200,4,absent,KIX,true
v0,measured,583,2026-10-09T07:45:42.982Z,222.725,222.618,200,4,absent,HKG,true
v1,measured,585,2026-10-09T07:45:43.180Z,49.109,48.998,200,6284,HIT,HKG,true
v1,measured,586,2026-10-09T07:45:43.281Z,52.221,52.108,200,6284,HIT,HKG,true
v0,measured,584,2026-10-09T07:45:43.081Z,280.807,280.652,200,4,absent,HKG,true
v1,measured,587,2026-10-09T07:45:43.382Z,48.699,48.581,200,6284,HIT,HKG,true
v0,measured,585,2026-10-09T07:45:43.181Z,299.552,299.465,200,4,absent,NRT,true
v1,measured,588,2026-10-09T07:45:43.480Z,58.529,58.371,200,6284,HIT,HKG,true
v0,measured,586,2026-10-09T07:45:43.281Z,287.817,287.727,200,4,absent,KIX,true
v1,measured,589,2026-10-09T07:45:43.581Z,47.536,47.348,200,6284,HIT,HKG,true
v0,measured,587,2026-10-09T07:45:43.382Z,312.647,312.533,200,4,absent,KIX,true
v1,measured,590,2026-10-09T07:45:43.680Z,53.714,53.604,200,6284,HIT,HKG,true
v0,measured,588,2026-10-09T07:45:43.480Z,284.777,284.669,200,4,absent,NRT,true
v1,measured,591,2026-10-09T07:45:43.781Z,50.821,50.707,200,6284,HIT,HKG,true
v0,measured,589,2026-10-09T07:45:43.581Z,312.739,312.369,200,4,absent,KIX,true
v0,measured,590,2026-10-09T07:45:43.680Z,215.161,215.075,200,4,absent,HKG,true
v1,measured,592,2026-10-09T07:45:43.881Z,49.667,49.547,200,6284,HIT,HKG,true
v1,measured,593,2026-10-09T07:45:43.980Z,54.464,54.310,200,6284,HIT,HKG,true
v0,measured,591,2026-10-09T07:45:43.781Z,279.460,279.371,200,4,absent,NRT,true
v1,measured,594,2026-10-09T07:45:44.081Z,49.972,49.836,200,6284,HIT,HKG,true
v0,measured,592,2026-10-09T07:45:43.881Z,311.670,311.577,200,4,absent,KIX,true
v1,measured,595,2026-10-09T07:45:44.180Z,48.246,48.140,200,6284,HIT,HKG,true
v0,measured,593,2026-10-09T07:45:43.981Z,309.191,309.098,200,4,absent,KIX,true
v1,measured,596,2026-10-09T07:45:44.280Z,48.657,48.553,200,6284,HIT,HKG,true
v0,measured,594,2026-10-09T07:45:44.081Z,289.252,289.159,200,4,absent,NRT,true
v0,measured,595,2026-10-09T07:45:44.180Z,211.028,210.939,200,4,absent,HKG,true
v1,measured,597,2026-10-09T07:45:44.380Z,48.825,48.724,200,6284,HIT,HKG,true
v1,measured,598,2026-10-09T07:45:44.482Z,50.651,50.529,200,6284,HIT,HKG,true
v0,measured,596,2026-10-09T07:45:44.280Z,303.135,303.030,200,4,absent,KIX,true
v1,measured,599,2026-10-09T07:45:44.580Z,46.942,46.837,200,6284,HIT,HKG,true
v0,measured,597,2026-10-09T07:45:44.380Z,302.708,302.627,200,4,absent,NRT,true
v1,measured,600,2026-10-09T07:45:44.682Z,47.588,46.904,200,6284,HIT,HKG,true
v0,measured,598,2026-10-09T07:45:44.482Z,304.044,303.934,200,4,absent,KIX,true
v0,measured,599,2026-10-09T07:45:44.580Z,206.412,206.334,200,4,absent,HKG,true
v1,measured,601,2026-10-09T07:45:44.780Z,48.398,48.280,200,6284,HIT,HKG,true
v1,measured,602,2026-10-09T07:45:44.882Z,49.547,49.442,200,6284,HIT,HKG,true
v0,measured,600,2026-10-09T07:45:44.682Z,308.583,308.502,200,4,absent,KIX,true
v1,measured,603,2026-10-09T07:45:44.982Z,46.708,46.593,200,6284,HIT,HKG,true
v0,measured,601,2026-10-09T07:45:44.780Z,305.486,305.374,200,4,absent,NRT,true
v1,measured,604,2026-10-09T07:45:45.082Z,47.446,47.338,200,6284,HIT,HKG,true
v0,measured,602,2026-10-09T07:45:44.882Z,314.604,314.388,200,4,absent,KIX,true
v0,measured,603,2026-10-09T07:45:44.982Z,233.193,233.086,200,4,absent,HKG,true
v1,measured,605,2026-10-09T07:45:45.182Z,46.504,46.418,200,6284,HIT,HKG,true
v1,measured,606,2026-10-09T07:45:45.280Z,55.383,55.208,200,6284,HIT,HKG,true
v0,measured,604,2026-10-09T07:45:45.082Z,317.748,317.657,200,4,absent,KIX,true
v1,measured,607,2026-10-09T07:45:45.382Z,47.786,47.696,200,6284,HIT,HKG,true
v0,measured,605,2026-10-09T07:45:45.182Z,295.558,295.406,200,4,absent,NRT,true
v1,measured,608,2026-10-09T07:45:45.481Z,52.807,52.709,200,6284,HIT,HKG,true
v0,measured,606,2026-10-09T07:45:45.280Z,288.758,288.630,200,4,absent,KIX,true
v0,measured,607,2026-10-09T07:45:45.382Z,218.466,218.343,200,4,absent,HKG,true
v1,measured,609,2026-10-09T07:45:45.582Z,55.513,55.400,200,6284,HIT,HKG,true
v1,measured,610,2026-10-09T07:45:45.682Z,49.470,49.364,200,6284,HIT,HKG,true
v0,measured,608,2026-10-09T07:45:45.481Z,301.340,301.249,200,4,absent,NRT,true
v1,measured,611,2026-10-09T07:45:45.782Z,47.108,47.007,200,6284,HIT,HKG,true
v0,measured,609,2026-10-09T07:45:45.582Z,311.288,311.176,200,4,absent,KIX,true
v1,measured,612,2026-10-09T07:45:45.880Z,53.192,53.093,200,6284,HIT,HKG,true
v0,measured,610,2026-10-09T07:45:45.682Z,296.345,296.184,200,4,absent,KIX,true
v1,measured,613,2026-10-09T07:45:45.981Z,52.119,51.903,200,6284,HIT,HKG,true
v0,measured,611,2026-10-09T07:45:45.782Z,318.141,318.070,200,4,absent,NRT,true
v0,measured,612,2026-10-09T07:45:45.879Z,228.596,228.526,200,4,absent,HKG,true
v1,measured,614,2026-10-09T07:45:46.080Z,47.723,47.614,200,6284,HIT,HKG,true
v1,measured,615,2026-10-09T07:45:46.180Z,46.514,46.364,200,6284,HIT,HKG,true
v0,measured,613,2026-10-09T07:45:45.981Z,312.491,312.390,200,4,absent,KIX,true
v1,measured,616,2026-10-09T07:45:46.281Z,47.115,46.999,200,6284,HIT,HKG,true
v0,measured,614,2026-10-09T07:45:46.080Z,310.319,310.196,200,4,absent,KIX,true
v1,measured,617,2026-10-09T07:45:46.382Z,48.372,48.248,200,6284,HIT,HKG,true
v0,measured,615,2026-10-09T07:45:46.181Z,301.973,301.876,200,4,absent,NRT,true
v0,measured,616,2026-10-09T07:45:46.280Z,212.919,212.834,200,4,absent,HKG,true
v1,measured,618,2026-10-09T07:45:46.482Z,47.936,47.832,200,6284,HIT,HKG,true
v1,measured,619,2026-10-09T07:45:46.582Z,46.431,46.318,200,6284,HIT,HKG,true
v0,measured,617,2026-10-09T07:45:46.382Z,298.102,298.020,200,4,absent,KIX,true
v1,measured,620,2026-10-09T07:45:46.681Z,50.842,50.746,200,6284,HIT,HKG,true
v0,measured,618,2026-10-09T07:45:46.481Z,309.610,309.554,200,4,absent,KIX,true
v1,measured,621,2026-10-09T07:45:46.782Z,48.392,48.334,200,6284,HIT,HKG,true
v0,measured,619,2026-10-09T07:45:46.582Z,299.131,299.027,200,4,absent,NRT,true
v1,measured,622,2026-10-09T07:45:46.882Z,46.802,46.604,200,6284,HIT,HKG,true
v0,measured,620,2026-10-09T07:45:46.680Z,309.721,309.664,200,4,absent,KIX,true
v0,measured,621,2026-10-09T07:45:46.783Z,207.746,207.705,200,4,absent,HKG,true
v1,measured,623,2026-10-09T07:45:46.980Z,46.896,46.821,200,6284,HIT,HKG,true
v1,measured,624,2026-10-09T07:45:47.081Z,54.564,54.444,200,6284,HIT,HKG,true
v0,measured,622,2026-10-09T07:45:46.881Z,287.678,287.590,200,4,absent,NRT,true
v1,measured,625,2026-10-09T07:45:47.179Z,50.165,50.062,200,6284,HIT,HKG,true
v0,measured,623,2026-10-09T07:45:46.980Z,312.754,312.675,200,4,absent,KIX,true
v1,measured,626,2026-10-09T07:45:47.281Z,56.213,56.128,200,6284,HIT,HKG,true
v0,measured,624,2026-10-09T07:45:47.081Z,312.505,312.120,200,4,absent,KIX,true
v1,measured,627,2026-10-09T07:45:47.381Z,51.435,51.330,200,6284,HIT,HKG,true
v0,measured,625,2026-10-09T07:45:47.180Z,277.301,277.212,200,4,absent,NRT,true
v0,measured,626,2026-10-09T07:45:47.281Z,226.409,226.301,200,4,absent,HKG,true
v1,measured,628,2026-10-09T07:45:47.481Z,47.808,47.702,200,6284,UPDATING,HKG,true
v1,measured,629,2026-10-09T07:45:47.582Z,46.548,46.455,200,6284,UPDATING,HKG,true
v0,measured,627,2026-10-09T07:45:47.382Z,302.441,302.329,200,4,absent,KIX,true
v1,measured,630,2026-10-09T07:45:47.681Z,50.640,50.525,200,6284,HIT,HKG,true
v0,measured,628,2026-10-09T07:45:47.481Z,291.466,291.368,200,4,absent,NRT,true
v1,measured,631,2026-10-09T07:45:47.781Z,46.978,46.867,200,6284,HIT,HKG,true
v0,measured,629,2026-10-09T07:45:47.582Z,300.066,299.975,200,4,absent,KIX,true
v0,measured,630,2026-10-09T07:45:47.681Z,216.907,216.795,200,4,absent,HKG,true
v1,measured,632,2026-10-09T07:45:47.881Z,47.439,47.325,200,6284,HIT,HKG,true
v1,measured,633,2026-10-09T07:45:47.981Z,45.954,45.852,200,6284,HIT,HKG,true
v0,measured,631,2026-10-09T07:45:47.782Z,285.005,284.837,200,4,absent,NRT,true
v1,measured,634,2026-10-09T07:45:48.080Z,47.448,47.307,200,6284,HIT,HKG,true
v0,measured,632,2026-10-09T07:45:47.881Z,299.055,298.953,200,4,absent,KIX,true
v1,measured,635,2026-10-09T07:45:48.180Z,45.606,45.360,200,6284,HIT,HKG,true
v0,measured,633,2026-10-09T07:45:47.981Z,301.413,301.274,200,4,absent,KIX,true
v1,measured,636,2026-10-09T07:45:48.283Z,47.398,47.280,200,6284,HIT,HKG,true
v0,measured,634,2026-10-09T07:45:48.080Z,294.575,294.475,200,4,absent,NRT,true
v1,measured,637,2026-10-09T07:45:48.381Z,48.741,48.634,200,6284,HIT,HKG,true
v0,measured,635,2026-10-09T07:45:48.180Z,288.284,288.180,200,4,absent,KIX,true
v1,measured,638,2026-10-09T07:45:48.481Z,47.267,47.159,200,6284,HIT,HKG,true
v0,measured,636,2026-10-09T07:45:48.282Z,297.532,297.444,200,4,absent,KIX,true
v1,measured,639,2026-10-09T07:45:48.580Z,46.716,46.550,200,6284,HIT,HKG,true
v0,measured,637,2026-10-09T07:45:48.381Z,297.303,297.204,200,4,absent,NRT,true
v1,measured,640,2026-10-09T07:45:48.679Z,46.774,46.565,200,6284,HIT,HKG,true
v0,measured,638,2026-10-09T07:45:48.481Z,297.670,297.563,200,4,absent,KIX,true
v1,measured,641,2026-10-09T07:45:48.779Z,49.760,49.660,200,6284,HIT,HKG,true
v0,measured,639,2026-10-09T07:45:48.580Z,308.689,308.576,200,4,absent,KIX,true
v1,measured,642,2026-10-09T07:45:48.880Z,47.749,47.631,200,6284,HIT,HKG,true
v0,measured,640,2026-10-09T07:45:48.679Z,291.439,291.343,200,4,absent,NRT,true
v1,measured,643,2026-10-09T07:45:48.982Z,46.082,45.959,200,6284,HIT,HKG,true
v0,measured,641,2026-10-09T07:45:48.779Z,308.206,308.048,200,4,absent,KIX,true
v0,measured,642,2026-10-09T07:45:48.880Z,209.552,209.462,200,4,absent,HKG,true
v1,measured,644,2026-10-09T07:45:49.081Z,48.342,48.252,200,6284,HIT,HKG,true
v1,measured,645,2026-10-09T07:45:49.182Z,46.235,46.140,200,6284,HIT,HKG,true
v0,measured,643,2026-10-09T07:45:48.982Z,310.546,310.461,200,4,absent,NRT,true
v1,measured,646,2026-10-09T07:45:49.282Z,48.781,48.669,200,6284,HIT,HKG,true
v0,measured,644,2026-10-09T07:45:49.081Z,316.451,316.374,200,4,absent,KIX,true
v1,measured,647,2026-10-09T07:45:49.381Z,46.631,46.466,200,6284,HIT,HKG,true
v0,measured,645,2026-10-09T07:45:49.183Z,285.539,285.439,200,4,absent,KIX,true
v0,measured,646,2026-10-09T07:45:49.282Z,205.387,205.276,200,4,absent,HKG,true
v1,measured,648,2026-10-09T07:45:49.482Z,68.439,68.327,200,6284,HIT,HKG,true
v1,measured,649,2026-10-09T07:45:49.581Z,48.556,48.358,200,6284,HIT,HKG,true
v0,measured,647,2026-10-09T07:45:49.381Z,294.406,294.296,200,4,absent,NRT,true
v1,measured,650,2026-10-09T07:45:49.680Z,46.807,46.583,200,6284,HIT,HKG,true
v0,measured,648,2026-10-09T07:45:49.482Z,310.327,310.218,200,4,absent,KIX,true
v1,measured,651,2026-10-09T07:45:49.782Z,45.605,45.437,200,6284,HIT,HKG,true
v0,measured,649,2026-10-09T07:45:49.581Z,288.130,288.039,200,4,absent,KIX,true
v1,measured,652,2026-10-09T07:45:49.881Z,47.022,46.920,200,6284,HIT,HKG,true
v0,measured,650,2026-10-09T07:45:49.679Z,298.503,298.410,200,4,absent,NRT,true
v0,measured,651,2026-10-09T07:45:49.782Z,211.402,211.314,200,4,absent,HKG,true
v1,measured,653,2026-10-09T07:45:49.980Z,48.602,48.497,200,6284,HIT,HKG,true
v1,measured,654,2026-10-09T07:45:50.081Z,48.036,47.939,200,6284,HIT,HKG,true
v0,measured,652,2026-10-09T07:45:49.881Z,312.659,312.546,200,4,absent,KIX,true
v1,measured,655,2026-10-09T07:45:50.182Z,48.515,48.415,200,6284,HIT,HKG,true
v0,measured,653,2026-10-09T07:45:49.981Z,296.459,296.292,200,4,absent,NRT,true
v1,measured,656,2026-10-09T07:45:50.282Z,50.556,50.412,200,6284,HIT,HKG,true
v0,measured,654,2026-10-09T07:45:50.081Z,301.249,301.153,200,4,absent,KIX,true
v0,measured,655,2026-10-09T07:45:50.182Z,219.136,219.039,200,4,absent,HKG,true
v1,measured,657,2026-10-09T07:45:50.380Z,47.580,47.471,200,6284,HIT,HKG,true
v1,measured,658,2026-10-09T07:45:50.483Z,45.600,45.485,200,6284,HIT,HKG,true
v0,measured,656,2026-10-09T07:45:50.281Z,302.616,302.517,200,4,absent,NRT,true
v1,measured,659,2026-10-09T07:45:50.581Z,46.155,46.043,200,6284,HIT,HKG,true
v0,measured,657,2026-10-09T07:45:50.381Z,303.165,303.078,200,4,absent,KIX,true
v1,measured,660,2026-10-09T07:45:50.682Z,50.625,50.522,200,6284,HIT,HKG,true
v0,measured,659,2026-10-09T07:45:50.581Z,206.716,206.621,200,4,absent,HKG,true
v0,measured,658,2026-10-09T07:45:50.482Z,310.268,310.178,200,4,absent,KIX,true
v1,measured,661,2026-10-09T07:45:50.780Z,51.593,51.465,200,6284,HIT,HKG,true
v1,measured,662,2026-10-09T07:45:50.882Z,47.966,47.857,200,6284,HIT,HKG,true
v0,measured,660,2026-10-09T07:45:50.682Z,319.491,319.390,200,4,absent,NRT,true
v1,measured,663,2026-10-09T07:45:50.981Z,46.536,46.437,200,6284,HIT,HKG,true
v0,measured,661,2026-10-09T07:45:50.780Z,324.458,324.366,200,4,absent,KIX,true
v1,measured,664,2026-10-09T07:45:51.082Z,49.036,48.935,200,6284,HIT,HKG,true
v0,measured,662,2026-10-09T07:45:50.882Z,312.252,312.168,200,4,absent,KIX,true
v0,measured,663,2026-10-09T07:45:50.982Z,212.266,212.239,200,4,absent,HKG,true
v1,measured,665,2026-10-09T07:45:51.182Z,48.094,47.997,200,6284,HIT,HKG,true
v1,measured,666,2026-10-09T07:45:51.282Z,51.963,51.850,200,6284,HIT,HKG,true
v0,measured,664,2026-10-09T07:45:51.081Z,295.490,295.362,200,4,absent,NRT,true
v1,measured,667,2026-10-09T07:45:51.381Z,47.684,47.581,200,6284,HIT,HKG,true
v0,measured,665,2026-10-09T07:45:51.182Z,318.449,318.320,200,4,absent,KIX,true
v1,measured,668,2026-10-09T07:45:51.483Z,48.803,47.865,200,6284,HIT,HKG,true
v0,measured,666,2026-10-09T07:45:51.282Z,287.749,287.651,200,4,absent,KIX,true
v1,measured,669,2026-10-09T07:45:51.583Z,46.220,46.108,200,6284,HIT,HKG,true
v0,measured,667,2026-10-09T07:45:51.381Z,286.364,286.198,200,4,absent,NRT,true
v0,measured,668,2026-10-09T07:45:51.482Z,215.050,214.951,200,4,absent,HKG,true
v1,measured,670,2026-10-09T07:45:51.682Z,48.739,48.629,200,6284,HIT,HKG,true
v1,measured,671,2026-10-09T07:45:51.780Z,47.415,47.300,200,6284,HIT,HKG,true
v0,measured,669,2026-10-09T07:45:51.583Z,299.999,299.868,200,4,absent,KIX,true
v1,measured,672,2026-10-09T07:45:51.882Z,47.492,47.382,200,6284,HIT,HKG,true
v0,measured,670,2026-10-09T07:45:51.682Z,298.690,298.585,200,4,absent,NRT,true
v1,measured,673,2026-10-09T07:45:51.981Z,49.413,47.461,200,6284,HIT,HKG,true
v0,measured,671,2026-10-09T07:45:51.780Z,298.118,298.026,200,4,absent,KIX,true
v0,measured,672,2026-10-09T07:45:51.881Z,205.618,205.528,200,4,absent,HKG,true
v1,measured,674,2026-10-09T07:45:52.081Z,48.531,48.432,200,6284,HIT,HKG,true
v1,measured,675,2026-10-09T07:45:52.179Z,47.345,47.204,200,6284,HIT,HKG,true
v0,measured,673,2026-10-09T07:45:51.981Z,292.977,292.862,200,4,absent,NRT,true
v1,measured,676,2026-10-09T07:45:52.281Z,51.791,51.724,200,6284,HIT,HKG,true
v0,measured,674,2026-10-09T07:45:52.081Z,309.904,309.849,200,4,absent,KIX,true
v1,measured,677,2026-10-09T07:45:52.381Z,50.136,50.036,200,6284,HIT,HKG,true
v0,measured,675,2026-10-09T07:45:52.180Z,312.132,312.049,200,4,absent,KIX,true
v1,measured,678,2026-10-09T07:45:52.483Z,49.291,49.176,200,6284,HIT,HKG,true
v0,measured,676,2026-10-09T07:45:52.280Z,287.332,287.230,200,4,absent,NRT,true
v0,measured,677,2026-10-09T07:45:52.381Z,206.220,206.125,200,4,absent,HKG,true
v1,measured,679,2026-10-09T07:45:52.580Z,59.391,59.158,200,6284,HIT,HKG,true
v1,measured,680,2026-10-09T07:45:52.681Z,51.262,51.167,200,6284,UPDATING,HKG,true
v0,measured,678,2026-10-09T07:45:52.482Z,300.028,299.979,200,4,absent,KIX,true
v1,measured,681,2026-10-09T07:45:52.779Z,60.993,60.876,200,6284,UPDATING,HKG,true
v0,measured,679,2026-10-09T07:45:52.581Z,279.564,279.477,200,4,absent,NRT,true
v1,measured,682,2026-10-09T07:45:52.883Z,50.011,49.891,200,6284,HIT,HKG,true
v0,measured,680,2026-10-09T07:45:52.681Z,299.507,299.408,200,4,absent,KIX,true
v0,measured,681,2026-10-09T07:45:52.780Z,202.738,202.650,200,4,absent,HKG,true
v1,measured,683,2026-10-09T07:45:52.981Z,49.630,49.505,200,6284,HIT,HKG,true
v1,measured,684,2026-10-09T07:45:53.081Z,50.410,50.130,200,6284,HIT,HKG,true
v0,measured,682,2026-10-09T07:45:52.882Z,285.352,285.016,200,4,absent,NRT,true
v1,measured,685,2026-10-09T07:45:53.182Z,47.359,47.239,200,6284,HIT,HKG,true
v0,measured,683,2026-10-09T07:45:52.981Z,312.878,312.776,200,4,absent,KIX,true
v1,measured,686,2026-10-09T07:45:53.282Z,52.278,52.181,200,6284,HIT,HKG,true
v0,measured,684,2026-10-09T07:45:53.081Z,314.298,314.209,200,4,absent,KIX,true
v1,measured,687,2026-10-09T07:45:53.381Z,49.692,49.568,200,6284,HIT,HKG,true
v0,measured,686,2026-10-09T07:45:53.281Z,206.615,206.510,200,4,absent,HKG,true
v0,measured,685,2026-10-09T07:45:53.182Z,308.268,308.169,200,4,absent,NRT,true
v1,measured,688,2026-10-09T07:45:53.482Z,50.020,49.919,200,6284,HIT,HKG,true
v1,measured,689,2026-10-09T07:45:53.581Z,51.034,50.950,200,6284,HIT,HKG,true
v0,measured,687,2026-10-09T07:45:53.382Z,299.103,299.019,200,4,absent,KIX,true
v1,measured,690,2026-10-09T07:45:53.680Z,50.766,50.651,200,6284,HIT,HKG,true
v0,measured,688,2026-10-09T07:45:53.482Z,315.132,314.993,200,4,absent,KIX,true
v1,measured,691,2026-10-09T07:45:53.780Z,52.319,52.212,200,6284,HIT,HKG,true
v0,measured,689,2026-10-09T07:45:53.581Z,287.162,287.074,200,4,absent,NRT,true
v0,measured,690,2026-10-09T07:45:53.680Z,207.087,206.970,200,4,absent,HKG,true
v1,measured,692,2026-10-09T07:45:53.880Z,48.437,48.334,200,6284,HIT,HKG,true
v1,measured,693,2026-10-09T07:45:53.982Z,50.276,50.176,200,6284,HIT,HKG,true
v0,measured,691,2026-10-09T07:45:53.780Z,310.228,310.128,200,4,absent,KIX,true
v1,measured,694,2026-10-09T07:45:54.080Z,47.929,47.770,200,6284,HIT,HKG,true
v0,measured,692,2026-10-09T07:45:53.879Z,303.263,303.177,200,4,absent,NRT,true
v1,measured,695,2026-10-09T07:45:54.182Z,45.777,45.618,200,6284,HIT,HKG,true
v0,measured,693,2026-10-09T07:45:53.983Z,297.815,297.725,200,4,absent,KIX,true
v0,measured,694,2026-10-09T07:45:54.080Z,217.458,217.330,200,4,absent,HKG,true
v1,measured,696,2026-10-09T07:45:54.281Z,47.506,47.415,200,6284,HIT,HKG,true
v1,measured,697,2026-10-09T07:45:54.383Z,45.752,45.656,200,6284,HIT,HKG,true
v0,measured,695,2026-10-09T07:45:54.182Z,313.623,313.530,200,4,absent,KIX,true
v1,measured,698,2026-10-09T07:45:54.483Z,47.549,47.453,200,6284,HIT,HKG,true
v0,measured,696,2026-10-09T07:45:54.281Z,293.438,293.349,200,4,absent,NRT,true
v1,measured,699,2026-10-09T07:45:54.580Z,47.804,47.670,200,6284,HIT,HKG,true
v0,measured,697,2026-10-09T07:45:54.383Z,301.099,301.013,200,4,absent,KIX,true
v0,measured,698,2026-10-09T07:45:54.482Z,216.640,216.545,200,4,absent,HKG,true
v1,measured,700,2026-10-09T07:45:54.681Z,48.794,48.692,200,6284,HIT,HKG,true
v1,measured,701,2026-10-09T07:45:54.781Z,46.168,46.065,200,6284,HIT,HKG,true
v0,measured,699,2026-10-09T07:45:54.581Z,303.389,303.305,200,4,absent,NRT,true
v1,measured,702,2026-10-09T07:45:54.883Z,51.446,51.238,200,6284,HIT,HKG,true
v0,measured,700,2026-10-09T07:45:54.681Z,300.120,300.027,200,4,absent,KIX,true
v1,measured,703,2026-10-09T07:45:54.981Z,49.999,49.890,200,6284,HIT,HKG,true
v0,measured,701,2026-10-09T07:45:54.781Z,318.351,318.267,200,4,absent,KIX,true
v0,measured,702,2026-10-09T07:45:54.883Z,241.561,241.449,200,4,absent,HKG,true
v1,measured,704,2026-10-09T07:45:55.081Z,49.068,48.957,200,6284,HIT,HKG,true
v1,measured,705,2026-10-09T07:45:55.181Z,49.834,49.737,200,6284,HIT,HKG,true
v0,measured,703,2026-10-09T07:45:54.981Z,314.172,314.094,200,4,absent,NRT,true
v1,measured,706,2026-10-09T07:45:55.282Z,47.228,47.098,200,6284,HIT,HKG,true
v0,measured,704,2026-10-09T07:45:55.081Z,306.247,306.110,200,4,absent,KIX,true
v1,measured,707,2026-10-09T07:45:55.381Z,46.979,46.714,200,6284,HIT,HKG,true
v0,measured,705,2026-10-09T07:45:55.182Z,312.757,312.668,200,4,absent,KIX,true
v0,measured,706,2026-10-09T07:45:55.281Z,213.111,213.082,200,4,absent,HKG,true
v1,measured,708,2026-10-09T07:45:55.481Z,47.516,47.415,200,6284,HIT,HKG,true
v1,measured,709,2026-10-09T07:45:55.581Z,47.560,47.466,200,6284,HIT,HKG,true
v0,measured,707,2026-10-09T07:45:55.382Z,286.075,285.995,200,4,absent,NRT,true
v1,measured,710,2026-10-09T07:45:55.681Z,49.746,49.651,200,6284,HIT,HKG,true
v0,measured,708,2026-10-09T07:45:55.481Z,312.049,311.954,200,4,absent,KIX,true
v1,measured,711,2026-10-09T07:45:55.781Z,50.486,50.391,200,6284,HIT,HKG,true
v0,measured,709,2026-10-09T07:45:55.582Z,311.627,311.529,200,4,absent,KIX,true
v1,measured,712,2026-10-09T07:45:55.881Z,50.301,49.101,200,6284,HIT,HKG,true
v0,measured,711,2026-10-09T07:45:55.781Z,206.636,206.470,200,4,absent,HKG,true
v1,measured,713,2026-10-09T07:45:55.980Z,50.135,50.017,200,6284,HIT,HKG,true
v0,measured,710,2026-10-09T07:45:55.681Z,353.060,352.949,200,4,absent,NRT,true
v1,measured,714,2026-10-09T07:45:56.081Z,48.929,48.820,200,6284,HIT,HKG,true
v0,measured,712,2026-10-09T07:45:55.881Z,299.769,299.665,200,4,absent,KIX,true
v1,measured,715,2026-10-09T07:45:56.181Z,47.432,47.325,200,6284,HIT,HKG,true
v0,measured,713,2026-10-09T07:45:55.980Z,298.761,298.647,200,4,absent,KIX,true
v1,measured,716,2026-10-09T07:45:56.279Z,46.717,46.517,200,6284,HIT,HKG,true
v0,measured,714,2026-10-09T07:45:56.081Z,302.742,302.631,200,4,absent,NRT,true
v1,measured,717,2026-10-09T07:45:56.383Z,47.002,46.899,200,6284,HIT,HKG,true
v0,measured,715,2026-10-09T07:45:56.181Z,313.836,313.747,200,4,absent,KIX,true
v1,measured,718,2026-10-09T07:45:56.482Z,46.413,46.309,200,6284,HIT,HKG,true
v0,measured,716,2026-10-09T07:45:56.279Z,301.723,301.635,200,4,absent,KIX,true
v0,measured,717,2026-10-09T07:45:56.383Z,214.409,214.314,200,4,absent,HKG,true
v1,measured,719,2026-10-09T07:45:56.579Z,84.132,84.024,200,6284,HIT,HKG,true
v1,measured,720,2026-10-09T07:45:56.683Z,87.181,87.077,200,6284,HIT,HKG,true
v0,measured,718,2026-10-09T07:45:56.482Z,301.708,301.611,200,4,absent,NRT,true
v1,measured,721,2026-10-09T07:45:56.782Z,46.755,46.627,200,6284,HIT,HKG,true
v0,measured,719,2026-10-09T07:45:56.579Z,302.458,302.361,200,4,absent,KIX,true
v1,measured,722,2026-10-09T07:45:56.881Z,50.734,50.613,200,6284,HIT,HKG,true
v0,measured,721,2026-10-09T07:45:56.782Z,222.726,222.628,200,4,absent,HKG,true
v0,measured,720,2026-10-09T07:45:56.682Z,322.861,322.796,200,4,absent,KIX,true
v1,measured,723,2026-10-09T07:45:56.981Z,50.322,50.185,200,6284,HIT,HKG,true
v1,measured,724,2026-10-09T07:45:57.081Z,50.263,50.132,200,6284,HIT,HKG,true
v0,measured,722,2026-10-09T07:45:56.881Z,288.787,288.712,200,4,absent,NRT,true
v1,measured,725,2026-10-09T07:45:57.180Z,48.853,48.733,200,6284,HIT,HKG,true
v0,measured,723,2026-10-09T07:45:56.981Z,299.786,299.650,200,4,absent,KIX,true
v1,measured,726,2026-10-09T07:45:57.282Z,50.690,50.549,200,6284,HIT,HKG,true
v0,measured,724,2026-10-09T07:45:57.081Z,311.340,311.223,200,4,absent,KIX,true
v1,measured,727,2026-10-09T07:45:57.382Z,47.876,47.489,200,6284,HIT,HKG,true
v0,measured,725,2026-10-09T07:45:57.180Z,298.021,297.811,200,4,absent,NRT,true
v1,measured,728,2026-10-09T07:45:57.481Z,49.039,48.888,200,6284,HIT,HKG,true
v0,measured,726,2026-10-09T07:45:57.281Z,309.632,309.530,200,4,absent,KIX,true
v1,measured,729,2026-10-09T07:45:57.582Z,48.711,48.443,200,6284,HIT,HKG,true
v0,measured,727,2026-10-09T07:45:57.382Z,254.208,254.043,200,4,absent,HKG,true
v1,measured,730,2026-10-09T07:45:57.681Z,49.201,49.094,200,6284,HIT,HKG,true
v0,measured,728,2026-10-09T07:45:57.481Z,296.978,296.807,200,4,absent,NRT,true
v1,measured,731,2026-10-09T07:45:57.779Z,48.531,48.331,200,6284,HIT,HKG,true
v0,measured,729,2026-10-09T07:45:57.582Z,310.504,310.410,200,4,absent,KIX,true
v1,measured,732,2026-10-09T07:45:57.881Z,51.235,51.136,200,6284,UPDATING,HKG,true
v0,measured,730,2026-10-09T07:45:57.681Z,313.578,313.486,200,4,absent,KIX,true
v1,measured,733,2026-10-09T07:45:57.981Z,46.487,46.295,200,6284,UPDATING,HKG,true
v0,measured,731,2026-10-09T07:45:57.780Z,297.376,297.186,200,4,absent,NRT,true
v0,measured,732,2026-10-09T07:45:57.881Z,224.223,224.095,200,4,absent,HKG,true
v1,measured,734,2026-10-09T07:45:58.080Z,56.191,55.065,200,6284,HIT,HKG,true
v1,measured,735,2026-10-09T07:45:58.180Z,48.498,48.385,200,6284,HIT,HKG,true
v0,measured,733,2026-10-09T07:45:57.981Z,311.248,311.151,200,4,absent,KIX,true
v1,measured,736,2026-10-09T07:45:58.282Z,48.084,47.994,200,6284,HIT,HKG,true
v0,measured,734,2026-10-09T07:45:58.080Z,300.803,300.697,200,4,absent,NRT,true
v1,measured,737,2026-10-09T07:45:58.381Z,48.178,48.056,200,6284,HIT,HKG,true
v0,measured,735,2026-10-09T07:45:58.181Z,304.376,304.261,200,4,absent,KIX,true
v0,measured,736,2026-10-09T07:45:58.282Z,217.477,217.365,200,4,absent,HKG,true
v1,measured,738,2026-10-09T07:45:58.482Z,48.918,48.815,200,6284,HIT,HKG,true
v1,measured,739,2026-10-09T07:45:58.581Z,49.922,49.790,200,6284,HIT,HKG,true
v0,measured,737,2026-10-09T07:45:58.381Z,298.670,298.575,200,4,absent,NRT,true
v1,measured,740,2026-10-09T07:45:58.680Z,49.820,49.641,200,6284,HIT,HKG,true
v0,measured,738,2026-10-09T07:45:58.482Z,312.179,312.076,200,4,absent,KIX,true
v1,measured,741,2026-10-09T07:45:58.781Z,46.842,46.174,200,6284,HIT,HKG,true
v0,measured,739,2026-10-09T07:45:58.582Z,310.182,310.091,200,4,absent,KIX,true
v1,measured,742,2026-10-09T07:45:58.882Z,47.017,46.836,200,6284,HIT,HKG,true
v0,measured,740,2026-10-09T07:45:58.680Z,290.388,290.276,200,4,absent,NRT,true
v0,measured,741,2026-10-09T07:45:58.782Z,213.786,213.702,200,4,absent,HKG,true
v1,measured,743,2026-10-09T07:45:58.980Z,48.251,48.126,200,6284,HIT,HKG,true
v1,measured,744,2026-10-09T07:45:59.082Z,47.061,46.957,200,6284,HIT,HKG,true
v0,measured,742,2026-10-09T07:45:58.882Z,309.201,309.104,200,4,absent,KIX,true
v1,measured,745,2026-10-09T07:45:59.180Z,47.253,47.066,200,6284,HIT,HKG,true
v0,measured,743,2026-10-09T07:45:58.981Z,295.526,295.344,200,4,absent,NRT,true
v1,measured,746,2026-10-09T07:45:59.281Z,62.502,62.277,200,6284,HIT,HKG,true
v0,measured,744,2026-10-09T07:45:59.082Z,295.905,295.780,200,4,absent,KIX,true
v0,measured,745,2026-10-09T07:45:59.181Z,207.874,207.765,200,4,absent,HKG,true
v1,measured,747,2026-10-09T07:45:59.380Z,53.052,52.884,200,6284,HIT,HKG,true
v1,measured,748,2026-10-09T07:45:59.482Z,50.820,50.703,200,6284,HIT,HKG,true
v0,measured,746,2026-10-09T07:45:59.280Z,298.342,298.251,200,4,absent,NRT,true
v1,measured,749,2026-10-09T07:45:59.581Z,46.162,46.021,200,6284,HIT,HKG,true
v0,measured,747,2026-10-09T07:45:59.380Z,334.197,334.135,200,4,absent,KIX,true
v1,measured,750,2026-10-09T07:45:59.683Z,75.241,75.121,200,6284,HIT,HKG,true
v0,measured,748,2026-10-09T07:45:59.481Z,303.595,303.502,200,4,absent,KIX,true
v1,measured,751,2026-10-09T07:45:59.782Z,47.028,46.491,200,6284,HIT,HKG,true
v0,measured,749,2026-10-09T07:45:59.581Z,301.437,301.327,200,4,absent,NRT,true
v0,measured,750,2026-10-09T07:45:59.682Z,217.202,217.111,200,4,absent,HKG,true
v1,measured,752,2026-10-09T07:45:59.881Z,47.705,47.561,200,6284,HIT,HKG,true
v1,measured,753,2026-10-09T07:45:59.982Z,47.019,46.287,200,6284,HIT,HKG,true
v0,measured,751,2026-10-09T07:45:59.782Z,304.995,304.914,200,4,absent,KIX,true
v1,measured,754,2026-10-09T07:46:00.082Z,67.694,66.934,200,6284,HIT,HKG,true
v0,measured,752,2026-10-09T07:45:59.880Z,324.333,324.263,200,4,absent,KIX,true
v1,measured,755,2026-10-09T07:46:00.179Z,67.138,66.923,200,6284,HIT,HKG,true
v0,measured,753,2026-10-09T07:45:59.983Z,303.402,303.211,200,4,absent,NRT,true
v0,measured,754,2026-10-09T07:46:00.082Z,218.876,218.809,200,4,absent,HKG,true
v1,measured,756,2026-10-09T07:46:00.282Z,62.158,62.086,200,6284,HIT,HKG,true
v1,measured,757,2026-10-09T07:46:00.381Z,50.176,50.062,200,6284,HIT,HKG,true
v0,measured,755,2026-10-09T07:46:00.183Z,315.304,315.205,200,4,absent,KIX,true
v1,measured,758,2026-10-09T07:46:00.482Z,48.477,48.413,200,6284,HIT,HKG,true
v0,measured,756,2026-10-09T07:46:00.282Z,311.111,311.049,200,4,absent,KIX,true
v1,measured,759,2026-10-09T07:46:00.581Z,46.642,46.483,200,6284,HIT,HKG,true
v0,measured,757,2026-10-09T07:46:00.382Z,308.653,308.573,200,4,absent,NRT,true
v0,measured,758,2026-10-09T07:46:00.482Z,222.389,222.282,200,4,absent,HKG,true
v1,measured,760,2026-10-09T07:46:00.680Z,49.760,48.931,200,6284,HIT,HKG,true
v1,measured,761,2026-10-09T07:46:00.780Z,48.176,48.006,200,6284,HIT,HKG,true
v0,measured,759,2026-10-09T07:46:00.581Z,313.688,313.528,200,4,absent,KIX,true
v1,measured,762,2026-10-09T07:46:00.881Z,54.717,54.600,200,6284,HIT,HKG,true
v0,measured,760,2026-10-09T07:46:00.680Z,343.255,343.144,200,4,absent,KIX,true
v1,measured,763,2026-10-09T07:46:00.981Z,45.789,45.675,200,6284,HIT,HKG,true
v0,measured,761,2026-10-09T07:46:00.781Z,303.955,303.852,200,4,absent,NRT,true
v0,measured,762,2026-10-09T07:46:00.881Z,217.141,217.032,200,4,absent,HKG,true
v1,measured,764,2026-10-09T07:46:01.082Z,53.316,53.187,200,6284,HIT,HKG,true
v1,measured,765,2026-10-09T07:46:01.182Z,54.230,54.090,200,6284,HIT,HKG,true
v0,measured,763,2026-10-09T07:46:00.982Z,316.555,316.405,200,4,absent,KIX,true
v1,measured,766,2026-10-09T07:46:01.281Z,49.429,49.293,200,6284,HIT,HKG,true
v0,measured,764,2026-10-09T07:46:01.082Z,313.903,313.780,200,4,absent,KIX,true
v1,measured,767,2026-10-09T07:46:01.381Z,47.122,46.862,200,6284,HIT,HKG,true
v0,measured,766,2026-10-09T07:46:01.280Z,205.934,205.791,200,4,absent,HKG,true
v0,measured,765,2026-10-09T07:46:01.182Z,319.522,319.417,200,4,absent,NRT,true
v1,measured,768,2026-10-09T07:46:01.481Z,48.651,48.477,200,6284,HIT,HKG,true
v1,measured,769,2026-10-09T07:46:01.581Z,47.181,46.883,200,6284,HIT,HKG,true
v0,measured,767,2026-10-09T07:46:01.381Z,310.821,310.714,200,4,absent,KIX,true
v1,measured,770,2026-10-09T07:46:01.682Z,46.703,46.482,200,6284,HIT,HKG,true
v0,measured,768,2026-10-09T07:46:01.481Z,302.389,302.284,200,4,absent,KIX,true
v1,measured,771,2026-10-09T07:46:01.782Z,49.569,49.452,200,6284,HIT,HKG,true
v0,measured,769,2026-10-09T07:46:01.581Z,292.437,292.334,200,4,absent,NRT,true
v0,measured,770,2026-10-09T07:46:01.682Z,203.420,203.317,200,4,absent,HKG,true
v1,measured,772,2026-10-09T07:46:01.881Z,52.229,52.129,200,6284,HIT,HKG,true
v1,measured,773,2026-10-09T07:46:01.981Z,46.477,46.326,200,6284,HIT,HKG,true
v0,measured,771,2026-10-09T07:46:01.782Z,304.550,304.391,200,4,absent,KIX,true
v1,measured,774,2026-10-09T07:46:02.082Z,51.245,51.084,200,6284,HIT,HKG,true
v0,measured,772,2026-10-09T07:46:01.880Z,296.078,295.963,200,4,absent,NRT,true
v1,measured,775,2026-10-09T07:46:02.180Z,48.420,48.230,200,6284,HIT,HKG,true
v0,measured,774,2026-10-09T07:46:02.081Z,206.985,206.852,200,4,absent,HKG,true
v0,measured,773,2026-10-09T07:46:01.981Z,311.121,311.021,200,4,absent,KIX,true
v1,measured,776,2026-10-09T07:46:02.281Z,47.314,47.128,200,6284,HIT,HKG,true
v1,measured,777,2026-10-09T07:46:02.381Z,49.031,48.922,200,6284,HIT,HKG,true
v0,measured,775,2026-10-09T07:46:02.181Z,300.296,300.168,200,4,absent,NRT,true
v1,measured,778,2026-10-09T07:46:02.481Z,48.311,48.188,200,6284,HIT,HKG,true
v0,measured,776,2026-10-09T07:46:02.280Z,313.696,313.592,200,4,absent,KIX,true
v1,measured,779,2026-10-09T07:46:02.582Z,47.585,47.454,200,6284,HIT,HKG,true
v0,measured,777,2026-10-09T07:46:02.382Z,339.584,339.492,200,4,absent,KIX,true
v1,measured,780,2026-10-09T07:46:02.679Z,50.384,50.278,200,6284,HIT,HKG,true
v0,measured,778,2026-10-09T07:46:02.481Z,312.338,312.237,200,4,absent,NRT,true
v0,measured,779,2026-10-09T07:46:02.582Z,227.844,227.742,200,4,absent,HKG,true
v1,measured,781,2026-10-09T07:46:02.782Z,49.377,49.269,200,6284,HIT,HKG,true
v1,measured,782,2026-10-09T07:46:02.881Z,49.407,49.285,200,6284,HIT,HKG,true
v0,measured,780,2026-10-09T07:46:02.679Z,286.947,286.855,200,4,absent,KIX,true
v1,measured,783,2026-10-09T07:46:02.982Z,49.091,48.939,200,6284,HIT,HKG,true
v0,measured,781,2026-10-09T07:46:02.782Z,316.206,316.106,200,4,absent,KIX,true
v1,measured,784,2026-10-09T07:46:03.081Z,53.508,53.397,200,6284,UPDATING,HKG,true
v0,measured,782,2026-10-09T07:46:02.880Z,300.530,300.416,200,4,absent,NRT,true
v1,measured,785,2026-10-09T07:46:03.181Z,58.385,58.236,200,6284,UPDATING,HKG,true
v0,measured,784,2026-10-09T07:46:03.081Z,213.155,213.041,200,4,absent,HKG,true
v1,measured,786,2026-10-09T07:46:03.280Z,50.457,50.336,200,6284,HIT,HKG,true
v0,measured,783,2026-10-09T07:46:02.982Z,378.067,377.942,200,4,absent,KIX,true
v1,measured,787,2026-10-09T07:46:03.381Z,48.506,48.309,200,6284,HIT,HKG,true
v0,measured,785,2026-10-09T07:46:03.181Z,293.432,293.331,200,4,absent,NRT,true
v1,measured,788,2026-10-09T07:46:03.480Z,49.440,49.315,200,6284,HIT,HKG,true
v0,measured,786,2026-10-09T07:46:03.280Z,304.029,303.850,200,4,absent,KIX,true
v1,measured,789,2026-10-09T07:46:03.580Z,46.313,46.215,200,6284,HIT,HKG,true
v0,measured,787,2026-10-09T07:46:03.381Z,312.472,312.342,200,4,absent,KIX,true
v1,measured,790,2026-10-09T07:46:03.682Z,49.654,49.532,200,6284,HIT,HKG,true
v0,measured,788,2026-10-09T07:46:03.480Z,307.310,307.202,200,4,absent,NRT,true
v0,measured,789,2026-10-09T07:46:03.580Z,225.001,224.879,200,4,absent,HKG,true
v1,measured,791,2026-10-09T07:46:03.781Z,50.429,50.324,200,6284,HIT,HKG,true
v1,measured,792,2026-10-09T07:46:03.882Z,48.177,48.049,200,6284,HIT,HKG,true
v0,measured,790,2026-10-09T07:46:03.681Z,298.391,297.855,200,4,absent,KIX,true
v1,measured,793,2026-10-09T07:46:03.980Z,48.748,48.602,200,6284,HIT,HKG,true
v0,measured,791,2026-10-09T07:46:03.782Z,311.737,311.621,200,4,absent,KIX,true
v1,measured,794,2026-10-09T07:46:04.081Z,48.521,48.419,200,6284,HIT,HKG,true
v0,measured,792,2026-10-09T07:46:03.882Z,296.419,296.289,200,4,absent,NRT,true
v1,measured,795,2026-10-09T07:46:04.181Z,48.139,47.948,200,6284,HIT,HKG,true
v0,measured,793,2026-10-09T07:46:03.980Z,296.564,296.444,200,4,absent,KIX,true
v0,measured,794,2026-10-09T07:46:04.081Z,223.533,223.428,200,4,absent,HKG,true
v1,measured,796,2026-10-09T07:46:04.281Z,49.375,49.269,200,6284,HIT,HKG,true
v1,measured,797,2026-10-09T07:46:04.381Z,50.860,50.724,200,6284,HIT,HKG,true
v0,measured,795,2026-10-09T07:46:04.181Z,299.622,299.520,200,4,absent,NRT,true
v1,measured,798,2026-10-09T07:46:04.480Z,51.074,50.958,200,6284,HIT,HKG,true
v0,measured,796,2026-10-09T07:46:04.281Z,311.974,311.856,200,4,absent,KIX,true
v1,measured,799,2026-10-09T07:46:04.582Z,49.259,49.144,200,6284,HIT,HKG,true
v0,measured,797,2026-10-09T07:46:04.381Z,305.086,304.989,200,4,absent,KIX,true
v0,measured,798,2026-10-09T07:46:04.479Z,232.197,232.096,200,4,absent,HKG,true
v1,measured,800,2026-10-09T07:46:04.681Z,48.871,48.652,200,6284,HIT,HKG,true
v1,measured,801,2026-10-09T07:46:04.780Z,49.978,49.870,200,6284,HIT,HKG,true
v0,measured,799,2026-10-09T07:46:04.582Z,293.659,293.551,200,4,absent,NRT,true
v1,measured,802,2026-10-09T07:46:04.880Z,52.240,52.029,200,6284,HIT,HKG,true
v0,measured,800,2026-10-09T07:46:04.681Z,297.515,297.385,200,4,absent,KIX,true
v1,measured,803,2026-10-09T07:46:04.979Z,48.265,48.120,200,6284,HIT,HKG,true
v0,measured,801,2026-10-09T07:46:04.780Z,301.551,301.393,200,4,absent,KIX,true
v1,measured,804,2026-10-09T07:46:05.081Z,47.264,47.154,200,6284,HIT,HKG,true
v0,measured,802,2026-10-09T07:46:04.880Z,286.044,285.923,200,4,absent,NRT,true
v1,measured,805,2026-10-09T07:46:05.181Z,47.810,47.635,200,6284,HIT,HKG,true
v0,measured,803,2026-10-09T07:46:04.979Z,298.974,298.884,200,4,absent,KIX,true
v0,measured,804,2026-10-09T07:46:05.080Z,218.962,218.844,200,4,absent,HKG,true
v1,measured,806,2026-10-09T07:46:05.280Z,47.568,47.452,200,6284,HIT,HKG,true
v1,measured,807,2026-10-09T07:46:05.382Z,49.710,49.584,200,6284,HIT,HKG,true
v0,measured,805,2026-10-09T07:46:05.181Z,302.533,302.437,200,4,absent,NRT,true
v1,measured,808,2026-10-09T07:46:05.482Z,47.576,47.430,200,6284,HIT,HKG,true
v0,measured,806,2026-10-09T07:46:05.279Z,308.478,308.200,200,4,absent,KIX,true
v1,measured,809,2026-10-09T07:46:05.581Z,48.933,48.789,200,6284,HIT,HKG,true
v0,measured,807,2026-10-09T07:46:05.382Z,313.078,312.974,200,4,absent,KIX,true
v0,measured,808,2026-10-09T07:46:05.482Z,218.809,218.714,200,4,absent,HKG,true
v1,measured,810,2026-10-09T07:46:05.680Z,48.184,47.857,200,6284,HIT,HKG,true
v1,measured,811,2026-10-09T07:46:05.781Z,47.155,47.028,200,6284,HIT,HKG,true
v0,measured,809,2026-10-09T07:46:05.581Z,297.869,297.705,200,4,absent,NRT,true
v1,measured,812,2026-10-09T07:46:05.880Z,49.904,49.792,200,6284,HIT,HKG,true
v0,measured,810,2026-10-09T07:46:05.680Z,286.658,286.503,200,4,absent,KIX,true
v1,measured,813,2026-10-09T07:46:05.980Z,49.694,49.524,200,6284,HIT,HKG,true
v0,measured,811,2026-10-09T07:46:05.781Z,287.004,286.899,200,4,absent,KIX,true
v1,measured,814,2026-10-09T07:46:06.082Z,48.913,48.811,200,6284,HIT,HKG,true
v0,measured,812,2026-10-09T07:46:05.879Z,291.893,291.813,200,4,absent,NRT,true
v1,measured,815,2026-10-09T07:46:06.180Z,50.117,49.938,200,6284,HIT,HKG,true
v0,measured,813,2026-10-09T07:46:05.980Z,289.532,289.370,200,4,absent,KIX,true
v1,measured,816,2026-10-09T07:46:06.281Z,51.266,51.154,200,6284,HIT,HKG,true
v0,measured,814,2026-10-09T07:46:06.082Z,299.972,299.887,200,4,absent,KIX,true
v1,measured,817,2026-10-09T07:46:06.382Z,47.242,47.134,200,6284,HIT,HKG,true
v0,measured,815,2026-10-09T07:46:06.180Z,299.614,299.518,200,4,absent,NRT,true
v1,measured,818,2026-10-09T07:46:06.480Z,47.510,47.364,200,6284,HIT,HKG,true
v0,measured,816,2026-10-09T07:46:06.281Z,298.137,298.027,200,4,absent,KIX,true
v1,measured,819,2026-10-09T07:46:06.580Z,48.111,47.920,200,6284,HIT,HKG,true
v0,measured,817,2026-10-09T07:46:06.382Z,280.971,280.861,200,4,absent,KIX,true
v1,measured,820,2026-10-09T07:46:06.681Z,47.140,47.023,200,6284,HIT,HKG,true
v0,measured,818,2026-10-09T07:46:06.480Z,292.184,292.092,200,4,absent,NRT,true
v1,measured,821,2026-10-09T07:46:06.781Z,47.424,47.219,200,6284,HIT,HKG,true
v0,measured,819,2026-10-09T07:46:06.581Z,309.665,309.569,200,4,absent,KIX,true
v1,measured,822,2026-10-09T07:46:06.881Z,47.761,47.601,200,6284,HIT,HKG,true
v0,measured,820,2026-10-09T07:46:06.681Z,298.313,298.050,200,4,absent,KIX,true
v1,measured,823,2026-10-09T07:46:06.981Z,48.524,48.343,200,6284,HIT,HKG,true
v0,measured,821,2026-10-09T07:46:06.782Z,300.640,300.550,200,4,absent,NRT,true
v0,measured,822,2026-10-09T07:46:06.881Z,237.308,237.193,200,4,absent,HKG,true
v1,measured,824,2026-10-09T07:46:07.082Z,47.403,47.298,200,6284,HIT,HKG,true
v1,measured,825,2026-10-09T07:46:07.181Z,49.316,49.143,200,6284,HIT,HKG,true
v0,measured,823,2026-10-09T07:46:06.981Z,310.886,310.729,200,4,absent,KIX,true
v1,measured,826,2026-10-09T07:46:07.282Z,47.619,47.485,200,6284,HIT,HKG,true
v0,measured,824,2026-10-09T07:46:07.081Z,288.589,288.490,200,4,absent,KIX,true
v1,measured,827,2026-10-09T07:46:07.382Z,47.127,46.962,200,6284,HIT,HKG,true
v0,measured,825,2026-10-09T07:46:07.182Z,295.072,294.938,200,4,absent,NRT,true
v0,measured,826,2026-10-09T07:46:07.282Z,234.392,234.280,200,4,absent,HKG,true
v1,measured,828,2026-10-09T07:46:07.481Z,46.865,46.682,200,6284,HIT,HKG,true
v1,measured,829,2026-10-09T07:46:07.581Z,51.217,51.027,200,6284,HIT,HKG,true
v0,measured,827,2026-10-09T07:46:07.382Z,289.195,288.985,200,4,absent,KIX,true
v1,measured,830,2026-10-09T07:46:07.681Z,49.040,48.936,200,6284,HIT,HKG,true
v0,measured,828,2026-10-09T07:46:07.481Z,306.145,306.045,200,4,absent,NRT,true
v1,measured,831,2026-10-09T07:46:07.780Z,53.957,53.837,200,6284,HIT,HKG,true
v0,measured,829,2026-10-09T07:46:07.581Z,289.005,288.918,200,4,absent,KIX,true
v1,measured,832,2026-10-09T07:46:07.882Z,50.347,50.251,200,6284,HIT,HKG,true
v0,measured,830,2026-10-09T07:46:07.680Z,298.299,297.992,200,4,absent,KIX,true
v1,measured,833,2026-10-09T07:46:07.980Z,53.624,53.504,200,6284,HIT,HKG,true
v0,measured,831,2026-10-09T07:46:07.781Z,274.806,274.757,200,4,absent,HKG,true
v1,measured,834,2026-10-09T07:46:08.081Z,48.549,48.426,200,6284,HIT,HKG,true
v0,measured,832,2026-10-09T07:46:07.882Z,287.127,287.018,200,4,absent,NRT,true
v1,measured,835,2026-10-09T07:46:08.182Z,47.838,47.718,200,6284,HIT,HKG,true
v0,measured,833,2026-10-09T07:46:07.981Z,284.143,284.043,200,4,absent,KIX,true
v1,measured,836,2026-10-09T07:46:08.282Z,49.627,49.523,200,6284,UPDATING,HKG,true
v0,measured,834,2026-10-09T07:46:08.080Z,304.128,304.018,200,4,absent,KIX,true
v1,measured,837,2026-10-09T07:46:08.380Z,46.915,46.804,200,6284,UPDATING,HKG,true
v0,measured,835,2026-10-09T07:46:08.182Z,294.496,294.401,200,4,absent,NRT,true
v1,measured,838,2026-10-09T07:46:08.481Z,48.099,47.629,200,6284,HIT,HKG,true
v0,measured,836,2026-10-09T07:46:08.281Z,291.990,291.898,200,4,absent,KIX,true
v0,measured,837,2026-10-09T07:46:08.380Z,232.322,232.149,200,4,absent,HKG,true
v1,measured,839,2026-10-09T07:46:08.582Z,47.497,47.273,200,6284,HIT,HKG,true
v1,measured,840,2026-10-09T07:46:08.681Z,51.334,51.211,200,6284,HIT,HKG,true
v0,measured,838,2026-10-09T07:46:08.481Z,308.104,307.723,200,4,absent,NRT,true
v1,measured,841,2026-10-09T07:46:08.780Z,51.775,51.665,200,6284,HIT,HKG,true
v0,measured,839,2026-10-09T07:46:08.583Z,289.311,289.192,200,4,absent,KIX,true
v1,measured,842,2026-10-09T07:46:08.881Z,52.937,52.825,200,6284,HIT,HKG,true
v0,measured,840,2026-10-09T07:46:08.680Z,299.566,299.486,200,4,absent,KIX,true
v0,measured,841,2026-10-09T07:46:08.780Z,236.775,236.679,200,4,absent,HKG,true
v1,measured,843,2026-10-09T07:46:08.980Z,45.438,45.324,200,6284,HIT,HKG,true
v1,measured,844,2026-10-09T07:46:09.080Z,47.870,47.731,200,6284,HIT,HKG,true
v0,measured,842,2026-10-09T07:46:08.881Z,303.179,303.084,200,4,absent,NRT,true
v1,measured,845,2026-10-09T07:46:09.180Z,57.202,57.103,200,6284,HIT,HKG,true
v0,measured,843,2026-10-09T07:46:08.980Z,286.612,286.522,200,4,absent,KIX,true
v1,measured,846,2026-10-09T07:46:09.281Z,49.037,48.933,200,6284,HIT,HKG,true
v0,measured,844,2026-10-09T07:46:09.080Z,289.012,288.895,200,4,absent,KIX,true
v0,measured,845,2026-10-09T07:46:09.180Z,222.047,221.952,200,4,absent,HKG,true
v1,measured,847,2026-10-09T07:46:09.381Z,46.935,46.816,200,6284,HIT,HKG,true
v1,measured,848,2026-10-09T07:46:09.482Z,47.629,47.436,200,6284,HIT,HKG,true
v0,measured,846,2026-10-09T07:46:09.281Z,310.058,309.964,200,4,absent,NRT,true
v1,measured,849,2026-10-09T07:46:09.581Z,46.296,46.201,200,6284,HIT,HKG,true
v0,measured,847,2026-10-09T07:46:09.382Z,289.542,289.308,200,4,absent,KIX,true
v1,measured,850,2026-10-09T07:46:09.680Z,46.882,46.664,200,6284,HIT,HKG,true
v0,measured,848,2026-10-09T07:46:09.482Z,312.118,312.026,200,4,absent,KIX,true
v0,measured,849,2026-10-09T07:46:09.581Z,226.297,226.214,200,4,absent,HKG,true
v1,measured,851,2026-10-09T07:46:09.780Z,44.959,44.862,200,6284,HIT,HKG,true
v1,measured,852,2026-10-09T07:46:09.881Z,48.276,48.113,200,6284,HIT,HKG,true
v0,measured,850,2026-10-09T07:46:09.680Z,333.249,333.127,200,4,absent,NRT,true
v1,measured,853,2026-10-09T07:46:09.979Z,46.487,46.381,200,6284,HIT,HKG,true
v1,measured,854,2026-10-09T07:46:10.082Z,49.071,48.984,200,6284,HIT,HKG,true
v0,measured,852,2026-10-09T07:46:09.881Z,315.199,315.087,200,4,absent,KIX,true
v0,measured,851,2026-10-09T07:46:09.780Z,430.276,430.188,200,4,absent,KIX,true
v0,measured,853,2026-10-09T07:46:09.980Z,231.469,231.399,200,4,absent,HKG,true
v1,measured,855,2026-10-09T07:46:10.181Z,46.618,46.540,200,6284,HIT,HKG,true
v1,measured,856,2026-10-09T07:46:10.280Z,46.311,46.120,200,6284,HIT,HKG,true
v0,measured,854,2026-10-09T07:46:10.082Z,301.274,301.091,200,4,absent,NRT,true
v1,measured,857,2026-10-09T07:46:10.379Z,47.583,47.467,200,6284,HIT,HKG,true
v1,measured,858,2026-10-09T07:46:10.482Z,48.750,48.635,200,6284,HIT,HKG,true
v0,measured,855,2026-10-09T07:46:10.181Z,359.135,358.998,200,4,absent,HKG,true
v0,measured,856,2026-10-09T07:46:10.280Z,287.910,287.787,200,4,absent,KIX,true
v1,measured,859,2026-10-09T07:46:10.579Z,45.820,45.660,200,6284,HIT,HKG,true
v0,measured,857,2026-10-09T07:46:10.379Z,324.443,324.360,200,4,absent,KIX,true
v1,measured,860,2026-10-09T07:46:10.682Z,47.939,47.718,200,6284,HIT,HKG,true
v0,measured,858,2026-10-09T07:46:10.482Z,293.272,293.172,200,4,absent,NRT,true
v1,measured,861,2026-10-09T07:46:10.781Z,48.224,48.062,200,6284,HIT,HKG,true
v0,measured,859,2026-10-09T07:46:10.580Z,298.665,298.587,200,4,absent,KIX,true
v0,measured,860,2026-10-09T07:46:10.682Z,208.823,208.739,200,4,absent,HKG,true
v1,measured,862,2026-10-09T07:46:10.880Z,46.096,45.973,200,6284,HIT,HKG,true
v1,measured,863,2026-10-09T07:46:10.981Z,48.033,47.788,200,6284,HIT,HKG,true
v0,measured,861,2026-10-09T07:46:10.781Z,301.875,301.770,200,4,absent,NRT,true
v1,measured,864,2026-10-09T07:46:11.082Z,49.497,49.358,200,6284,HIT,HKG,true
v0,measured,862,2026-10-09T07:46:10.880Z,289.307,289.139,200,4,absent,KIX,true
v1,measured,865,2026-10-09T07:46:11.181Z,48.297,48.143,200,6284,HIT,HKG,true
v0,measured,863,2026-10-09T07:46:10.982Z,290.605,290.490,200,4,absent,KIX,true
v0,measured,864,2026-10-09T07:46:11.082Z,213.038,212.946,200,4,absent,HKG,true
v1,measured,866,2026-10-09T07:46:11.280Z,49.504,49.010,200,6284,HIT,HKG,true
v1,measured,867,2026-10-09T07:46:11.381Z,46.358,46.266,200,6284,HIT,HKG,true
v0,measured,865,2026-10-09T07:46:11.182Z,301.145,301.046,200,4,absent,NRT,true
v1,measured,868,2026-10-09T07:46:11.481Z,52.522,52.425,200,6284,HIT,HKG,true
v0,measured,866,2026-10-09T07:46:11.280Z,312.656,312.527,200,4,absent,KIX,true
v1,measured,869,2026-10-09T07:46:11.582Z,53.538,53.435,200,6284,HIT,HKG,true
v0,measured,867,2026-10-09T07:46:11.381Z,301.885,301.800,200,4,absent,KIX,true
v0,measured,868,2026-10-09T07:46:11.480Z,228.519,228.361,200,4,absent,HKG,true
v1,measured,870,2026-10-09T07:46:11.681Z,48.995,48.878,200,6284,HIT,HKG,true
v1,measured,871,2026-10-09T07:46:11.781Z,48.843,48.688,200,6284,HIT,HKG,true
v0,measured,869,2026-10-09T07:46:11.582Z,294.608,294.501,200,4,absent,NRT,true
v1,measured,872,2026-10-09T07:46:11.881Z,50.814,50.687,200,6284,HIT,HKG,true
v0,measured,870,2026-10-09T07:46:11.681Z,289.641,289.532,200,4,absent,KIX,true
v1,measured,873,2026-10-09T07:46:11.982Z,46.342,46.230,200,6284,HIT,HKG,true
v0,measured,871,2026-10-09T07:46:11.782Z,292.416,292.326,200,4,absent,KIX,true
v1,measured,874,2026-10-09T07:46:12.081Z,48.676,48.535,200,6284,HIT,HKG,true
v0,measured,872,2026-10-09T07:46:11.881Z,299.336,299.214,200,4,absent,NRT,true
v1,measured,875,2026-10-09T07:46:12.180Z,46.987,46.892,200,6284,HIT,HKG,true
v0,measured,873,2026-10-09T07:46:11.983Z,303.163,303.040,200,4,absent,KIX,true
v1,measured,876,2026-10-09T07:46:12.281Z,46.640,46.549,200,6284,HIT,HKG,true
v0,measured,874,2026-10-09T07:46:12.081Z,300.297,300.137,200,4,absent,KIX,true
v1,measured,877,2026-10-09T07:46:12.380Z,49.638,49.472,200,6284,HIT,HKG,true
v0,measured,876,2026-10-09T07:46:12.281Z,207.344,207.240,200,4,absent,HKG,true
v0,measured,875,2026-10-09T07:46:12.181Z,319.028,318.813,200,4,absent,NRT,true
v1,measured,878,2026-10-09T07:46:12.481Z,46.761,46.663,200,6284,HIT,HKG,true
v1,measured,879,2026-10-09T07:46:12.581Z,52.458,52.364,200,6284,HIT,HKG,true
v0,measured,877,2026-10-09T07:46:12.380Z,285.966,285.872,200,4,absent,KIX,true
v1,measured,880,2026-10-09T07:46:12.682Z,49.622,49.452,200,6284,HIT,HKG,true
v0,measured,878,2026-10-09T07:46:12.480Z,311.669,311.558,200,4,absent,KIX,true
v1,measured,881,2026-10-09T07:46:12.780Z,48.585,48.413,200,6284,HIT,HKG,true
v0,measured,879,2026-10-09T07:46:12.582Z,305.218,305.117,200,4,absent,NRT,true
v1,measured,882,2026-10-09T07:46:12.882Z,50.551,49.603,200,6284,HIT,HKG,true
v0,measured,880,2026-10-09T07:46:12.681Z,286.711,286.607,200,4,absent,KIX,true
v0,measured,881,2026-10-09T07:46:12.781Z,212.875,212.773,200,4,absent,HKG,true
v1,measured,883,2026-10-09T07:46:12.980Z,53.677,53.511,200,6284,HIT,HKG,true
v1,measured,884,2026-10-09T07:46:13.082Z,49.013,48.862,200,6284,HIT,HKG,true
v0,measured,882,2026-10-09T07:46:12.882Z,288.482,288.383,200,4,absent,KIX,true
v1,measured,885,2026-10-09T07:46:13.181Z,46.296,46.164,200,6284,HIT,HKG,true
v0,measured,883,2026-10-09T07:46:12.980Z,289.490,289.393,200,4,absent,NRT,true
v1,measured,886,2026-10-09T07:46:13.281Z,50.401,50.121,200,6284,HIT,HKG,true
v0,measured,884,2026-10-09T07:46:13.082Z,298.541,298.439,200,4,absent,KIX,true
v1,measured,887,2026-10-09T07:46:13.380Z,46.806,46.704,200,6284,HIT,HKG,true
v0,measured,885,2026-10-09T07:46:13.181Z,330.090,329.991,200,4,absent,KIX,true
v1,measured,888,2026-10-09T07:46:13.482Z,49.165,49.052,200,6284,UPDATING,HKG,true
v0,measured,886,2026-10-09T07:46:13.280Z,310.830,310.689,200,4,absent,NRT,true
v1,measured,889,2026-10-09T07:46:13.581Z,49.209,49.077,200,6284,UPDATING,HKG,true
v0,measured,887,2026-10-09T07:46:13.381Z,291.641,291.517,200,4,absent,KIX,true
v0,measured,888,2026-10-09T07:46:13.481Z,239.188,239.036,200,4,absent,HKG,true
v1,measured,890,2026-10-09T07:46:13.682Z,49.813,49.704,200,6284,HIT,HKG,true
v1,measured,891,2026-10-09T07:46:13.782Z,46.797,46.689,200,6284,HIT,HKG,true
v0,measured,889,2026-10-09T07:46:13.581Z,302.186,302.093,200,4,absent,KIX,true
v1,measured,892,2026-10-09T07:46:13.880Z,54.561,54.456,200,6284,HIT,HKG,true
v0,measured,890,2026-10-09T07:46:13.681Z,292.546,292.451,200,4,absent,NRT,true
v1,measured,893,2026-10-09T07:46:13.980Z,52.508,52.413,200,6284,HIT,HKG,true
v0,measured,891,2026-10-09T07:46:13.782Z,311.216,311.110,200,4,absent,KIX,true
v0,measured,892,2026-10-09T07:46:13.880Z,244.251,244.139,200,4,absent,HKG,true
v1,measured,894,2026-10-09T07:46:14.081Z,49.593,49.493,200,6284,HIT,HKG,true
v1,measured,895,2026-10-09T07:46:14.180Z,46.899,46.794,200,6284,HIT,HKG,true
v0,measured,893,2026-10-09T07:46:13.980Z,302.944,302.830,200,4,absent,NRT,true
v1,measured,896,2026-10-09T07:46:14.282Z,46.185,46.091,200,6284,HIT,HKG,true
v0,measured,894,2026-10-09T07:46:14.081Z,308.941,308.831,200,4,absent,KIX,true
v1,measured,897,2026-10-09T07:46:14.381Z,47.004,46.842,200,6284,HIT,HKG,true
v0,measured,895,2026-10-09T07:46:14.181Z,302.951,302.859,200,4,absent,KIX,true
v0,measured,896,2026-10-09T07:46:14.282Z,218.188,218.102,200,4,absent,HKG,true
v1,measured,898,2026-10-09T07:46:14.482Z,51.097,50.960,200,6284,HIT,HKG,true
v1,measured,899,2026-10-09T07:46:14.582Z,52.198,52.085,200,6284,HIT,HKG,true
v0,measured,897,2026-10-09T07:46:14.381Z,284.081,283.990,200,4,absent,NRT,true
v1,measured,900,2026-10-09T07:46:14.681Z,48.806,48.700,200,6284,HIT,HKG,true
v0,measured,898,2026-10-09T07:46:14.481Z,289.926,289.815,200,4,absent,KIX,true
v1,measured,901,2026-10-09T07:46:14.781Z,46.654,46.553,200,6284,HIT,HKG,true
v0,measured,899,2026-10-09T07:46:14.582Z,313.414,313.301,200,4,absent,KIX,true
v1,measured,902,2026-10-09T07:46:14.882Z,47.641,47.426,200,6284,HIT,HKG,true
v0,measured,900,2026-10-09T07:46:14.680Z,293.382,293.279,200,4,absent,NRT,true
v1,measured,903,2026-10-09T07:46:14.979Z,47.736,47.604,200,6284,HIT,HKG,true
v0,measured,901,2026-10-09T07:46:14.782Z,312.224,312.136,200,4,absent,KIX,true
v1,measured,904,2026-10-09T07:46:15.081Z,49.233,48.999,200,6284,HIT,HKG,true
v0,measured,902,2026-10-09T07:46:14.881Z,261.234,261.149,200,4,absent,HKG,true
v1,measured,905,2026-10-09T07:46:15.180Z,51.615,51.505,200,6284,HIT,HKG,true
v0,measured,903,2026-10-09T07:46:14.980Z,307.718,307.626,200,4,absent,NRT,true
v1,measured,906,2026-10-09T07:46:15.281Z,51.109,50.921,200,6284,HIT,HKG,true
v0,measured,904,2026-10-09T07:46:15.080Z,302.528,302.467,200,4,absent,KIX,true
v1,measured,907,2026-10-09T07:46:15.381Z,48.216,48.118,200,6284,HIT,HKG,true
v0,measured,905,2026-10-09T07:46:15.180Z,310.812,310.714,200,4,absent,KIX,true
v0,measured,906,2026-10-09T07:46:15.280Z,214.634,214.551,200,4,absent,HKG,true
v1,measured,908,2026-10-09T07:46:15.482Z,47.438,47.321,200,6284,HIT,HKG,true
v1,measured,909,2026-10-09T07:46:15.581Z,47.149,47.033,200,6284,HIT,HKG,true
v0,measured,907,2026-10-09T07:46:15.382Z,304.647,304.550,200,4,absent,NRT,true
v1,measured,910,2026-10-09T07:46:15.681Z,47.606,47.510,200,6284,HIT,HKG,true
v0,measured,908,2026-10-09T07:46:15.481Z,310.479,310.349,200,4,absent,KIX,true
v1,measured,911,2026-10-09T07:46:15.782Z,50.538,50.335,200,6284,HIT,HKG,true
v0,measured,909,2026-10-09T07:46:15.582Z,302.861,302.759,200,4,absent,KIX,true
v0,measured,910,2026-10-09T07:46:15.680Z,225.745,225.655,200,4,absent,HKG,true
v1,measured,912,2026-10-09T07:46:15.882Z,51.588,51.479,200,6284,HIT,HKG,true
v1,measured,913,2026-10-09T07:46:15.983Z,49.822,49.729,200,6284,HIT,HKG,true
v0,measured,911,2026-10-09T07:46:15.783Z,291.804,291.718,200,4,absent,NRT,true
v1,measured,914,2026-10-09T07:46:16.080Z,52.600,52.444,200,6284,HIT,HKG,true
v0,measured,912,2026-10-09T07:46:15.881Z,300.215,300.001,200,4,absent,KIX,true
v1,measured,915,2026-10-09T07:46:16.180Z,46.799,46.677,200,6284,HIT,HKG,true
v0,measured,913,2026-10-09T07:46:15.983Z,286.197,286.102,200,4,absent,KIX,true
v1,measured,916,2026-10-09T07:46:16.283Z,48.465,48.297,200,6284,HIT,HKG,true
v0,measured,914,2026-10-09T07:46:16.080Z,307.894,307.801,200,4,absent,NRT,true
v0,measured,915,2026-10-09T07:46:16.180Z,225.613,225.533,200,4,absent,HKG,true
v1,measured,917,2026-10-09T07:46:16.382Z,49.386,49.197,200,6284,HIT,HKG,true
v1,measured,918,2026-10-09T07:46:16.482Z,47.034,46.938,200,6284,HIT,HKG,true
v0,measured,916,2026-10-09T07:46:16.282Z,302.232,302.145,200,4,absent,KIX,true
v1,measured,919,2026-10-09T07:46:16.582Z,47.267,47.138,200,6284,HIT,HKG,true
v0,measured,917,2026-10-09T07:46:16.383Z,305.764,305.666,200,4,absent,KIX,true
v1,measured,920,2026-10-09T07:46:16.682Z,46.803,46.565,200,6284,HIT,HKG,true
v0,measured,918,2026-10-09T07:46:16.482Z,287.276,287.163,200,4,absent,NRT,true
v0,measured,919,2026-10-09T07:46:16.583Z,213.712,213.619,200,4,absent,HKG,true
v1,measured,921,2026-10-09T07:46:16.782Z,45.626,45.519,200,6284,HIT,HKG,true
v1,measured,922,2026-10-09T07:46:16.881Z,48.171,48.069,200,6284,HIT,HKG,true
v1,measured,923,2026-10-09T07:46:16.982Z,51.079,50.989,200,6284,HIT,HKG,true
v0,measured,921,2026-10-09T07:46:16.782Z,285.786,285.680,200,4,absent,NRT,true
v1,measured,924,2026-10-09T07:46:17.081Z,49.025,48.800,200,6284,HIT,HKG,true
v0,measured,920,2026-10-09T07:46:16.681Z,455.380,455.290,200,4,absent,KIX,true
v0,measured,922,2026-10-09T07:46:16.881Z,300.082,299.987,200,4,absent,KIX,true
v0,measured,923,2026-10-09T07:46:16.982Z,216.027,215.946,200,4,absent,HKG,true
v1,measured,925,2026-10-09T07:46:17.181Z,47.785,47.684,200,6284,HIT,HKG,true
v1,measured,926,2026-10-09T07:46:17.281Z,47.588,47.434,200,6284,HIT,HKG,true
v0,measured,924,2026-10-09T07:46:17.080Z,289.773,289.604,200,4,absent,NRT,true
v1,measured,927,2026-10-09T07:46:17.382Z,49.769,49.669,200,6284,HIT,HKG,true
v0,measured,925,2026-10-09T07:46:17.181Z,301.232,301.038,200,4,absent,KIX,true
v1,measured,928,2026-10-09T07:46:17.483Z,48.135,47.734,200,6284,HIT,HKG,true
v0,measured,926,2026-10-09T07:46:17.280Z,312.296,312.153,200,4,absent,KIX,true
v1,measured,929,2026-10-09T07:46:17.581Z,50.176,50.073,200,6284,HIT,HKG,true
v0,measured,927,2026-10-09T07:46:17.383Z,285.111,284.994,200,4,absent,NRT,true
v1,measured,930,2026-10-09T07:46:17.679Z,48.130,47.953,200,6284,HIT,HKG,true
v0,measured,928,2026-10-09T07:46:17.483Z,298.698,298.591,200,4,absent,KIX,true
v0,measured,929,2026-10-09T07:46:17.581Z,214.940,214.844,200,4,absent,HKG,true
v1,measured,931,2026-10-09T07:46:17.782Z,47.641,47.465,200,6284,HIT,HKG,true
v1,measured,932,2026-10-09T07:46:17.882Z,49.459,49.368,200,6284,HIT,HKG,true
v0,measured,930,2026-10-09T07:46:17.679Z,298.224,298.055,200,4,absent,NRT,true
v1,measured,933,2026-10-09T07:46:17.979Z,50.273,50.185,200,6284,HIT,HKG,true
v0,measured,931,2026-10-09T07:46:17.782Z,289.893,289.832,200,4,absent,KIX,true
v1,measured,934,2026-10-09T07:46:18.082Z,47.244,47.124,200,6284,HIT,HKG,true
v0,measured,932,2026-10-09T07:46:17.882Z,288.051,287.963,200,4,absent,KIX,true
v1,measured,935,2026-10-09T07:46:18.180Z,49.442,49.254,200,6284,HIT,HKG,true
v0,measured,933,2026-10-09T07:46:17.980Z,294.596,294.504,200,4,absent,NRT,true
v1,measured,936,2026-10-09T07:46:18.282Z,47.764,47.595,200,6284,HIT,HKG,true
v0,measured,934,2026-10-09T07:46:18.082Z,299.334,299.167,200,4,absent,KIX,true
v1,measured,937,2026-10-09T07:46:18.381Z,47.694,46.411,200,6284,HIT,HKG,true
v0,measured,935,2026-10-09T07:46:18.181Z,302.498,302.389,200,4,absent,KIX,true
v1,measured,938,2026-10-09T07:46:18.482Z,46.675,46.457,200,6284,HIT,HKG,true
v0,measured,936,2026-10-09T07:46:18.282Z,294.997,294.896,200,4,absent,NRT,true
v1,measured,939,2026-10-09T07:46:18.579Z,46.983,46.882,200,6284,HIT,HKG,true
v0,measured,937,2026-10-09T07:46:18.382Z,301.001,300.871,200,4,absent,KIX,true
v0,measured,938,2026-10-09T07:46:18.481Z,218.352,218.260,200,4,absent,HKG,true
v1,measured,940,2026-10-09T07:46:18.680Z,49.975,49.879,200,6284,UPDATING,HKG,true
v1,measured,941,2026-10-09T07:46:18.781Z,50.944,50.701,200,6284,UPDATING,HKG,true
v0,measured,939,2026-10-09T07:46:18.580Z,293.484,293.392,200,4,absent,NRT,true
v1,measured,942,2026-10-09T07:46:18.882Z,50.156,49.969,200,6284,HIT,HKG,true
v0,measured,940,2026-10-09T07:46:18.680Z,287.734,287.650,200,4,absent,KIX,true
v1,measured,943,2026-10-09T07:46:18.981Z,47.131,46.991,200,6284,HIT,HKG,true
v0,measured,941,2026-10-09T07:46:18.782Z,301.465,301.371,200,4,absent,KIX,true
v1,measured,944,2026-10-09T07:46:19.082Z,47.601,47.504,200,6284,HIT,HKG,true
v0,measured,942,2026-10-09T07:46:18.882Z,287.760,287.674,200,4,absent,NRT,true
v1,measured,945,2026-10-09T07:46:19.182Z,45.518,45.415,200,6284,HIT,HKG,true
v0,measured,943,2026-10-09T07:46:18.981Z,303.448,303.358,200,4,absent,KIX,true
v0,measured,944,2026-10-09T07:46:19.082Z,237.526,237.397,200,4,absent,HKG,true
v1,measured,946,2026-10-09T07:46:19.281Z,49.406,49.199,200,6284,HIT,HKG,true
v1,measured,947,2026-10-09T07:46:19.382Z,52.067,51.970,200,6284,HIT,HKG,true
v0,measured,945,2026-10-09T07:46:19.183Z,300.377,300.284,200,4,absent,NRT,true
v1,measured,948,2026-10-09T07:46:19.483Z,49.764,47.426,200,6284,HIT,HKG,true
v0,measured,946,2026-10-09T07:46:19.281Z,287.514,287.433,200,4,absent,KIX,true
v1,measured,949,2026-10-09T07:46:19.582Z,53.437,53.343,200,6284,HIT,HKG,true
v0,measured,947,2026-10-09T07:46:19.382Z,287.294,287.151,200,4,absent,KIX,true
v0,measured,948,2026-10-09T07:46:19.482Z,227.179,227.090,200,4,absent,HKG,true
v1,measured,950,2026-10-09T07:46:19.681Z,49.486,49.395,200,6284,HIT,HKG,true
v1,measured,951,2026-10-09T07:46:19.781Z,49.282,49.078,200,6284,HIT,HKG,true
v0,measured,949,2026-10-09T07:46:19.582Z,296.370,296.285,200,4,absent,NRT,true
v1,measured,952,2026-10-09T07:46:19.880Z,46.651,46.547,200,6284,HIT,HKG,true
v0,measured,950,2026-10-09T07:46:19.680Z,310.920,310.841,200,4,absent,KIX,true
v1,measured,953,2026-10-09T07:46:19.981Z,49.786,49.702,200,6284,HIT,HKG,true
v0,measured,951,2026-10-09T07:46:19.781Z,299.011,298.859,200,4,absent,KIX,true
v1,measured,954,2026-10-09T07:46:20.081Z,51.180,50.698,200,6284,HIT,HKG,true
v0,measured,952,2026-10-09T07:46:19.880Z,285.384,285.275,200,4,absent,NRT,true
v0,measured,953,2026-10-09T07:46:19.981Z,216.552,216.460,200,4,absent,HKG,true
v1,measured,955,2026-10-09T07:46:20.181Z,47.473,47.370,200,6284,HIT,HKG,true
v1,measured,956,2026-10-09T07:46:20.282Z,49.199,49.065,200,6284,HIT,HKG,true
v0,measured,954,2026-10-09T07:46:20.080Z,307.964,307.848,200,4,absent,KIX,true
v1,measured,957,2026-10-09T07:46:20.381Z,49.431,49.334,200,6284,HIT,HKG,true
v0,measured,955,2026-10-09T07:46:20.181Z,288.363,288.273,200,4,absent,NRT,true
v1,measured,958,2026-10-09T07:46:20.482Z,47.785,47.609,200,6284,HIT,HKG,true
v0,measured,956,2026-10-09T07:46:20.282Z,288.744,288.593,200,4,absent,KIX,true
v0,measured,957,2026-10-09T07:46:20.381Z,219.953,219.870,200,4,absent,HKG,true
v1,measured,959,2026-10-09T07:46:20.581Z,50.128,50.030,200,6284,HIT,HKG,true
v1,measured,960,2026-10-09T07:46:20.682Z,46.656,46.540,200,6284,HIT,HKG,true
v0,measured,958,2026-10-09T07:46:20.482Z,291.561,291.457,200,4,absent,NRT,true
v1,measured,961,2026-10-09T07:46:20.782Z,50.471,50.235,200,6284,HIT,HKG,true
v0,measured,959,2026-10-09T07:46:20.581Z,287.822,287.730,200,4,absent,KIX,true
v1,measured,962,2026-10-09T07:46:20.881Z,48.594,48.475,200,6284,HIT,HKG,true
v0,measured,960,2026-10-09T07:46:20.681Z,288.544,288.380,200,4,absent,KIX,true
v1,measured,963,2026-10-09T07:46:20.981Z,51.271,51.147,200,6284,HIT,HKG,true
v0,measured,961,2026-10-09T07:46:20.783Z,308.857,308.614,200,4,absent,NRT,true
v1,measured,964,2026-10-09T07:46:21.081Z,47.200,47.088,200,6284,HIT,HKG,true
v0,measured,962,2026-10-09T07:46:20.881Z,315.342,315.236,200,4,absent,KIX,true
v1,measured,965,2026-10-09T07:46:21.181Z,47.195,47.067,200,6284,HIT,HKG,true
v0,measured,963,2026-10-09T07:46:20.982Z,279.786,279.656,200,4,absent,KIX,true
v0,measured,964,2026-10-09T07:46:21.081Z,213.927,213.826,200,4,absent,HKG,true
v1,measured,966,2026-10-09T07:46:21.280Z,50.526,50.254,200,6284,HIT,HKG,true
v1,measured,967,2026-10-09T07:46:21.381Z,49.381,49.219,200,6284,HIT,HKG,true
v0,measured,965,2026-10-09T07:46:21.181Z,287.064,286.973,200,4,absent,NRT,true
v1,measured,968,2026-10-09T07:46:21.481Z,51.541,51.435,200,6284,HIT,HKG,true
v0,measured,966,2026-10-09T07:46:21.280Z,305.683,305.604,200,4,absent,KIX,true
v1,measured,969,2026-10-09T07:46:21.581Z,49.364,49.270,200,6284,HIT,HKG,true
v0,measured,967,2026-10-09T07:46:21.381Z,313.051,312.253,200,4,absent,KIX,true
v1,measured,970,2026-10-09T07:46:21.682Z,52.236,52.068,200,6284,HIT,HKG,true
v0,measured,968,2026-10-09T07:46:21.481Z,295.233,295.134,200,4,absent,NRT,true
v0,measured,969,2026-10-09T07:46:21.582Z,242.088,241.999,200,4,absent,HKG,true
v1,measured,971,2026-10-09T07:46:21.781Z,50.313,50.125,200,6284,HIT,HKG,true
v1,measured,972,2026-10-09T07:46:21.881Z,47.770,47.590,200,6284,HIT,HKG,true
v0,measured,970,2026-10-09T07:46:21.681Z,287.163,287.083,200,4,absent,KIX,true
v1,measured,973,2026-10-09T07:46:21.981Z,50.250,50.139,200,6284,HIT,HKG,true
v0,measured,971,2026-10-09T07:46:21.781Z,294.607,294.513,200,4,absent,NRT,true
v1,measured,974,2026-10-09T07:46:22.081Z,48.285,48.194,200,6284,HIT,HKG,true
v0,measured,972,2026-10-09T07:46:21.880Z,286.046,285.960,200,4,absent,KIX,true
v1,measured,975,2026-10-09T07:46:22.181Z,52.560,52.447,200,6284,HIT,HKG,true
v0,measured,973,2026-10-09T07:46:21.981Z,310.259,310.084,200,4,absent,KIX,true
v1,measured,976,2026-10-09T07:46:22.282Z,47.334,47.249,200,6284,HIT,HKG,true
v0,measured,974,2026-10-09T07:46:22.081Z,288.976,288.814,200,4,absent,NRT,true
v1,measured,977,2026-10-09T07:46:22.381Z,46.709,46.535,200,6284,HIT,HKG,true
v0,measured,975,2026-10-09T07:46:22.182Z,301.701,301.483,200,4,absent,KIX,true
v0,measured,976,2026-10-09T07:46:22.281Z,221.042,220.910,200,4,absent,HKG,true
v1,measured,978,2026-10-09T07:46:22.482Z,49.145,47.373,200,6284,HIT,HKG,true
v1,measured,979,2026-10-09T07:46:22.581Z,48.697,48.541,200,6284,HIT,HKG,true
v0,measured,977,2026-10-09T07:46:22.382Z,289.547,289.410,200,4,absent,NRT,true
v1,measured,980,2026-10-09T07:46:22.679Z,49.710,49.595,200,6284,HIT,HKG,true
v0,measured,978,2026-10-09T07:46:22.481Z,289.021,288.935,200,4,absent,KIX,true
v1,measured,981,2026-10-09T07:46:22.782Z,49.480,49.337,200,6284,HIT,HKG,true
v0,measured,979,2026-10-09T07:46:22.582Z,309.202,309.062,200,4,absent,KIX,true
v1,measured,982,2026-10-09T07:46:22.883Z,47.434,47.337,200,6284,HIT,HKG,true
v0,measured,980,2026-10-09T07:46:22.679Z,301.755,301.670,200,4,absent,NRT,true
v1,measured,983,2026-10-09T07:46:22.981Z,45.126,45.028,200,6284,HIT,HKG,true
v0,measured,981,2026-10-09T07:46:22.783Z,312.394,312.344,200,4,absent,KIX,true
v0,measured,982,2026-10-09T07:46:22.882Z,216.426,216.296,200,4,absent,HKG,true
v1,measured,984,2026-10-09T07:46:23.080Z,48.905,48.809,200,6284,HIT,HKG,true
v1,measured,985,2026-10-09T07:46:23.181Z,48.441,48.269,200,6284,HIT,HKG,true
v0,measured,983,2026-10-09T07:46:22.981Z,301.632,301.481,200,4,absent,NRT,true
v1,measured,986,2026-10-09T07:46:23.281Z,48.818,48.690,200,6284,HIT,HKG,true
v0,measured,984,2026-10-09T07:46:23.080Z,301.928,301.745,200,4,absent,KIX,true
v1,measured,987,2026-10-09T07:46:23.382Z,47.114,47.059,200,6284,HIT,HKG,true
v0,measured,985,2026-10-09T07:46:23.182Z,301.502,301.450,200,4,absent,KIX,true
v0,measured,986,2026-10-09T07:46:23.281Z,203.348,203.329,200,4,absent,HKG,true
v1,measured,988,2026-10-09T07:46:23.482Z,48.082,48.013,200,6284,HIT,HKG,true
v1,measured,989,2026-10-09T07:46:23.580Z,50.295,50.196,200,6284,HIT,HKG,true
v0,measured,987,2026-10-09T07:46:23.382Z,297.698,297.577,200,4,absent,NRT,true
v1,measured,990,2026-10-09T07:46:23.681Z,47.830,47.691,200,6284,HIT,HKG,true
v0,measured,988,2026-10-09T07:46:23.482Z,298.274,298.196,200,4,absent,KIX,true
v1,measured,991,2026-10-09T07:46:23.780Z,48.400,48.287,200,6284,HIT,HKG,true
v0,measured,989,2026-10-09T07:46:23.580Z,297.927,297.834,200,4,absent,KIX,true
v1,measured,992,2026-10-09T07:46:23.881Z,49.575,49.425,200,6284,UPDATING,HKG,true
v0,measured,990,2026-10-09T07:46:23.680Z,294.166,294.091,200,4,absent,NRT,true
v1,measured,993,2026-10-09T07:46:23.981Z,50.498,50.315,200,6284,UPDATING,HKG,true
v0,measured,991,2026-10-09T07:46:23.780Z,301.581,301.443,200,4,absent,KIX,true
v1,measured,994,2026-10-09T07:46:24.082Z,49.197,49.094,200,6284,HIT,HKG,true
v0,measured,992,2026-10-09T07:46:23.880Z,298.490,298.379,200,4,absent,KIX,true
v1,measured,995,2026-10-09T07:46:24.179Z,57.932,57.838,200,6284,HIT,HKG,true
v0,measured,993,2026-10-09T07:46:23.981Z,302.528,302.427,200,4,absent,NRT,true
v1,measured,996,2026-10-09T07:46:24.280Z,50.018,49.892,200,6284,HIT,HKG,true
v0,measured,994,2026-10-09T07:46:24.082Z,308.835,308.755,200,4,absent,KIX,true
v1,measured,997,2026-10-09T07:46:24.381Z,51.996,51.835,200,6284,HIT,HKG,true
v0,measured,995,2026-10-09T07:46:24.179Z,287.863,287.784,200,4,absent,KIX,true
v0,measured,996,2026-10-09T07:46:24.280Z,215.978,215.822,200,4,absent,HKG,true
v1,measured,998,2026-10-09T07:46:24.482Z,52.547,52.413,200,6284,HIT,HKG,true
v1,measured,999,2026-10-09T07:46:24.582Z,51.473,51.207,200,6284,HIT,HKG,true
v0,measured,997,2026-10-09T07:46:24.381Z,297.035,296.919,200,4,absent,NRT,true
v0,measured,998,2026-10-09T07:46:24.482Z,294.390,294.285,200,4,absent,KIX,true
v0,measured,999,2026-10-09T07:46:24.583Z,309.649,309.551,200,4,absent,KIX,true
